folio,estatus,ubicacion_actual,responsable,tipo_persona,persona,cliente,fecha_uso,foto,proformas,estatus_proforma,facturada,facturas
CFDI-2026-008793,UTILIZADO,COMPROBADA / UTILIZADA,MARLENE MIRANDA,OPERADOR,VALENZUELA VERDUZCO RICARDO,ITT CT,2026-09-25,SI,,,NO,
CFDI-2026-009999,UTILIZADO,COMPROBADA / UTILIZADA,MARLENE MIRANDA,OPERADOR,VALENZUELA VERDUZCO RICARDO,ITT CT,2026-09-25,SI,,,NO,
CFDI-2026-011212,UTILIZADO,COMPROBADA / UTILIZADA,MARLENE MIRANDA,BENEFICIARIO,ISIS SOTO,WEISER LOCK MEXICO,2026-10-02,SI,,,NO,
CFDI-2026-011215,UTILIZADO,COMPROBADA / UTILIZADA,MARLENE MIRANDA,BENEFICIARIO,ISIS SOTO,HUMANSCALE,2026-10-02,SI,,,NO,
CFDI-2026-011218,UTILIZADO,COMPROBADA / UTILIZADA,MARLENE MIRANDA,BENEFICIARIO,ISIS SOTO,PRODUCTOS PARA EL CUIDADO DE LA SALUD,2026-10-02,SI,,,NO,
CFDI-2026-011226,UTILIZADO,COMPROBADA / UTILIZADA,MARLENE MIRANDA,BENEFICIARIO,ISIS SOTO,INTEGRATED CABLE ASSEMBLY HOLDINGS,2026-10-01,SI,,,NO,
CFDI-2026-011227,UTILIZADO,COMPROBADA / UTILIZADA,MARLENE MIRANDA,BENEFICIARIO,ISIS SOTO,AMPHENOL OPTIMIZE MEXICO,2026-10-02,SI,,,NO,
CFDI-2026-011602,UTILIZADO,COMPROBADA / UTILIZADA,MARLENE MIRANDA,OPERADOR,ARVIZU VAZQUEZ MARIO ALBERTO,ITT ICS,2026-09-22,NO,,,NO,
CFDI-2026-011603,UTILIZADO,COMPROBADA / UTILIZADA,MARLENE MIRANDA,OPERADOR,ARVIZU VAZQUEZ MARIO ALBERTO,ITT CT,2026-09-22,NO,,,NO,
CFDI-2026-011604,ASIGNADO_OPERADOR,CON ARVIZU VAZQUEZ MARIO ALBERTO,MARLENE MIRANDA,OPERADOR,ARVIZU VAZQUEZ MARIO ALBERTO,,,NO,,,NO,
CFDI-2026-011605,UTILIZADO,COMPROBADA / UTILIZADA,MARLENE MIRANDA,OPERADOR,VALENZUELA VERDUZCO RICARDO,ITT ICS,2026-09-24,SI,,,NO,
CFDI-2026-011606,UTILIZADO,COMPROBADA / UTILIZADA,MARLENE MIRANDA,OPERADOR,VALENZUELA VERDUZCO RICARDO,ITT BIW,2026-09-24,SI,,,NO,
CFDI-2026-011607,UTILIZADO,COMPROBADA / UTILIZADA,MARLENE MIRANDA,OPERADOR,VALENZUELA VERDUZCO RICARDO,ITT CT,2026-09-23,SI,,,NO,
CFDI-2026-011608,ASIGNADO_OPERADOR,CON VALENZUELA LEON JUAN ANTONIO,MARLENE MIRANDA,OPERADOR,VALENZUELA LEON JUAN ANTONIO,,,NO,,,NO,
CFDI-2026-011609,ASIGNADO_OPERADOR,CON VALENZUELA LEON JUAN ANTONIO,MARLENE MIRANDA,OPERADOR,VALENZUELA LEON JUAN ANTONIO,,,NO,,,NO,
CFDI-2026-011610,ASIGNADO_OPERADOR,CON VALENZUELA LEON JUAN ANTONIO,MARLENE MIRANDA,OPERADOR,VALENZUELA LEON JUAN ANTONIO,,,NO,,,NO,
CFDI-2026-011611,ASIGNADO_OPERADOR,CON VALLES PARRA FRANCISCO,MARLENE MIRANDA,OPERADOR,VALLES PARRA FRANCISCO,,,NO,,,NO,
CFDI-2026-011612,UTILIZADO,COMPROBADA / UTILIZADA,MARLENE MIRANDA,BENEFICIARIO,ISIS SOTO,INTEGRATED CABLE ASSEMBLY HOLDINGS,2026-10-02,SI,,,NO,
CFDI-2026-011613,UTILIZADO,COMPROBADA / UTILIZADA,MARLENE MIRANDA,BENEFICIARIO,ISIS SOTO,PRODUCTOS PARA EL CUIDADO DE LA SALUD,2026-10-02,SI,,,NO,
CFDI-2026-011614,UTILIZADO,COMPROBADA / UTILIZADA,MARLENE MIRANDA,OPERADOR,LOPEZ VALENCIA ALEJANDRO,ITT BIW,2026-09-21,NO,,,NO,
CFDI-2026-011615,UTILIZADO,COMPROBADA / UTILIZADA,MARLENE MIRANDA,OPERADOR,LOPEZ VALENCIA ALEJANDRO,ITT CT,2026-09-22,NO,,,NO,
CFDI-2026-011616,UTILIZADO,COMPROBADA / UTILIZADA,MARLENE MIRANDA,OPERADOR,LOPEZ VALENCIA ALEJANDRO,ITT CT,2026-09-22,NO,,,NO,
CFDI-2026-011617,ASIGNADO_OPERADOR,CON ISIS SOTO,MARLENE MIRANDA,BENEFICIARIO,ISIS SOTO,,2026-09-29,NO,,,NO,
CFDI-2026-011618,ASIGNADO_OPERADOR,CON ISIS SOTO,MARLENE MIRANDA,BENEFICIARIO,ISIS SOTO,,2026-09-29,NO,,,NO,
CFDI-2026-011619,ASIGNADO_OPERADOR,CON ISIS SOTO,MARLENE MIRANDA,BENEFICIARIO,ISIS SOTO,,2026-09-29,NO,,,NO,
CFDI-2026-011620,ASIGNADO_OPERADOR,CON DELGADO SEDANO GABRIEL ADRIAN,MARLENE MIRANDA,OPERADOR,DELGADO SEDANO GABRIEL ADRIAN,,,NO,,,NO,
CFDI-2026-011621,ASIGNADO_OPERADOR,CON ISIS SOTO,MARLENE MIRANDA,BENEFICIARIO,ISIS SOTO,,2026-09-29,NO,,,NO,
CFDI-2026-011622,ASIGNADO_OPERADOR,CON ISIS SOTO,MARLENE MIRANDA,BENEFICIARIO,ISIS SOTO,,2026-09-29,NO,,,NO,
CFDI-2026-011623,ASIGNADO_OPERADOR,CON OSIRIS,MARLENE MIRANDA,OPERADOR,OSIRIS,,,NO,,,NO,
CFDI-2026-011624,ASIGNADO_OPERADOR,CON OSIRIS,MARLENE MIRANDA,OPERADOR,OSIRIS,,,NO,,,NO,
CFDI-2026-011625,ASIGNADO_OPERADOR,CON OSIRIS,MARLENE MIRANDA,OPERADOR,OSIRIS,,,NO,,,NO,
CFDI-2026-011626,ASIGNADO_OPERADOR,CON OSIRIS,MARLENE MIRANDA,OPERADOR,OSIRIS,,,NO,,,NO,
CFDI-2026-011627,ASIGNADO_OPERADOR,CON OSIRIS,MARLENE MIRANDA,OPERADOR,OSIRIS,,,NO,,,NO,
CFDI-2026-011628,ASIGNADO_OPERADOR,CON OSIRIS,MARLENE MIRANDA,OPERADOR,OSIRIS,,,NO,,,NO,
CFDI-2026-011629,ASIGNADO_OPERADOR,CON OSIRIS,MARLENE MIRANDA,OPERADOR,OSIRIS,,,NO,,,NO,
CFDI-2026-011630,ASIGNADO_OPERADOR,CON OSIRIS,MARLENE MIRANDA,OPERADOR,OSIRIS,,,NO,,,NO,
CFDI-2026-011631,ASIGNADO_OPERADOR,CON OSIRIS,MARLENE MIRANDA,OPERADOR,OSIRIS,,,NO,,,NO,
CFDI-2026-011632,ASIGNADO_OPERADOR,CON OSIRIS,MARLENE MIRANDA,OPERADOR,OSIRIS,,,NO,,,NO,
CFDI-2026-011633,ASIGNADO_OPERADOR,CON OSIRIS,MARLENE MIRANDA,OPERADOR,OSIRIS,,,NO,,,NO,
CFDI-2026-011634,ASIGNADO_OPERADOR,CON OSIRIS,MARLENE MIRANDA,OPERADOR,OSIRIS,,,NO,,,NO,
CFDI-2026-011635,ASIGNADO_OPERADOR,CON OSIRIS,MARLENE MIRANDA,OPERADOR,OSIRIS,,,NO,,,NO,
CFDI-2026-011636,ASIGNADO_OPERADOR,CON OSIRIS,MARLENE MIRANDA,OPERADOR,OSIRIS,,,NO,,,NO,
CFDI-2026-011637,ASIGNADO_OPERADOR,CON OSIRIS,MARLENE MIRANDA,OPERADOR,OSIRIS,,,NO,,,NO,
CFDI-2026-011638,ASIGNADO_OPERADOR,CON OSIRIS,MARLENE MIRANDA,OPERADOR,OSIRIS,,,NO,,,NO,
CFDI-2026-011639,ASIGNADO_OPERADOR,CON OSIRIS,MARLENE MIRANDA,OPERADOR,OSIRIS,,,NO,,,NO,
CFDI-2026-011640,ASIGNADO_OPERADOR,CON OSIRIS,MARLENE MIRANDA,OPERADOR,OSIRIS,,,NO,,,NO,
CFDI-2026-011641,ASIGNADO_OPERADOR,CON OSIRIS,MARLENE MIRANDA,OPERADOR,OSIRIS,,,NO,,,NO,
CFDI-2026-011642,ASIGNADO_OPERADOR,CON OSIRIS,MARLENE MIRANDA,OPERADOR,OSIRIS,,,NO,,,NO,
CFDI-2026-011643,ASIGNADO_OPERADOR,CON OSIRIS,MARLENE MIRANDA,OPERADOR,OSIRIS,,,NO,,,NO,
CFDI-2026-011644,ASIGNADO_OPERADOR,CON OSIRIS,MARLENE MIRANDA,OPERADOR,OSIRIS,,,NO,,,NO,
CFDI-2026-011645,ASIGNADO_OPERADOR,CON OSIRIS,MARLENE MIRANDA,OPERADOR,OSIRIS,,,NO,,,NO,
CFDI-2026-011646,ASIGNADO_OPERADOR,CON OSIRIS,MARLENE MIRANDA,OPERADOR,OSIRIS,,,NO,,,NO,
CFDI-2026-011647,ASIGNADO_OPERADOR,CON OSIRIS,MARLENE MIRANDA,OPERADOR,OSIRIS,,,NO,,,NO,
CFDI-2026-011648,ASIGNADO_OPERADOR,CON OSIRIS,MARLENE MIRANDA,OPERADOR,OSIRIS,,,NO,,,NO,
CFDI-2026-011649,ASIGNADO_OPERADOR,CON OSIRIS,MARLENE MIRANDA,OPERADOR,OSIRIS,,,NO,,,NO,
CFDI-2026-011650,ASIGNADO_OPERADOR,CON OSIRIS,MARLENE MIRANDA,OPERADOR,OSIRIS,,,NO,,,NO,
CFDI-2026-011651,ASIGNADO_OPERADOR,CON OSIRIS,MARLENE MIRANDA,OPERADOR,OSIRIS,,,NO,,,NO,
CFDI-2026-011652,ASIGNADO_OPERADOR,CON OSIRIS,MARLENE MIRANDA,OPERADOR,OSIRIS,,,NO,,,NO,
CFDI-2026-011653,ASIGNADO_OPERADOR,CON OSIRIS,MARLENE MIRANDA,OPERADOR,OSIRIS,,,NO,,,NO,
CFDI-2026-011654,ASIGNADO_OPERADOR,CON OSIRIS,MARLENE MIRANDA,OPERADOR,OSIRIS,,,NO,,,NO,
CFDI-2026-011655,ASIGNADO_OPERADOR,CON OSIRIS,MARLENE MIRANDA,OPERADOR,OSIRIS,,,NO,,,NO,
CFDI-2026-011656,ASIGNADO_OPERADOR,CON OSIRIS,MARLENE MIRANDA,OPERADOR,OSIRIS,,,NO,,,NO,
CFDI-2026-011657,ASIGNADO_OPERADOR,CON OSIRIS,MARLENE MIRANDA,OPERADOR,OSIRIS,,,NO,,,NO,
CFDI-2026-011658,ASIGNADO_OPERADOR,CON OSIRIS,MARLENE MIRANDA,OPERADOR,OSIRIS,,,NO,,,NO,
CFDI-2026-011659,ASIGNADO_OPERADOR,CON OSIRIS,MARLENE MIRANDA,OPERADOR,OSIRIS,,,NO,,,NO,
CFDI-2026-011660,ASIGNADO_OPERADOR,CON OSIRIS,MARLENE MIRANDA,OPERADOR,OSIRIS,,,NO,,,NO,
CFDI-2026-011661,ASIGNADO_OPERADOR,CON ISIS SOTO,MARLENE MIRANDA,BENEFICIARIO,ISIS SOTO,,2026-09-29,NO,,,NO,
CFDI-2026-011662,ASIGNADO_OPERADOR,CON ISIS SOTO,MARLENE MIRANDA,BENEFICIARIO,ISIS SOTO,,2026-09-29,NO,,,NO,
CFDI-2026-011663,ASIGNADO_OPERADOR,CON ISIS SOTO,MARLENE MIRANDA,BENEFICIARIO,ISIS SOTO,,2026-09-29,NO,,,NO,
CFDI-2026-011664,EN_CUSTODIA,CUSTODIA: MARLENE MIRANDA,MARLENE MIRANDA,,,,,NO,,,NO,
CFDI-2026-011665,ASIGNADO_OPERADOR,CON MEDINA ARMENDARIZ LUIS ENRIQUE,MARLENE MIRANDA,OPERADOR,MEDINA ARMENDARIZ LUIS ENRIQUE,,,NO,,,NO,
CFDI-2026-011666,ASIGNADO_OPERADOR,CON MEDINA ARMENDARIZ LUIS ENRIQUE,MARLENE MIRANDA,OPERADOR,MEDINA ARMENDARIZ LUIS ENRIQUE,,,NO,,,NO,
CFDI-2026-011667,UTILIZADO,COMPROBADA / UTILIZADA,MARLENE MIRANDA,OPERADOR,ESTRADA GARCIA JAIME,ITT ICS,2026-09-26,SI,,,NO,
CFDI-2026-011668,ASIGNADO_OPERADOR,CON MARIELY CASTRO,MARLENE MIRANDA,BENEFICIARIO,MARIELY CASTRO,,2026-09-29,NO,,,NO,
CFDI-2026-011669,ASIGNADO_OPERADOR,CON ESTRADA GARCIA JAIME,MARLENE MIRANDA,OPERADOR,ESTRADA GARCIA JAIME,,,NO,,,NO,
CFDI-2026-011670,ASIGNADO_OPERADOR,CON MARIELY CASTRO,MARLENE MIRANDA,BENEFICIARIO,MARIELY CASTRO,,2026-09-29,NO,,,NO,
CFDI-2026-011671,ASIGNADO_OPERADOR,CON MARIELY CASTRO,MARLENE MIRANDA,BENEFICIARIO,MARIELY CASTRO,,2026-09-29,NO,,,NO,
CFDI-2026-011672,ASIGNADO_OPERADOR,CON MARIELY CASTRO,MARLENE MIRANDA,BENEFICIARIO,MARIELY CASTRO,,2026-09-29,NO,,,NO,
CFDI-2026-011673,UTILIZADO,COMPROBADA / UTILIZADA,MARLENE MIRANDA,OPERADOR,CURIEL CARRASCO PLACIDO,ITT ICS,2026-09-21,NO,,,NO,
CFDI-2026-011674,UTILIZADO,COMPROBADA / UTILIZADA,MARLENE MIRANDA,OPERADOR,CURIEL CARRASCO PLACIDO,ITT ICS,2026-09-22,NO,,,NO,
CFDI-2026-011675,UTILIZADO,COMPROBADA / UTILIZADA,MARLENE MIRANDA,OPERADOR,CURIEL CARRASCO PLACIDO,ITT BIW,2026-09-22,NO,,,NO,
CFDI-2026-011676,UTILIZADO,COMPROBADA / UTILIZADA,MARLENE MIRANDA,OPERADOR,DE LA CRUZ TAUTIMES MARTIN,ITT CT,2026-09-21,NO,,,NO,
CFDI-2026-011677,UTILIZADO,COMPROBADA / UTILIZADA,MARLENE MIRANDA,OPERADOR,DE LA CRUZ TAUTIMES MARTIN,ITT CT,2026-09-21,NO,,,NO,
CFDI-2026-011678,ASIGNADO_OPERADOR,CON DE LA CRUZ TAUTIMES MARTIN,MARLENE MIRANDA,OPERADOR,DE LA CRUZ TAUTIMES MARTIN,,,NO,,,NO,
CFDI-2026-011679,ASIGNADO_OPERADOR,CON MARIELY CASTRO,MARLENE MIRANDA,BENEFICIARIO,MARIELY CASTRO,,,NO,,,NO,
CFDI-2026-011680,UTILIZADO,COMPROBADA / UTILIZADA,MARLENE MIRANDA,OPERADOR,PEREZ REYES JOSE GERARDO,ITT CT,2026-09-28,SI,,,NO,
CFDI-2026-011681,UTILIZADO,COMPROBADA / UTILIZADA,MARLENE MIRANDA,OPERADOR,PEREZ REYES JOSE GERARDO,ITT CT,2026-09-28,SI,,,NO,
CFDI-2026-011682,EN_CUSTODIA,CUSTODIA: MARLENE MIRANDA,MARLENE MIRANDA,,,,,NO,,,NO,
CFDI-2026-011683,EN_CUSTODIA,CUSTODIA: MARLENE MIRANDA,MARLENE MIRANDA,,,,,NO,,,NO,
CFDI-2026-011684,ASIGNADO_OPERADOR,CON MARIELY CASTRO,MARLENE MIRANDA,BENEFICIARIO,MARIELY CASTRO,,,SI,,,NO,
CFDI-2026-011685,UTILIZADO,COMPROBADA / UTILIZADA,MARLENE MIRANDA,OPERADOR,PADILLA ORTIZ RAUL FRANCISCO,ITT BIW,2026-09-29,SI,,,NO,
CFDI-2026-011686,UTILIZADO,COMPROBADA / UTILIZADA,MARLENE MIRANDA,OPERADOR,PADILLA ORTIZ RAUL FRANCISCO,ITT ICS,2026-09-29,SI,,,NO,
CFDI-2026-011687,UTILIZADO,COMPROBADA / UTILIZADA,MARLENE MIRANDA,OPERADOR,PADILLA ORTIZ RAUL FRANCISCO,ITT CT,2026-09-30,SI,,,NO,
CFDI-2026-011688,ASIGNADO_OPERADOR,CON ISIS,MARLENE MIRANDA,OPERADOR,ISIS,,,NO,,,NO,
CFDI-2026-011689,UTILIZADO,COMPROBADA / UTILIZADA,MARLENE MIRANDA,OPERADOR,ISIS,DORMAKABA,2026-09-22,SI,,,NO,
CFDI-2026-011690,ASIGNADO_OPERADOR,CON ISIS,MARLENE MIRANDA,OPERADOR,ISIS,,,NO,,,NO,
CFDI-2026-011691,ASIGNADO_OPERADOR,CON ISIS,MARLENE MIRANDA,OPERADOR,ISIS,,,NO,,,NO,
CFDI-2026-011692,ASIGNADO_OPERADOR,CON ISIS,MARLENE MIRANDA,OPERADOR,ISIS,,,NO,,,NO,
CFDI-2026-011693,ASIGNADO_OPERADOR,CON ISIS,MARLENE MIRANDA,OPERADOR,ISIS,,,NO,,,NO,
CFDI-2026-011694,ASIGNADO_OPERADOR,CON ISIS,MARLENE MIRANDA,OPERADOR,ISIS,,,NO,,,NO,
CFDI-2026-011695,ASIGNADO_OPERADOR,CON ISIS,MARLENE MIRANDA,OPERADOR,ISIS,,,NO,,,NO,
CFDI-2026-011696,EN_CUSTODIA,CUSTODIA: MARLENE MIRANDA,MARLENE MIRANDA,,,,,NO,,,NO,
CFDI-2026-011697,ASIGNADO_OPERADOR,CON ISIS,MARLENE MIRANDA,OPERADOR,ISIS,,,NO,,,NO,
CFDI-2026-011698,ASIGNADO_OPERADOR,CON ISIS,MARLENE MIRANDA,OPERADOR,ISIS,,,NO,,,NO,
CFDI-2026-011699,ASIGNADO_OPERADOR,CON ESTRADA GARCIA JAIME,MARLENE MIRANDA,OPERADOR,ESTRADA GARCIA JAIME,,,NO,,,NO,
CFDI-2026-011700,ASIGNADO_OPERADOR,CON ISIS,MARLENE MIRANDA,OPERADOR,ISIS,,,NO,,,NO,
CFDI-2026-011701,ASIGNADO_OPERADOR,CON ISIS,MARLENE MIRANDA,OPERADOR,ISIS,,,NO,,,NO,
CFDI-2026-011702,ASIGNADO_OPERADOR,CON ISIS,MARLENE MIRANDA,OPERADOR,ISIS,,,NO,,,NO,
CFDI-2026-011703,ASIGNADO_OPERADOR,CON ISIS,MARLENE MIRANDA,OPERADOR,ISIS,,,NO,,,NO,
CFDI-2026-011704,ASIGNADO_OPERADOR,CON ISIS,MARLENE MIRANDA,OPERADOR,ISIS,,,NO,,,NO,
CFDI-2026-011705,ASIGNADO_OPERADOR,CON ISIS,MARLENE MIRANDA,OPERADOR,ISIS,,,NO,,,NO,
CFDI-2026-011706,ASIGNADO_OPERADOR,CON ISIS,MARLENE MIRANDA,OPERADOR,ISIS,,,NO,,,NO,
CFDI-2026-011707,ASIGNADO_OPERADOR,CON ISIS,MARLENE MIRANDA,OPERADOR,ISIS,,,NO,,,NO,
CFDI-2026-011708,ASIGNADO_OPERADOR,CON ISIS,MARLENE MIRANDA,OPERADOR,ISIS,,,NO,,,NO,
CFDI-2026-011709,ASIGNADO_OPERADOR,CON ISIS,MARLENE MIRANDA,OPERADOR,ISIS,,,NO,,,NO,
CFDI-2026-011710,ASIGNADO_OPERADOR,CON ISIS,MARLENE MIRANDA,OPERADOR,ISIS,,,NO,,,NO,
CFDI-2026-011711,ASIGNADO_OPERADOR,CON ISIS,MARLENE MIRANDA,OPERADOR,ISIS,,,NO,,,NO,
CFDI-2026-011712,ASIGNADO_OPERADOR,CON ISIS,MARLENE MIRANDA,OPERADOR,ISIS,,,NO,,,NO,
CFDI-2026-011713,ASIGNADO_OPERADOR,CON ISIS,MARLENE MIRANDA,OPERADOR,ISIS,,,NO,,,NO,
CFDI-2026-011714,ASIGNADO_OPERADOR,CON ISIS,MARLENE MIRANDA,OPERADOR,ISIS,,,NO,,,NO,
CFDI-2026-011715,ASIGNADO_OPERADOR,CON ISIS,MARLENE MIRANDA,OPERADOR,ISIS,,,NO,,,NO,
CFDI-2026-011716,ASIGNADO_OPERADOR,CON ISIS,MARLENE MIRANDA,OPERADOR,ISIS,,,NO,,,NO,
CFDI-2026-011717,ASIGNADO_OPERADOR,CON ISIS,MARLENE MIRANDA,OPERADOR,ISIS,,,NO,,,NO,
CFDI-2026-011718,ASIGNADO_OPERADOR,CON ISIS,MARLENE MIRANDA,OPERADOR,ISIS,,,NO,,,NO,
CFDI-2026-011719,ASIGNADO_OPERADOR,CON ISIS,MARLENE MIRANDA,OPERADOR,ISIS,,,NO,,,NO,
CFDI-2026-011720,EN_CUSTODIA,CUSTODIA: MARLENE MIRANDA,MARLENE MIRANDA,,,,,NO,,,NO,
CFDI-2026-011721,EN_CUSTODIA,CUSTODIA: MARLENE MIRANDA,MARLENE MIRANDA,,,,,NO,,,NO,
CFDI-2026-011722,EN_CUSTODIA,CUSTODIA: MARLENE MIRANDA,MARLENE MIRANDA,,,,,NO,,,NO,
CFDI-2026-011723,EN_CUSTODIA,CUSTODIA: MARLENE MIRANDA,MARLENE MIRANDA,,,,,NO,,,NO,
CFDI-2026-011724,EN_CUSTODIA,CUSTODIA: MARLENE MIRANDA,MARLENE MIRANDA,,,,,NO,,,NO,
CFDI-2026-011725,EN_CUSTODIA,CUSTODIA: MARLENE MIRANDA,MARLENE MIRANDA,,,,,NO,,,NO,
CFDI-2026-011726,EN_CUSTODIA,CUSTODIA: MARLENE MIRANDA,MARLENE MIRANDA,,,,,NO,,,NO,
CFDI-2026-011727,EN_CUSTODIA,CUSTODIA: MARLENE MIRANDA,MARLENE MIRANDA,,,,,NO,,,NO,
CFDI-2026-011728,EN_CUSTODIA,CUSTODIA: MARLENE MIRANDA,MARLENE MIRANDA,,,,,NO,,,NO,
CFDI-2026-011729,EN_CUSTODIA,CUSTODIA: MARLENE MIRANDA,MARLENE MIRANDA,,,,,NO,,,NO,
CFDI-2026-011730,EN_CUSTODIA,CUSTODIA: MARLENE MIRANDA,MARLENE MIRANDA,,,,,NO,,,NO,
CFDI-2026-011731,EN_CUSTODIA,CUSTODIA: MARLENE MIRANDA,MARLENE MIRANDA,,,,,NO,,,NO,
CFDI-2026-011732,EN_CUSTODIA,CUSTODIA: MARLENE MIRANDA,MARLENE MIRANDA,,,,,NO,,,NO,
CFDI-2026-011733,EN_CUSTODIA,CUSTODIA: MARLENE MIRANDA,MARLENE MIRANDA,,,,,NO,,,NO,
CFDI-2026-011734,EN_CUSTODIA,CUSTODIA: MARLENE MIRANDA,MARLENE MIRANDA,,,,,NO,,,NO,
CFDI-2026-011735,EN_CUSTODIA,CUSTODIA: MARLENE MIRANDA,MARLENE MIRANDA,,,,,NO,,,NO,
CFDI-2026-011736,EN_CUSTODIA,CUSTODIA: MARLENE MIRANDA,MARLENE MIRANDA,,,,,NO,,,NO,
CFDI-2026-011737,EN_CUSTODIA,CUSTODIA: MARLENE MIRANDA,MARLENE MIRANDA,,,,,NO,,,NO,
CFDI-2026-011738,EN_CUSTODIA,CUSTODIA: MARLENE MIRANDA,MARLENE MIRANDA,,,,,NO,,,NO,
CFDI-2026-011739,EN_CUSTODIA,CUSTODIA: MARLENE MIRANDA,MARLENE MIRANDA,,,,,NO,,,NO,
CFDI-2026-011740,EN_CUSTODIA,CUSTODIA: MARLENE MIRANDA,MARLENE MIRANDA,,,,,NO,,,NO,
CFDI-2026-011741,EN_CUSTODIA,CUSTODIA: MARLENE MIRANDA,MARLENE MIRANDA,,,,,NO,,,NO,
CFDI-2026-011742,EN_CUSTODIA,CUSTODIA: MARLENE MIRANDA,MARLENE MIRANDA,,,,,NO,,,NO,
CFDI-2026-011743,EN_CUSTODIA,CUSTODIA: MARLENE MIRANDA,MARLENE MIRANDA,,,,,NO,,,NO,
CFDI-2026-011744,EN_CUSTODIA,CUSTODIA: MARLENE MIRANDA,MARLENE MIRANDA,,,,,NO,,,NO,
CFDI-2026-011745,EN_CUSTODIA,CUSTODIA: MARLENE MIRANDA,MARLENE MIRANDA,,,,,NO,,,NO,
CFDI-2026-011746,EN_CUSTODIA,CUSTODIA: MARLENE MIRANDA,MARLENE MIRANDA,,,,,NO,,,NO,
CFDI-2026-011747,EN_CUSTODIA,CUSTODIA: MARLENE MIRANDA,MARLENE MIRANDA,,,,,NO,,,NO,
CFDI-2026-011748,EN_CUSTODIA,CUSTODIA: MARLENE MIRANDA,MARLENE MIRANDA,,,,,NO,,,NO,
CFDI-2026-011749,EN_CUSTODIA,CUSTODIA: MARLENE MIRANDA,MARLENE MIRANDA,,,,,NO,,,NO,
CFDI-2026-011750,EN_CUSTODIA,CUSTODIA: MARLENE MIRANDA,MARLENE MIRANDA,,,,,NO,,,NO,
CFDI-2026-011751,UTILIZADO,COMPROBADA / UTILIZADA,MARLENE MIRANDA,OPERADOR,ORTIZ GARCIA CANDELARIO,AMPHENOL ALDEN PRODUCTS MEXICO,2026-09-18,SI,,,NO,
CFDI-2026-011752,EN_CUSTODIA,CUSTODIA: MARLENE MIRANDA,MARLENE MIRANDA,,,,,NO,,,NO,
CFDI-2026-011753,EN_CUSTODIA,CUSTODIA: MARLENE MIRANDA,MARLENE MIRANDA,,,,,NO,,,NO,
CFDI-2026-011754,EN_CUSTODIA,CUSTODIA: MARLENE MIRANDA,MARLENE MIRANDA,,,,,NO,,,NO,
CFDI-2026-011755,EN_CUSTODIA,CUSTODIA: MARLENE MIRANDA,MARLENE MIRANDA,,,,,NO,,,NO,
CFDI-2026-011756,EN_CUSTODIA,CUSTODIA: MARLENE MIRANDA,MARLENE MIRANDA,,,,,NO,,,NO,
CFDI-2026-011757,EN_CUSTODIA,CUSTODIA: MARLENE MIRANDA,MARLENE MIRANDA,,,,,NO,,,NO,
CFDI-2026-011758,EN_CUSTODIA,CUSTODIA: MARLENE MIRANDA,MARLENE MIRANDA,,,,,NO,,,NO,
CFDI-2026-011759,EN_CUSTODIA,CUSTODIA: MARLENE MIRANDA,MARLENE MIRANDA,,,,,NO,,,NO,
CFDI-2026-011760,EN_CUSTODIA,CUSTODIA: MARLENE MIRANDA,MARLENE MIRANDA,,,,,NO,,,NO,
CFDI-2026-011761,EN_CUSTODIA,CUSTODIA: MARLENE MIRANDA,MARLENE MIRANDA,,,,,NO,,,NO,
CFDI-2026-011762,EN_CUSTODIA,CUSTODIA: MARLENE MIRANDA,MARLENE MIRANDA,,,,,NO,,,NO,
CFDI-2026-011763,EN_CUSTODIA,CUSTODIA: MARLENE MIRANDA,MARLENE MIRANDA,,,,,NO,,,NO,
CFDI-2026-011764,EN_CUSTODIA,CUSTODIA: MARLENE MIRANDA,MARLENE MIRANDA,,,,,NO,,,NO,
CFDI-2026-011765,EN_CUSTODIA,CUSTODIA: MARLENE MIRANDA,MARLENE MIRANDA,,,,,NO,,,NO,
CFDI-2026-011766,EN_CUSTODIA,CUSTODIA: MARLENE MIRANDA,MARLENE MIRANDA,,,,,NO,,,NO,
CFDI-2026-011767,EN_CUSTODIA,CUSTODIA: MARLENE MIRANDA,MARLENE MIRANDA,,,,,NO,,,NO,
CFDI-2026-011768,EN_CUSTODIA,CUSTODIA: MARLENE MIRANDA,MARLENE MIRANDA,,,,,NO,,,NO,
CFDI-2026-011769,EN_CUSTODIA,CUSTODIA: MARLENE MIRANDA,MARLENE MIRANDA,,,,,NO,,,NO,
CFDI-2026-011770,EN_CUSTODIA,CUSTODIA: MARLENE MIRANDA,MARLENE MIRANDA,,,,,NO,,,NO,
CFDI-2026-011771,EN_CUSTODIA,CUSTODIA: MARLENE MIRANDA,MARLENE MIRANDA,,,,,NO,,,NO,
CFDI-2026-011772,EN_CUSTODIA,CUSTODIA: MARLENE MIRANDA,MARLENE MIRANDA,,,,,NO,,,NO,
CFDI-2026-011773,EN_CUSTODIA,CUSTODIA: MARLENE MIRANDA,MARLENE MIRANDA,,,,,NO,,,NO,
CFDI-2026-011774,EN_CUSTODIA,CUSTODIA: MARLENE MIRANDA,MARLENE MIRANDA,,,,,NO,,,NO,
CFDI-2026-011775,EN_CUSTODIA,CUSTODIA: MARLENE MIRANDA,MARLENE MIRANDA,,,,,NO,,,NO,
CFDI-2026-011776,EN_CUSTODIA,CUSTODIA: MARLENE MIRANDA,MARLENE MIRANDA,,,,,NO,,,NO,
CFDI-2026-011777,EN_CUSTODIA,CUSTODIA: MARLENE MIRANDA,MARLENE MIRANDA,,,,,NO,,,NO,
CFDI-2026-011778,EN_CUSTODIA,CUSTODIA: MARLENE MIRANDA,MARLENE MIRANDA,,,,,NO,,,NO,
CFDI-2026-011779,EN_CUSTODIA,CUSTODIA: MARLENE MIRANDA,MARLENE MIRANDA,,,,,NO,,,NO,
CFDI-2026-011780,EN_CUSTODIA,CUSTODIA: MARLENE MIRANDA,MARLENE MIRANDA,,,,,NO,,,NO,
CFDI-2026-011781,EN_CUSTODIA,CUSTODIA: MARLENE MIRANDA,MARLENE MIRANDA,,,,,NO,,,NO,
CFDI-2026-011782,EN_CUSTODIA,CUSTODIA: MARLENE MIRANDA,MARLENE MIRANDA,,,,,NO,,,NO,
CFDI-2026-011783,EN_CUSTODIA,CUSTODIA: MARLENE MIRANDA,MARLENE MIRANDA,,,,,NO,,,NO,
CFDI-2026-011784,EN_CUSTODIA,CUSTODIA: MARLENE MIRANDA,MARLENE MIRANDA,,,,,NO,,,NO,
CFDI-2026-011785,EN_CUSTODIA,CUSTODIA: MARLENE MIRANDA,MARLENE MIRANDA,,,,,NO,,,NO,
CFDI-2026-011786,EN_CUSTODIA,CUSTODIA: MARLENE MIRANDA,MARLENE MIRANDA,,,,,NO,,,NO,
CFDI-2026-011787,EN_CUSTODIA,CUSTODIA: MARLENE MIRANDA,MARLENE MIRANDA,,,,,NO,,,NO,
CFDI-2026-011788,EN_CUSTODIA,CUSTODIA: MARLENE MIRANDA,MARLENE MIRANDA,,,,,NO,,,NO,
CFDI-2026-011789,UTILIZADO,COMPROBADA / UTILIZADA,MARLENE MIRANDA,BENEFICIARIO,MARIELY CASTRO,HUMANSCALE,2026-10-03,SI,,,NO,
CFDI-2026-011790,ASIGNADO_OPERADOR,CON MARIELY CASTRO,MARLENE MIRANDA,BENEFICIARIO,MARIELY CASTRO,,,NO,,,NO,
CFDI-2026-011791,ASIGNADO_OPERADOR,CON MARIELY CASTRO,MARLENE MIRANDA,BENEFICIARIO,MARIELY CASTRO,,,NO,,,NO,
CFDI-2026-011792,EN_CUSTODIA,CUSTODIA: MARLENE MIRANDA,MARLENE MIRANDA,,,,,NO,,,NO,
CFDI-2026-011793,ASIGNADO_OPERADOR,CON MARIELY CASTRO,MARLENE MIRANDA,BENEFICIARIO,MARIELY CASTRO,,,NO,,,NO,
CFDI-2026-011794,ASIGNADO_OPERADOR,CON MARIELY CASTRO,MARLENE MIRANDA,BENEFICIARIO,MARIELY CASTRO,,,NO,,,NO,
CFDI-2026-011795,ASIGNADO_OPERADOR,CON CURIEL CARRASCO PLACIDO,MARLENE MIRANDA,OPERADOR,CURIEL CARRASCO PLACIDO,,,NO,,,NO,
CFDI-2026-011796,ASIGNADO_OPERADOR,CON CURIEL CARRASCO PLACIDO,MARLENE MIRANDA,OPERADOR,CURIEL CARRASCO PLACIDO,,,NO,,,NO,
CFDI-2026-011797,ASIGNADO_OPERADOR,CON MARIELY CASTRO,MARLENE MIRANDA,BENEFICIARIO,MARIELY CASTRO,,,NO,,,NO,
CFDI-2026-011798,ASIGNADO_OPERADOR,CON ZEPEDA MORALES LUIS FERNANDO,MARLENE MIRANDA,OPERADOR,ZEPEDA MORALES LUIS FERNANDO,,,NO,,,NO,
CFDI-2026-011799,EN_CUSTODIA,CUSTODIA: MARLENE MIRANDA,MARLENE MIRANDA,,,,,NO,,,NO,
CFDI-2026-011800,EN_CUSTODIA,CUSTODIA: MARLENE MIRANDA,MARLENE MIRANDA,,,,,NO,,,NO,
CFDI-2026-011801,EN_CUSTODIA,CUSTODIA: MARLENE MIRANDA,MARLENE MIRANDA,,,,,NO,,,NO,
CFDI-2026-011802,EN_CUSTODIA,CUSTODIA: MARLENE MIRANDA,MARLENE MIRANDA,,,,,NO,,,NO,
CFDI-2026-011803,EN_CUSTODIA,CUSTODIA: MARLENE MIRANDA,MARLENE MIRANDA,,,,,NO,,,NO,
CFDI-2026-011804,EN_CUSTODIA,CUSTODIA: MARLENE MIRANDA,MARLENE MIRANDA,,,,,NO,,,NO,
CFDI-2026-011805,EN_CUSTODIA,CUSTODIA: MARLENE MIRANDA,MARLENE MIRANDA,,,,,NO,,,NO,
CFDI-2026-011806,EN_CUSTODIA,CUSTODIA: MARLENE MIRANDA,MARLENE MIRANDA,,,,,NO,,,NO,
CFDI-2026-011807,EN_CUSTODIA,CUSTODIA: MARLENE MIRANDA,MARLENE MIRANDA,,,,,NO,,,NO,
CFDI-2026-011808,EN_CUSTODIA,CUSTODIA: MARLENE MIRANDA,MARLENE MIRANDA,,,,,NO,,,NO,
CFDI-2026-011809,EN_CUSTODIA,CUSTODIA: MARLENE MIRANDA,MARLENE MIRANDA,,,,,NO,,,NO,
CFDI-2026-011810,EN_CUSTODIA,CUSTODIA: MARLENE MIRANDA,MARLENE MIRANDA,,,,,NO,,,NO,
CFDI-2026-011811,EN_CUSTODIA,CUSTODIA: MARLENE MIRANDA,MARLENE MIRANDA,,,,,NO,,,NO,
CFDI-2026-011812,EN_CUSTODIA,CUSTODIA: MARLENE MIRANDA,MARLENE MIRANDA,,,,,NO,,,NO,
CFDI-2026-011813,EN_CUSTODIA,CUSTODIA: MARLENE MIRANDA,MARLENE MIRANDA,,,,,NO,,,NO,
CFDI-2026-011814,EN_CUSTODIA,CUSTODIA: MARLENE MIRANDA,MARLENE MIRANDA,,,,,NO,,,NO,
CFDI-2026-011815,EN_CUSTODIA,CUSTODIA: MARLENE MIRANDA,MARLENE MIRANDA,,,,,NO,,,NO,
CFDI-2026-011816,EN_CUSTODIA,CUSTODIA: MARLENE MIRANDA,MARLENE MIRANDA,,,,,NO,,,NO,
CFDI-2026-011817,EN_CUSTODIA,CUSTODIA: MARLENE MIRANDA,MARLENE MIRANDA,,,,,NO,,,NO,
CFDI-2026-011818,EN_CUSTODIA,CUSTODIA: MARLENE MIRANDA,MARLENE MIRANDA,,,,,NO,,,NO,
CFDI-2026-011819,EN_CUSTODIA,CUSTODIA: MARLENE MIRANDA,MARLENE MIRANDA,,,,,NO,,,NO,
CFDI-2026-011820,EN_CUSTODIA,CUSTODIA: MARLENE MIRANDA,MARLENE MIRANDA,,,,,NO,,,NO,
CFDI-2026-011821,EN_CUSTODIA,CUSTODIA: MARLENE MIRANDA,MARLENE MIRANDA,,,,,NO,,,NO,
CFDI-2026-011822,EN_CUSTODIA,CUSTODIA: MARLENE MIRANDA,MARLENE MIRANDA,,,,,NO,,,NO,
CFDI-2026-011823,EN_CUSTODIA,CUSTODIA: MARLENE MIRANDA,MARLENE MIRANDA,,,,,NO,,,NO,
CFDI-2026-011824,EN_CUSTODIA,CUSTODIA: MARLENE MIRANDA,MARLENE MIRANDA,,,,,NO,,,NO,
CFDI-2026-011825,EN_CUSTODIA,CUSTODIA: MARLENE MIRANDA,MARLENE MIRANDA,,,,,NO,,,NO,
CFDI-2026-011826,EN_CUSTODIA,CUSTODIA: MARLENE MIRANDA,MARLENE MIRANDA,,,,,NO,,,NO,
CFDI-2026-011827,EN_CUSTODIA,CUSTODIA: MARLENE MIRANDA,MARLENE MIRANDA,,,,,NO,,,NO,
CFDI-2026-011828,EN_CUSTODIA,CUSTODIA: MARLENE MIRANDA,MARLENE MIRANDA,,,,,NO,,,NO,
CFDI-2026-011829,EN_CUSTODIA,CUSTODIA: MARLENE MIRANDA,MARLENE MIRANDA,,,,,NO,,,NO,
CFDI-2026-011830,EN_CUSTODIA,CUSTODIA: MARLENE MIRANDA,MARLENE MIRANDA,,,,,NO,,,NO,
CFDI-2026-011831,EN_CUSTODIA,CUSTODIA: MARLENE MIRANDA,MARLENE MIRANDA,,,,,NO,,,NO,
CFDI-2026-011832,EN_CUSTODIA,CUSTODIA: MARLENE MIRANDA,MARLENE MIRANDA,,,,,NO,,,NO,
CFDI-2026-011833,EN_CUSTODIA,CUSTODIA: MARLENE MIRANDA,MARLENE MIRANDA,,,,,NO,,,NO,
CFDI-2026-011834,EN_CUSTODIA,CUSTODIA: MARLENE MIRANDA,MARLENE MIRANDA,,,,,NO,,,NO,
CFDI-2026-011835,EN_CUSTODIA,CUSTODIA: MARLENE MIRANDA,MARLENE MIRANDA,,,,,NO,,,NO,
CFDI-2026-011836,EN_CUSTODIA,CUSTODIA: MARLENE MIRANDA,MARLENE MIRANDA,,,,,NO,,,NO,
CFDI-2026-011837,EN_CUSTODIA,CUSTODIA: MARLENE MIRANDA,MARLENE MIRANDA,,,,,NO,,,NO,
CFDI-2026-011838,EN_CUSTODIA,CUSTODIA: MARLENE MIRANDA,MARLENE MIRANDA,,,,,NO,,,NO,
CFDI-2026-011839,EN_CUSTODIA,CUSTODIA: MARLENE MIRANDA,MARLENE MIRANDA,,,,,NO,,,NO,
CFDI-2026-011840,EN_CUSTODIA,CUSTODIA: MARLENE MIRANDA,MARLENE MIRANDA,,,,,NO,,,NO,
CFDI-2026-011841,EN_CUSTODIA,CUSTODIA: MARLENE MIRANDA,MARLENE MIRANDA,,,,,NO,,,NO,
CFDI-2026-011842,EN_CUSTODIA,CUSTODIA: MARLENE MIRANDA,MARLENE MIRANDA,,,,,NO,,,NO,
CFDI-2026-011843,EN_CUSTODIA,CUSTODIA: MARLENE MIRANDA,MARLENE MIRANDA,,,,,NO,,,NO,
CFDI-2026-011844,EN_CUSTODIA,CUSTODIA: MARLENE MIRANDA,MARLENE MIRANDA,,,,,NO,,,NO,
CFDI-2026-011845,EN_CUSTODIA,CUSTODIA: MARLENE MIRANDA,MARLENE MIRANDA,,,,,NO,,,NO,
CFDI-2026-011846,EN_CUSTODIA,CUSTODIA: MARLENE MIRANDA,MARLENE MIRANDA,,,,,NO,,,NO,
CFDI-2026-011847,EN_CUSTODIA,CUSTODIA: MARLENE MIRANDA,MARLENE MIRANDA,,,,,NO,,,NO,
CFDI-2026-011848,EN_CUSTODIA,CUSTODIA: MARLENE MIRANDA,MARLENE MIRANDA,,,,,NO,,,NO,
CFDI-2026-011849,EN_CUSTODIA,CUSTODIA: MARLENE MIRANDA,MARLENE MIRANDA,,,,,NO,,,NO,
CFDI-2026-011850,EN_CUSTODIA,CUSTODIA: MARLENE MIRANDA,MARLENE MIRANDA,,,,,NO,,,NO,
CFDI-2026-011851,EN_CUSTODIA,CUSTODIA: MARLENE MIRANDA,MARLENE MIRANDA,,,,,NO,,,NO,
CFDI-2026-011852,EN_CUSTODIA,CUSTODIA: MARLENE MIRANDA,MARLENE MIRANDA,,,,,NO,,,NO,
CFDI-2026-011853,EN_CUSTODIA,CUSTODIA: MARLENE MIRANDA,MARLENE MIRANDA,,,,,NO,,,NO,
CFDI-2026-011854,EN_CUSTODIA,CUSTODIA: MARLENE MIRANDA,MARLENE MIRANDA,,,,,NO,,,NO,
CFDI-2026-011855,EN_CUSTODIA,CUSTODIA: MARLENE MIRANDA,MARLENE MIRANDA,,,,,NO,,,NO,
CFDI-2026-011856,EN_CUSTODIA,CUSTODIA: MARLENE MIRANDA,MARLENE MIRANDA,,,,,NO,,,NO,
CFDI-2026-011857,EN_CUSTODIA,CUSTODIA: MARLENE MIRANDA,MARLENE MIRANDA,,,,,NO,,,NO,
CFDI-2026-011858,EN_CUSTODIA,CUSTODIA: MARLENE MIRANDA,MARLENE MIRANDA,,,,,NO,,,NO,
CFDI-2026-011859,UTILIZADO,COMPROBADA / UTILIZADA,MARLENE MIRANDA,OPERADOR,ARROYO PERALTA ISAAC,ITT ICS,2026-09-29,SI,,,NO,
CFDI-2026-011860,UTILIZADO,COMPROBADA / UTILIZADA,MARLENE MIRANDA,OPERADOR,ARROYO PERALTA ISAAC,ITT CT,2026-10-01,SI,,,NO,
CFDI-2026-011861,UTILIZADO,COMPROBADA / UTILIZADA,MARLENE MIRANDA,OPERADOR,ARROYO PERALTA ISAAC,ITT BIW,2026-09-30,SI,,,NO,
CFDI-2026-011862,CANCELADO,CANCELADA,MARLENE MIRANDA,OPERADOR,CURIEL CARRASCO PLACIDO,,2026-09-28,NO,,,NO,
CFDI-2026-011863,ASIGNADO_OPERADOR,CON MARIELY CASTRO,MARLENE MIRANDA,BENEFICIARIO,MARIELY CASTRO,,,NO,,,NO,
CFDI-2026-011864,EN_CUSTODIA,CUSTODIA: MARLENE MIRANDA,MARLENE MIRANDA,,,,,NO,,,NO,
CFDI-2026-011865,EN_CUSTODIA,CUSTODIA: MARLENE MIRANDA,MARLENE MIRANDA,,,,,NO,,,NO,
CFDI-2026-011866,EN_CUSTODIA,CUSTODIA: MARLENE MIRANDA,MARLENE MIRANDA,,,,,NO,,,NO,
CFDI-2026-011867,EN_CUSTODIA,CUSTODIA: MARLENE MIRANDA,MARLENE MIRANDA,,,,,NO,,,NO,
CFDI-2026-011868,EN_CUSTODIA,CUSTODIA: MARLENE MIRANDA,MARLENE MIRANDA,,,,,NO,,,NO,
CFDI-2026-011869,EN_CUSTODIA,CUSTODIA: MARLENE MIRANDA,MARLENE MIRANDA,,,,,NO,,,NO,
CFDI-2026-011870,EN_CUSTODIA,CUSTODIA: MARLENE MIRANDA,MARLENE MIRANDA,,,,,NO,,,NO,
CFDI-2026-011871,EN_CUSTODIA,CUSTODIA: MARLENE MIRANDA,MARLENE MIRANDA,,,,,NO,,,NO,
CFDI-2026-011872,EN_CUSTODIA,CUSTODIA: MARLENE MIRANDA,MARLENE MIRANDA,,,,,NO,,,NO,
CFDI-2026-011873,EN_CUSTODIA,CUSTODIA: MARLENE MIRANDA,MARLENE MIRANDA,,,,,NO,,,NO,
CFDI-2026-011874,EN_CUSTODIA,CUSTODIA: MARLENE MIRANDA,MARLENE MIRANDA,,,,,NO,,,NO,
CFDI-2026-011875,EN_CUSTODIA,CUSTODIA: MARLENE MIRANDA,MARLENE MIRANDA,,,,,NO,,,NO,
CFDI-2026-011876,EN_CUSTODIA,CUSTODIA: MARLENE MIRANDA,MARLENE MIRANDA,,,,,NO,,,NO,
CFDI-2026-011877,EN_CUSTODIA,CUSTODIA: MARLENE MIRANDA,MARLENE MIRANDA,,,,,NO,,,NO,
CFDI-2026-011878,EN_CUSTODIA,CUSTODIA: MARLENE MIRANDA,MARLENE MIRANDA,,,,,NO,,,NO,
CFDI-2026-011879,EN_CUSTODIA,CUSTODIA: MARLENE MIRANDA,MARLENE MIRANDA,,,,,NO,,,NO,
CFDI-2026-011880,EN_CUSTODIA,CUSTODIA: MARLENE MIRANDA,MARLENE MIRANDA,,,,,NO,,,NO,
CFDI-2026-011881,EN_CUSTODIA,CUSTODIA: MARLENE MIRANDA,MARLENE MIRANDA,,,,,NO,,,NO,
CFDI-2026-011882,EN_CUSTODIA,CUSTODIA: MARLENE MIRANDA,MARLENE MIRANDA,,,,,NO,,,NO,
CFDI-2026-011883,EN_CUSTODIA,CUSTODIA: MARLENE MIRANDA,MARLENE MIRANDA,,,,,NO,,,NO,
CFDI-2026-011884,EN_CUSTODIA,CUSTODIA: MARLENE MIRANDA,MARLENE MIRANDA,,,,,NO,,,NO,
CFDI-2026-011885,EN_CUSTODIA,CUSTODIA: MARLENE MIRANDA,MARLENE MIRANDA,,,,,NO,,,NO,
CFDI-2026-011886,EN_CUSTODIA,CUSTODIA: MARLENE MIRANDA,MARLENE MIRANDA,,,,,NO,,,NO,
CFDI-2026-011887,EN_CUSTODIA,CUSTODIA: MARLENE MIRANDA,MARLENE MIRANDA,,,,,NO,,,NO,
CFDI-2026-011888,EN_CUSTODIA,CUSTODIA: MARLENE MIRANDA,MARLENE MIRANDA,,,,,NO,,,NO,
CFDI-2026-011889,EN_CUSTODIA,CUSTODIA: MARLENE MIRANDA,MARLENE MIRANDA,,,,,NO,,,NO,
CFDI-2026-011890,EN_CUSTODIA,CUSTODIA: MARLENE MIRANDA,MARLENE MIRANDA,,,,,NO,,,NO,
CFDI-2026-011891,EN_CUSTODIA,CUSTODIA: MARLENE MIRANDA,MARLENE MIRANDA,,,,,NO,,,NO,
CFDI-2026-011892,EN_CUSTODIA,CUSTODIA: MARLENE MIRANDA,MARLENE MIRANDA,,,,,NO,,,NO,
CFDI-2026-011893,EN_CUSTODIA,CUSTODIA: MARLENE MIRANDA,MARLENE MIRANDA,,,,,NO,,,NO,
CFDI-2026-011894,EN_CUSTODIA,CUSTODIA: MARLENE MIRANDA,MARLENE MIRANDA,,,,,NO,,,NO,
CFDI-2026-011895,EN_CUSTODIA,CUSTODIA: MARLENE MIRANDA,MARLENE MIRANDA,,,,,NO,,,NO,
CFDI-2026-011896,EN_CUSTODIA,CUSTODIA: MARLENE MIRANDA,MARLENE MIRANDA,,,,,NO,,,NO,
CFDI-2026-011897,EN_CUSTODIA,CUSTODIA: MARLENE MIRANDA,MARLENE MIRANDA,,,,,NO,,,NO,
CFDI-2026-011898,UTILIZADO,COMPROBADA / UTILIZADA,MARLENE MIRANDA,BENEFICIARIO,ISIS SOTO,AMPHENOL OPTIMIZE MEXICO,2026-10-02,SI,,,NO,
CFDI-2026-011899,UTILIZADO,COMPROBADA / UTILIZADA,MARLENE MIRANDA,BENEFICIARIO,ISIS SOTO,PRODUCTOS PARA EL CUIDADO DE LA SALUD,2026-10-02,SI,,,NO,
CFDI-2026-011900,UTILIZADO,COMPROBADA / UTILIZADA,MARLENE MIRANDA,BENEFICIARIO,ISIS SOTO,PRODUCTOS PARA EL CUIDADO DE LA SALUD,2026-10-02,SI,,,NO,
CFDI-2026-011901,UTILIZADO,COMPROBADA / UTILIZADA,MARLENE MIRANDA,BENEFICIARIO,ISIS SOTO,PRODUCTOS PARA EL CUIDADO DE LA SALUD,2026-10-02,SI,,,NO,
CFDI-2026-011902,EN_CUSTODIA,CUSTODIA: MARLENE MIRANDA,MARLENE MIRANDA,,,,,NO,,,NO,
CFDI-2026-011903,EN_CUSTODIA,CUSTODIA: MARLENE MIRANDA,MARLENE MIRANDA,,,,,NO,,,NO,
CFDI-2026-011904,EN_CUSTODIA,CUSTODIA: MARLENE MIRANDA,MARLENE MIRANDA,,,,,NO,,,NO,
CFDI-2026-011905,UTILIZADO,COMPROBADA / UTILIZADA,MARLENE MIRANDA,OPERADOR,ESTRADA GARCIA JAIME,ITT CT,2026-10-01,SI,,,NO,
CFDI-2026-011906,EN_CUSTODIA,CUSTODIA: MARLENE MIRANDA,MARLENE MIRANDA,,,,,NO,,,NO,
CFDI-2026-011907,EN_CUSTODIA,CUSTODIA: MARLENE MIRANDA,MARLENE MIRANDA,,,,,NO,,,NO,
CFDI-2026-011908,ASIGNADO_OPERADOR,CON VALENZUELA VERDUZCO RICARDO,MARLENE MIRANDA,OPERADOR,VALENZUELA VERDUZCO RICARDO,,,NO,,,NO,
CFDI-2026-011909,UTILIZADO,COMPROBADA / UTILIZADA,MARLENE MIRANDA,OPERADOR,VALENZUELA VERDUZCO RICARDO,ITT BIW,2026-09-30,SI,,,NO,
CFDI-2026-011910,UTILIZADO,COMPROBADA / UTILIZADA,MARLENE MIRANDA,OPERADOR,VALENZUELA VERDUZCO RICARDO,ITT CT,2026-10-02,SI,,,NO,
CFDI-2026-011911,ASIGNADO_OPERADOR,CON VALENZUELA VERDUZCO RICARDO,MARLENE MIRANDA,OPERADOR,VALENZUELA VERDUZCO RICARDO,,,NO,,,NO,
CFDI-2026-011912,EN_CUSTODIA,CUSTODIA: MARLENE MIRANDA,MARLENE MIRANDA,,,,,NO,,,NO,
CFDI-2026-011913,UTILIZADO,COMPROBADA / UTILIZADA,MARLENE MIRANDA,OPERADOR,CURIEL CARRASCO PLACIDO,ITT CT,2026-10-01,SI,,,NO,
CFDI-2026-011914,UTILIZADO,COMPROBADA / UTILIZADA,MARLENE MIRANDA,OPERADOR,CURIEL CARRASCO PLACIDO,ITT ICS,2026-10-02,SI,,,NO,
CFDI-2026-011915,ASIGNADO_OPERADOR,CON MEDINA ARMENDARIZ LUIS ENRIQUE,MARLENE MIRANDA,OPERADOR,MEDINA ARMENDARIZ LUIS ENRIQUE,,,NO,,,NO,
CFDI-2026-011916,ASIGNADO_OPERADOR,CON MEDINA ARMENDARIZ LUIS ENRIQUE,MARLENE MIRANDA,OPERADOR,MEDINA ARMENDARIZ LUIS ENRIQUE,,,NO,,,NO,
CFDI-2026-011917,ASIGNADO_OPERADOR,CON MEDINA ARMENDARIZ LUIS ENRIQUE,MARLENE MIRANDA,OPERADOR,MEDINA ARMENDARIZ LUIS ENRIQUE,,,NO,,,NO,
CFDI-2026-011918,UTILIZADO,COMPROBADA / UTILIZADA,MARLENE MIRANDA,OPERADOR,DE LEON HERNANDEZ ABRAHAM,ITT CT,2026-09-28,SI,,,NO,
CFDI-2026-011919,UTILIZADO,COMPROBADA / UTILIZADA,MARLENE MIRANDA,OPERADOR,DE LEON HERNANDEZ ABRAHAM,ITT CT,2026-09-28,SI,,,NO,
CFDI-2026-011920,EN_CUSTODIA,CUSTODIA: MARLENE MIRANDA,MARLENE MIRANDA,,,,,NO,,,NO,
CFDI-2026-011921,UTILIZADO,COMPROBADA / UTILIZADA,MARLENE MIRANDA,BENEFICIARIO,MARIELY CASTRO,PRODUCTOS PARA EL CUIDADO DE LA SALUD,2026-09-28,SI,,,NO,
CFDI-2026-011922,UTILIZADO,COMPROBADA / UTILIZADA,MARLENE MIRANDA,BENEFICIARIO,MARIELY CASTRO,AMPHENOL OPTIMIZE MEXICO,2026-09-28,SI,,,NO,
CFDI-2026-011923,UTILIZADO,COMPROBADA / UTILIZADA,MARLENE MIRANDA,BENEFICIARIO,MARIELY CASTRO,PRODUCTOS PARA EL CUIDADO DE LA SALUD,2026-09-28,SI,,,NO,
CFDI-2026-011924,UTILIZADO,COMPROBADA / UTILIZADA,MARLENE MIRANDA,BENEFICIARIO,MARIELY CASTRO,PRODUCTOS PARA EL CUIDADO DE LA SALUD,2026-09-28,SI,,,NO,
CFDI-2026-011925,UTILIZADO,COMPROBADA / UTILIZADA,MARLENE MIRANDA,BENEFICIARIO,MARIELY CASTRO,DORMAKABA,2026-09-28,SI,,,NO,
CFDI-2026-011926,UTILIZADO,COMPROBADA / UTILIZADA,MARLENE MIRANDA,BENEFICIARIO,MARIELY CASTRO,INTEGRATED CABLE ASSEMBLY HOLDINGS,2026-09-28,SI,,,NO,
CFDI-2026-011927,UTILIZADO,COMPROBADA / UTILIZADA,MARLENE MIRANDA,BENEFICIARIO,MARIELY CASTRO,DORMAKABA,2026-09-28,SI,,,NO,
CFDI-2026-011928,UTILIZADO,COMPROBADA / UTILIZADA,MARLENE MIRANDA,BENEFICIARIO,MARIELY CASTRO,PRODUCTOS PARA EL CUIDADO DE LA SALUD,2026-09-28,SI,,,NO,
CFDI-2026-011929,UTILIZADO,COMPROBADA / UTILIZADA,MARLENE MIRANDA,BENEFICIARIO,MARIELY CASTRO,EDWARDS VACCUM,2026-09-28,SI,,,NO,
CFDI-2026-011930,UTILIZADO,COMPROBADA / UTILIZADA,MARLENE MIRANDA,BENEFICIARIO,MARIELY CASTRO,DORMAKABA,2026-09-28,SI,,,NO,
CFDI-2026-011931,UTILIZADO,COMPROBADA / UTILIZADA,MARLENE MIRANDA,BENEFICIARIO,MARIELY CASTRO,AMPHENOL OPTIMIZE MEXICO,2026-09-28,SI,,,NO,
CFDI-2026-011932,UTILIZADO,COMPROBADA / UTILIZADA,MARLENE MIRANDA,BENEFICIARIO,MARIELY CASTRO,WESTMED DE MEXICO,2026-09-28,SI,,,NO,
CFDI-2026-011933,UTILIZADO,COMPROBADA / UTILIZADA,MARLENE MIRANDA,BENEFICIARIO,MARIELY CASTRO,BECTON DICKINSON INFUSION THERAPY SYSTEMS INC,2026-09-28,SI,,,NO,
CFDI-2026-011934,UTILIZADO,COMPROBADA / UTILIZADA,MARLENE MIRANDA,BENEFICIARIO,MARIELY CASTRO,BECTON DICKINSON INFUSION THERAPY SYSTEMS INC,2026-09-28,SI,,,NO,
CFDI-2026-011935,UTILIZADO,COMPROBADA / UTILIZADA,MARLENE MIRANDA,BENEFICIARIO,MARIELY CASTRO,DORMAKABA,2026-09-28,SI,,,NO,
CFDI-2026-011936,UTILIZADO,COMPROBADA / UTILIZADA,MARLENE MIRANDA,BENEFICIARIO,MARIELY CASTRO,PRODUCTOS PARA EL CUIDADO DE LA SALUD,2026-09-28,SI,,,NO,
CFDI-2026-011937,UTILIZADO,COMPROBADA / UTILIZADA,MARLENE MIRANDA,BENEFICIARIO,MARIELY CASTRO,AMPHENOL OPTIMIZE MEXICO,2026-09-28,SI,,,NO,
CFDI-2026-011938,UTILIZADO,COMPROBADA / UTILIZADA,MARLENE MIRANDA,BENEFICIARIO,MARIELY CASTRO,WEISER LOCK MEXICO,2026-09-28,SI,,,NO,
CFDI-2026-011939,UTILIZADO,COMPROBADA / UTILIZADA,MARLENE MIRANDA,BENEFICIARIO,MARIELY CASTRO,MTD CONSUMER PRODUCTS MEXICO,2026-09-28,SI,,,NO,
CFDI-2026-011940,UTILIZADO,COMPROBADA / UTILIZADA,MARLENE MIRANDA,BENEFICIARIO,MARIELY CASTRO,BECTON DICKINSON INFUSION THERAPY SYSTEMS INC,2026-09-28,SI,,,NO,
CFDI-2026-011941,UTILIZADO,COMPROBADA / UTILIZADA,MARLENE MIRANDA,BENEFICIARIO,MARIELY CASTRO,AMPHENOL ONANON,2026-09-28,SI,,,NO,
CFDI-2026-011942,UTILIZADO,COMPROBADA / UTILIZADA,MARLENE MIRANDA,BENEFICIARIO,MARIELY CASTRO,HUMANSCALE,2026-09-28,SI,,,NO,
CFDI-2026-011943,UTILIZADO,COMPROBADA / UTILIZADA,MARLENE MIRANDA,BENEFICIARIO,MARIELY CASTRO,INTEGRATED CABLE ASSEMBLY HOLDINGS,2026-09-29,SI,,,NO,
CFDI-2026-011944,UTILIZADO,COMPROBADA / UTILIZADA,MARLENE MIRANDA,BENEFICIARIO,MARIELY CASTRO,AMPHENOL OPTIMIZE MEXICO,2026-09-29,SI,,,NO,
CFDI-2026-011945,UTILIZADO,COMPROBADA / UTILIZADA,MARLENE MIRANDA,BENEFICIARIO,MARIELY CASTRO,WESTMED DE MEXICO,2026-09-29,SI,,,NO,
CFDI-2026-011946,UTILIZADO,COMPROBADA / UTILIZADA,MARLENE MIRANDA,BENEFICIARIO,MARIELY CASTRO,AMPHENOL SAA,2026-09-28,SI,,,NO,
CFDI-2026-011947,UTILIZADO,COMPROBADA / UTILIZADA,MARLENE MIRANDA,BENEFICIARIO,MARIELY CASTRO,WEISER LOCK MEXICO,2026-09-29,SI,,,NO,
CFDI-2026-011948,UTILIZADO,COMPROBADA / UTILIZADA,MARLENE MIRANDA,BENEFICIARIO,MARIELY CASTRO,BECTON DICKINSON INFUSION THERAPY SYSTEMS INC,2026-09-29,SI,,,NO,
CFDI-2026-011949,UTILIZADO,COMPROBADA / UTILIZADA,MARLENE MIRANDA,BENEFICIARIO,MARIELY CASTRO,DORMAKABA,2026-09-29,SI,,,NO,
CFDI-2026-011950,UTILIZADO,COMPROBADA / UTILIZADA,MARLENE MIRANDA,BENEFICIARIO,MARIELY CASTRO,BUSSMANN,2026-09-29,SI,,,NO,
CFDI-2026-011951,UTILIZADO,COMPROBADA / UTILIZADA,MARLENE MIRANDA,BENEFICIARIO,MARIELY CASTRO,HUMANSCALE,2026-09-29,SI,,,NO,
CFDI-2026-011952,UTILIZADO,COMPROBADA / UTILIZADA,MARLENE MIRANDA,BENEFICIARIO,MARIELY CASTRO,WEISER LOCK MEXICO,2026-09-29,SI,,,NO,
CFDI-2026-011953,UTILIZADO,COMPROBADA / UTILIZADA,MARLENE MIRANDA,BENEFICIARIO,MARIELY CASTRO,WESTMED DE MEXICO,2026-09-29,SI,,,NO,
CFDI-2026-011954,UTILIZADO,COMPROBADA / UTILIZADA,MARLENE MIRANDA,BENEFICIARIO,MARIELY CASTRO,AMPHENOL OPTIMIZE MEXICO,2026-09-29,SI,,,NO,
CFDI-2026-011955,UTILIZADO,COMPROBADA / UTILIZADA,MARLENE MIRANDA,BENEFICIARIO,MARIELY CASTRO,PRODUCTOS PARA EL CUIDADO DE LA SALUD,2026-09-29,SI,,,NO,
CFDI-2026-011956,UTILIZADO,COMPROBADA / UTILIZADA,MARLENE MIRANDA,BENEFICIARIO,MARIELY CASTRO,BECTON DICKINSON INFUSION THERAPY SYSTEMS INC,2026-09-29,SI,,,NO,
CFDI-2026-011957,UTILIZADO,COMPROBADA / UTILIZADA,MARLENE MIRANDA,BENEFICIARIO,MARIELY CASTRO,BECTON DICKINSON INFUSION THERAPY SYSTEMS INC,2026-09-29,SI,,,NO,
CFDI-2026-011958,UTILIZADO,COMPROBADA / UTILIZADA,MARLENE MIRANDA,BENEFICIARIO,MARIELY CASTRO,INTEGRATED CABLE ASSEMBLY HOLDINGS,2026-09-29,SI,,,NO,
CFDI-2026-011959,UTILIZADO,COMPROBADA / UTILIZADA,MARLENE MIRANDA,BENEFICIARIO,MARIELY CASTRO,PRODUCTOS PARA EL CUIDADO DE LA SALUD,2026-09-29,SI,,,NO,
CFDI-2026-011960,UTILIZADO,COMPROBADA / UTILIZADA,MARLENE MIRANDA,BENEFICIARIO,MARIELY CASTRO,EDWARDS VACCUM,2026-09-29,SI,,,NO,
CFDI-2026-011961,UTILIZADO,COMPROBADA / UTILIZADA,MARLENE MIRANDA,BENEFICIARIO,MARIELY CASTRO,BECTON DICKINSON INFUSION THERAPY SYSTEMS INC,2026-09-29,SI,,,NO,
CFDI-2026-011962,UTILIZADO,COMPROBADA / UTILIZADA,MARLENE MIRANDA,BENEFICIARIO,MARIELY CASTRO,PRODUCTOS PARA EL CUIDADO DE LA SALUD,2026-09-29,SI,,,NO,
CFDI-2026-011963,UTILIZADO,COMPROBADA / UTILIZADA,MARLENE MIRANDA,BENEFICIARIO,MARIELY CASTRO,INTEGRATED CABLE ASSEMBLY HOLDINGS,2026-09-29,SI,,,NO,
CFDI-2026-011964,UTILIZADO,COMPROBADA / UTILIZADA,MARLENE MIRANDA,BENEFICIARIO,MARIELY CASTRO,ALTEX,2026-09-29,SI,,,NO,
CFDI-2026-011965,UTILIZADO,COMPROBADA / UTILIZADA,MARLENE MIRANDA,BENEFICIARIO,MARIELY CASTRO,BECTON DICKINSON INFUSION THERAPY SYSTEMS INC,2026-09-29,SI,,,NO,
CFDI-2026-011966,UTILIZADO,COMPROBADA / UTILIZADA,MARLENE MIRANDA,BENEFICIARIO,MARIELY CASTRO,AMPHENOL OPTIMIZE MEXICO,2026-09-29,SI,,,NO,
CFDI-2026-011967,UTILIZADO,COMPROBADA / UTILIZADA,MARLENE MIRANDA,BENEFICIARIO,MARIELY CASTRO,MTD CONSUMER PRODUCTS MEXICO,2026-09-29,SI,,,NO,
CFDI-2026-011968,UTILIZADO,COMPROBADA / UTILIZADA,MARLENE MIRANDA,BENEFICIARIO,MARIELY CASTRO,BUSSMANN,2026-09-30,SI,,,NO,
CFDI-2026-011969,UTILIZADO,COMPROBADA / UTILIZADA,MARLENE MIRANDA,BENEFICIARIO,MARIELY CASTRO,DORMAKABA,2026-09-30,SI,,,NO,
CFDI-2026-011970,UTILIZADO,COMPROBADA / UTILIZADA,MARLENE MIRANDA,BENEFICIARIO,MARIELY CASTRO,DORMAKABA,2026-09-30,SI,,,NO,
CFDI-2026-011971,ASIGNADO_OPERADOR,CON MARIELY CASTRO,MARLENE MIRANDA,BENEFICIARIO,MARIELY CASTRO,,,SI,,,NO,
CFDI-2026-011972,UTILIZADO,COMPROBADA / UTILIZADA,MARLENE MIRANDA,BENEFICIARIO,MARIELY CASTRO,INTEGRATED CABLE ASSEMBLY HOLDINGS,2026-09-30,SI,,,NO,
CFDI-2026-011973,UTILIZADO,COMPROBADA / UTILIZADA,MARLENE MIRANDA,BENEFICIARIO,MARIELY CASTRO,BUSSMANN,2026-10-01,SI,,,NO,
CFDI-2026-011974,UTILIZADO,COMPROBADA / UTILIZADA,MARLENE MIRANDA,BENEFICIARIO,MARIELY CASTRO,PRODUCTOS PARA EL CUIDADO DE LA SALUD,2026-09-30,SI,,,NO,
CFDI-2026-011975,UTILIZADO,COMPROBADA / UTILIZADA,MARLENE MIRANDA,BENEFICIARIO,MARIELY CASTRO,DORMAKABA,2026-10-01,SI,,,NO,
CFDI-2026-011976,UTILIZADO,COMPROBADA / UTILIZADA,MARLENE MIRANDA,BENEFICIARIO,MARIELY CASTRO,AMPHENOL ALDEN PRODUCTS MEXICO,2026-10-01,SI,,,NO,
CFDI-2026-011977,UTILIZADO,COMPROBADA / UTILIZADA,MARLENE MIRANDA,BENEFICIARIO,MARIELY CASTRO,MTD CONSUMER PRODUCTS MEXICO,2026-09-30,SI,,,NO,
CFDI-2026-011978,UTILIZADO,COMPROBADA / UTILIZADA,MARLENE MIRANDA,BENEFICIARIO,MARIELY CASTRO,HUMANSCALE,2026-10-01,SI,,,NO,
CFDI-2026-011979,UTILIZADO,COMPROBADA / UTILIZADA,MARLENE MIRANDA,BENEFICIARIO,MARIELY CASTRO,EDWARDS VACCUM,2026-10-01,SI,,,NO,
CFDI-2026-011980,UTILIZADO,COMPROBADA / UTILIZADA,MARLENE MIRANDA,BENEFICIARIO,MARIELY CASTRO,AVENT,2026-10-01,SI,,,NO,
CFDI-2026-011981,UTILIZADO,COMPROBADA / UTILIZADA,MARLENE MIRANDA,BENEFICIARIO,OSIRIS,PRODUCTOS PARA EL CUIDADO DE LA SALUD,2026-09-28,SI,,,NO,
CFDI-2026-011982,UTILIZADO,COMPROBADA / UTILIZADA,MARLENE MIRANDA,BENEFICIARIO,OSIRIS,BUSSMANN,2026-09-28,SI,,,NO,
CFDI-2026-011983,UTILIZADO,COMPROBADA / UTILIZADA,MARLENE MIRANDA,BENEFICIARIO,OSIRIS,PRODUCTOS PARA EL CUIDADO DE LA SALUD,2026-09-28,SI,,,NO,
CFDI-2026-011984,UTILIZADO,COMPROBADA / UTILIZADA,MARLENE MIRANDA,BENEFICIARIO,OSIRIS,BECTON DICKINSON INFUSION THERAPY SYSTEMS INC,2026-09-28,SI,,,NO,
CFDI-2026-011985,UTILIZADO,COMPROBADA / UTILIZADA,MARLENE MIRANDA,BENEFICIARIO,OSIRIS,AMPHENOL OPTIMIZE MEXICO,2026-09-28,SI,,,NO,
CFDI-2026-011986,UTILIZADO,COMPROBADA / UTILIZADA,MARLENE MIRANDA,BENEFICIARIO,OSIRIS,AMPHENOL ALDEN PRODUCTS MEXICO,2026-09-28,SI,,,NO,
CFDI-2026-011987,UTILIZADO,COMPROBADA / UTILIZADA,MARLENE MIRANDA,BENEFICIARIO,OSIRIS,WEISER LOCK MEXICO,2026-09-28,SI,,,NO,
CFDI-2026-011988,UTILIZADO,COMPROBADA / UTILIZADA,MARLENE MIRANDA,BENEFICIARIO,OSIRIS,PRODUCTOS PARA EL CUIDADO DE LA SALUD,2026-09-28,SI,,,NO,
CFDI-2026-011989,UTILIZADO,COMPROBADA / UTILIZADA,MARLENE MIRANDA,BENEFICIARIO,OSIRIS,WEISER LOCK MEXICO,2026-09-28,SI,,,NO,
CFDI-2026-011990,UTILIZADO,COMPROBADA / UTILIZADA,MARLENE MIRANDA,BENEFICIARIO,OSIRIS,PRODUCTOS PARA EL CUIDADO DE LA SALUD,2026-09-28,SI,,,NO,
CFDI-2026-011991,UTILIZADO,COMPROBADA / UTILIZADA,MARLENE MIRANDA,BENEFICIARIO,OSIRIS,BECTON DICKINSON INFUSION THERAPY SYSTEMS INC,2026-09-28,SI,,,NO,
CFDI-2026-011992,UTILIZADO,COMPROBADA / UTILIZADA,MARLENE MIRANDA,BENEFICIARIO,OSIRIS,EDWARDS VACCUM,2026-09-28,SI,,,NO,
CFDI-2026-011993,UTILIZADO,COMPROBADA / UTILIZADA,MARLENE MIRANDA,BENEFICIARIO,OSIRIS,AMPHENOL OPTIMIZE MEXICO,2026-09-28,SI,,,NO,
CFDI-2026-011994,UTILIZADO,COMPROBADA / UTILIZADA,MARLENE MIRANDA,BENEFICIARIO,OSIRIS,AMPHENOL OPTIMIZE MEXICO,2026-09-28,SI,,,NO,
CFDI-2026-011995,UTILIZADO,COMPROBADA / UTILIZADA,MARLENE MIRANDA,BENEFICIARIO,OSIRIS,AMPHENOL OPTIMIZE MEXICO,2026-09-28,SI,,,NO,
CFDI-2026-011996,UTILIZADO,COMPROBADA / UTILIZADA,MARLENE MIRANDA,BENEFICIARIO,OSIRIS,AMPHENOL OPTIMIZE MEXICO,2026-10-02,SI,,,NO,
CFDI-2026-011997,UTILIZADO,COMPROBADA / UTILIZADA,MARLENE MIRANDA,BENEFICIARIO,OSIRIS,AVENT,2026-09-28,SI,,,NO,
CFDI-2026-011998,UTILIZADO,COMPROBADA / UTILIZADA,MARLENE MIRANDA,BENEFICIARIO,OSIRIS,PRODUCTOS PARA EL CUIDADO DE LA SALUD,2026-09-28,SI,,,NO,
CFDI-2026-011999,UTILIZADO,COMPROBADA / UTILIZADA,MARLENE MIRANDA,BENEFICIARIO,OSIRIS,AMPHENOL OPTIMIZE MEXICO,2026-09-28,SI,,,NO,
CFDI-2026-012000,UTILIZADO,COMPROBADA / UTILIZADA,MARLENE MIRANDA,BENEFICIARIO,OSIRIS,AMPHENOL SAA,2026-09-29,SI,,,NO,
CFDI-2026-012001,UTILIZADO,COMPROBADA / UTILIZADA,MARLENE MIRANDA,BENEFICIARIO,OSIRIS,NORTH AMERICAN INTERCONNECT,2026-09-29,SI,,,NO,
CFDI-2026-012002,UTILIZADO,COMPROBADA / UTILIZADA,MARLENE MIRANDA,BENEFICIARIO,OSIRIS,BUSSMANN,2026-09-29,SI,,,NO,
CFDI-2026-012003,UTILIZADO,COMPROBADA / UTILIZADA,MARLENE MIRANDA,BENEFICIARIO,OSIRIS,AMPHENOL ONANON,2026-09-29,SI,,,NO,
CFDI-2026-012004,UTILIZADO,COMPROBADA / UTILIZADA,MARLENE MIRANDA,BENEFICIARIO,OSIRIS,AVENT,2026-09-29,SI,,,NO,
CFDI-2026-012005,UTILIZADO,COMPROBADA / UTILIZADA,MARLENE MIRANDA,BENEFICIARIO,OSIRIS,WEISER LOCK MEXICO,2026-09-30,SI,,,NO,
CFDI-2026-012006,UTILIZADO,COMPROBADA / UTILIZADA,MARLENE MIRANDA,BENEFICIARIO,OSIRIS,PRODUCTOS PARA EL CUIDADO DE LA SALUD,2026-09-30,SI,,,NO,
CFDI-2026-012007,UTILIZADO,COMPROBADA / UTILIZADA,MARLENE MIRANDA,BENEFICIARIO,OSIRIS,AMPHENOL OPTIMIZE MEXICO,2026-09-30,SI,,,NO,
CFDI-2026-012008,UTILIZADO,COMPROBADA / UTILIZADA,MARLENE MIRANDA,BENEFICIARIO,OSIRIS,AMPHENOL ONANON,2026-09-30,SI,,,NO,
CFDI-2026-012009,UTILIZADO,COMPROBADA / UTILIZADA,MARLENE MIRANDA,BENEFICIARIO,OSIRIS,PRODUCTOS PARA EL CUIDADO DE LA SALUD,2026-09-30,SI,,,NO,
CFDI-2026-012010,UTILIZADO,COMPROBADA / UTILIZADA,MARLENE MIRANDA,BENEFICIARIO,OSIRIS,WESTMED DE MEXICO,2026-09-30,SI,,,NO,
CFDI-2026-012011,UTILIZADO,COMPROBADA / UTILIZADA,MARLENE MIRANDA,BENEFICIARIO,OSIRIS,AMPHENOL OPTIMIZE MEXICO,2026-09-30,SI,,,NO,
CFDI-2026-012012,UTILIZADO,COMPROBADA / UTILIZADA,MARLENE MIRANDA,BENEFICIARIO,OSIRIS,MTD CONSUMER PRODUCTS MEXICO,2026-09-30,SI,,,NO,
CFDI-2026-012013,UTILIZADO,COMPROBADA / UTILIZADA,MARLENE MIRANDA,BENEFICIARIO,OSIRIS,EDWARDS VACCUM,2026-09-30,SI,,,NO,
CFDI-2026-012014,UTILIZADO,COMPROBADA / UTILIZADA,MARLENE MIRANDA,BENEFICIARIO,OSIRIS,BECTON DICKINSON INFUSION THERAPY SYSTEMS INC,2026-09-30,SI,,,NO,
CFDI-2026-012015,UTILIZADO,COMPROBADA / UTILIZADA,MARLENE MIRANDA,BENEFICIARIO,OSIRIS,DORMAKABA,2026-09-30,SI,,,NO,
CFDI-2026-012016,UTILIZADO,COMPROBADA / UTILIZADA,MARLENE MIRANDA,BENEFICIARIO,OSIRIS,PRODUCTOS PARA EL CUIDADO DE LA SALUD,2026-09-30,SI,,,NO,
CFDI-2026-012017,UTILIZADO,COMPROBADA / UTILIZADA,MARLENE MIRANDA,BENEFICIARIO,OSIRIS,AMPHENOL OPTIMIZE MEXICO,2026-09-30,SI,,,NO,
CFDI-2026-012018,UTILIZADO,COMPROBADA / UTILIZADA,MARLENE MIRANDA,BENEFICIARIO,OSIRIS,NORTH AMERICAN INTERCONNECT,2026-09-30,SI,,,NO,
CFDI-2026-012019,UTILIZADO,COMPROBADA / UTILIZADA,MARLENE MIRANDA,BENEFICIARIO,OSIRIS,DORMAKABA,2026-09-30,SI,,,NO,
CFDI-2026-012020,UTILIZADO,COMPROBADA / UTILIZADA,MARLENE MIRANDA,BENEFICIARIO,OSIRIS,AMPHENOL OPTIMIZE MEXICO,2026-09-30,SI,,,NO,
CFDI-2026-012021,UTILIZADO,COMPROBADA / UTILIZADA,MARLENE MIRANDA,BENEFICIARIO,OSIRIS,BECTON DICKINSON INFUSION THERAPY SYSTEMS INC,2026-09-30,SI,,,NO,
CFDI-2026-012022,UTILIZADO,COMPROBADA / UTILIZADA,MARLENE MIRANDA,BENEFICIARIO,OSIRIS,MTD CONSUMER PRODUCTS MEXICO,2026-09-30,SI,,,NO,
CFDI-2026-012023,UTILIZADO,COMPROBADA / UTILIZADA,MARLENE MIRANDA,BENEFICIARIO,OSIRIS,AMPHENOL OPTIMIZE MEXICO,2026-09-30,SI,,,NO,
CFDI-2026-012024,UTILIZADO,COMPROBADA / UTILIZADA,MARLENE MIRANDA,BENEFICIARIO,OSIRIS,PRODUCTOS PARA EL CUIDADO DE LA SALUD,2026-09-30,SI,,,NO,
CFDI-2026-012025,UTILIZADO,COMPROBADA / UTILIZADA,MARLENE MIRANDA,BENEFICIARIO,OSIRIS,PRODUCTOS PARA EL CUIDADO DE LA SALUD,2026-09-30,SI,,,NO,
CFDI-2026-012026,UTILIZADO,COMPROBADA / UTILIZADA,MARLENE MIRANDA,BENEFICIARIO,OSIRIS,INTEGRATED CABLE ASSEMBLY HOLDINGS,2026-09-30,SI,,,NO,
CFDI-2026-012027,UTILIZADO,COMPROBADA / UTILIZADA,MARLENE MIRANDA,BENEFICIARIO,OSIRIS,K-C AFC MANUFACTURING,2026-09-30,SI,,,NO,
CFDI-2026-012028,UTILIZADO,COMPROBADA / UTILIZADA,MARLENE MIRANDA,BENEFICIARIO,OSIRIS,BECTON DICKINSON INFUSION THERAPY SYSTEMS INC,2026-09-30,SI,,,NO,
CFDI-2026-012029,UTILIZADO,COMPROBADA / UTILIZADA,MARLENE MIRANDA,BENEFICIARIO,OSIRIS,EDWARDS VACCUM,2026-09-30,SI,,,NO,
CFDI-2026-012030,UTILIZADO,COMPROBADA / UTILIZADA,MARLENE MIRANDA,BENEFICIARIO,OSIRIS,BECTON DICKINSON INFUSION THERAPY SYSTEMS INC,2026-09-30,SI,,,NO,
CFDI-2026-012031,UTILIZADO,COMPROBADA / UTILIZADA,MARLENE MIRANDA,BENEFICIARIO,OSIRIS,AMPHENOL OPTIMIZE MEXICO,2026-09-30,SI,,,NO,
CFDI-2026-012032,UTILIZADO,COMPROBADA / UTILIZADA,MARLENE MIRANDA,BENEFICIARIO,OSIRIS,AVENT,2026-09-30,SI,,,NO,
CFDI-2026-012033,UTILIZADO,COMPROBADA / UTILIZADA,MARLENE MIRANDA,BENEFICIARIO,OSIRIS,MTD CONSUMER PRODUCTS MEXICO,2026-09-30,SI,,,NO,
CFDI-2026-012034,UTILIZADO,COMPROBADA / UTILIZADA,MARLENE MIRANDA,BENEFICIARIO,OSIRIS,WEISER LOCK MEXICO,2026-09-30,SI,,,NO,
CFDI-2026-012035,UTILIZADO,COMPROBADA / UTILIZADA,MARLENE MIRANDA,BENEFICIARIO,OSIRIS,DORMAKABA,2026-09-30,SI,,,NO,
CFDI-2026-012036,UTILIZADO,COMPROBADA / UTILIZADA,MARLENE MIRANDA,BENEFICIARIO,OSIRIS,AVENT,2026-09-30,SI,,,NO,
CFDI-2026-012037,UTILIZADO,COMPROBADA / UTILIZADA,MARLENE MIRANDA,BENEFICIARIO,OSIRIS,NORTH AMERICAN INTERCONNECT,2026-10-01,SI,,,NO,
CFDI-2026-012038,UTILIZADO,COMPROBADA / UTILIZADA,MARLENE MIRANDA,BENEFICIARIO,OSIRIS,NORTH AMERICAN INTERCONNECT,2026-10-01,SI,,,NO,
CFDI-2026-012039,UTILIZADO,COMPROBADA / UTILIZADA,MARLENE MIRANDA,BENEFICIARIO,OSIRIS,AVENT,2026-10-02,SI,,,NO,
CFDI-2026-012040,UTILIZADO,COMPROBADA / UTILIZADA,MARLENE MIRANDA,BENEFICIARIO,OSIRIS,WESTMED DE MEXICO,2026-10-02,SI,,,NO,
CFDI-2026-012041,UTILIZADO,COMPROBADA / UTILIZADA,MARLENE MIRANDA,BENEFICIARIO,ISIS SOTO,BECTON DICKINSON INFUSION THERAPY SYSTEMS INC,2026-09-28,SI,,,NO,
CFDI-2026-012042,UTILIZADO,COMPROBADA / UTILIZADA,MARLENE MIRANDA,BENEFICIARIO,ISIS SOTO,AMPHENOL OPTIMIZE MEXICO,2026-09-28,SI,,,NO,
CFDI-2026-012043,UTILIZADO,COMPROBADA / UTILIZADA,MARLENE MIRANDA,BENEFICIARIO,ISIS SOTO,AMPHENOL OPTIMIZE MEXICO,2026-09-28,SI,,,NO,
CFDI-2026-012044,UTILIZADO,COMPROBADA / UTILIZADA,MARLENE MIRANDA,BENEFICIARIO,ISIS SOTO,AMPHENOL OPTIMIZE MEXICO,2026-09-28,SI,,,NO,
CFDI-2026-012045,UTILIZADO,COMPROBADA / UTILIZADA,MARLENE MIRANDA,BENEFICIARIO,ISIS SOTO,INTEGRATED CABLE ASSEMBLY HOLDINGS,2026-09-28,SI,,,NO,
CFDI-2026-012046,UTILIZADO,COMPROBADA / UTILIZADA,MARLENE MIRANDA,BENEFICIARIO,ISIS SOTO,EATON,2026-09-28,SI,,,NO,
CFDI-2026-012047,UTILIZADO,COMPROBADA / UTILIZADA,MARLENE MIRANDA,BENEFICIARIO,ISIS SOTO,AMPHENOL OPTIMIZE MEXICO,2026-09-28,SI,,,NO,
CFDI-2026-012048,UTILIZADO,COMPROBADA / UTILIZADA,MARLENE MIRANDA,BENEFICIARIO,ISIS SOTO,WEISER LOCK MEXICO,2026-09-28,SI,,,NO,
CFDI-2026-012049,UTILIZADO,COMPROBADA / UTILIZADA,MARLENE MIRANDA,BENEFICIARIO,ISIS SOTO,BECTON SUR,2026-09-28,SI,,,NO,
CFDI-2026-012050,UTILIZADO,COMPROBADA / UTILIZADA,MARLENE MIRANDA,BENEFICIARIO,ISIS SOTO,EATON,2026-09-28,SI,,,NO,
CFDI-2026-012051,UTILIZADO,COMPROBADA / UTILIZADA,MARLENE MIRANDA,BENEFICIARIO,ISIS SOTO,AMPHENOL OPTIMIZE MEXICO,2026-09-28,SI,,,NO,
CFDI-2026-012052,UTILIZADO,COMPROBADA / UTILIZADA,MARLENE MIRANDA,BENEFICIARIO,ISIS SOTO,BUSSMANN,2026-09-28,SI,,,NO,
CFDI-2026-012053,UTILIZADO,COMPROBADA / UTILIZADA,MARLENE MIRANDA,BENEFICIARIO,ISIS SOTO,BECTON SUR,2026-09-28,SI,,,NO,
CFDI-2026-012054,UTILIZADO,COMPROBADA / UTILIZADA,MARLENE MIRANDA,BENEFICIARIO,ISIS SOTO,AMPHENOL OPTIMIZE MEXICO,2026-09-28,SI,,,NO,
CFDI-2026-012055,UTILIZADO,COMPROBADA / UTILIZADA,MARLENE MIRANDA,BENEFICIARIO,ISIS SOTO,MTD CONSUMER PRODUCTS MEXICO,2026-09-28,SI,,,NO,
CFDI-2026-012056,UTILIZADO,COMPROBADA / UTILIZADA,MARLENE MIRANDA,BENEFICIARIO,ISIS SOTO,BECTON SUR,2026-09-29,SI,,,NO,
CFDI-2026-012057,UTILIZADO,COMPROBADA / UTILIZADA,MARLENE MIRANDA,BENEFICIARIO,ISIS SOTO,AMPHENOL ALDEN PRODUCTS MEXICO,2026-09-28,SI,,,NO,
CFDI-2026-012058,UTILIZADO,COMPROBADA / UTILIZADA,MARLENE MIRANDA,BENEFICIARIO,ISIS SOTO,AMPHENOL AHPSD,2026-09-29,SI,,,NO,
CFDI-2026-012059,UTILIZADO,COMPROBADA / UTILIZADA,MARLENE MIRANDA,BENEFICIARIO,ISIS SOTO,AMPHENOL OPTIMIZE MEXICO,2026-09-29,SI,,,NO,
CFDI-2026-012060,UTILIZADO,COMPROBADA / UTILIZADA,MARLENE MIRANDA,BENEFICIARIO,ISIS SOTO,BECTON SUR,2026-09-29,SI,,,NO,
CFDI-2026-012061,UTILIZADO,COMPROBADA / UTILIZADA,MARLENE MIRANDA,BENEFICIARIO,ISIS SOTO,DORMAKABA,2026-09-29,SI,,,NO,
CFDI-2026-012062,UTILIZADO,COMPROBADA / UTILIZADA,MARLENE MIRANDA,BENEFICIARIO,ISIS SOTO,WESTMED DE MEXICO,2026-09-29,SI,,,NO,
CFDI-2026-012063,UTILIZADO,COMPROBADA / UTILIZADA,MARLENE MIRANDA,BENEFICIARIO,ISIS SOTO,BUSSMANN,2026-09-29,SI,,,NO,
CFDI-2026-012064,UTILIZADO,COMPROBADA / UTILIZADA,MARLENE MIRANDA,BENEFICIARIO,ISIS SOTO,WEISER LOCK MEXICO,2026-09-29,SI,,,NO,
CFDI-2026-012065,UTILIZADO,COMPROBADA / UTILIZADA,MARLENE MIRANDA,BENEFICIARIO,ISIS SOTO,EDWARDS VACCUM,2026-09-29,SI,,,NO,
CFDI-2026-012066,UTILIZADO,COMPROBADA / UTILIZADA,MARLENE MIRANDA,BENEFICIARIO,ISIS SOTO,WEISER LOCK MEXICO,2026-09-29,SI,,,NO,
CFDI-2026-012067,UTILIZADO,COMPROBADA / UTILIZADA,MARLENE MIRANDA,BENEFICIARIO,ISIS SOTO,AVENT,2026-09-29,SI,,,NO,
CFDI-2026-012068,UTILIZADO,COMPROBADA / UTILIZADA,MARLENE MIRANDA,BENEFICIARIO,ISIS SOTO,AMPHENOL OPTIMIZE MEXICO,2026-09-29,SI,,,NO,
CFDI-2026-012069,UTILIZADO,COMPROBADA / UTILIZADA,MARLENE MIRANDA,BENEFICIARIO,ISIS SOTO,PRODUCTOS PARA EL CUIDADO DE LA SALUD,2026-09-29,SI,,,NO,
CFDI-2026-012070,UTILIZADO,COMPROBADA / UTILIZADA,MARLENE MIRANDA,BENEFICIARIO,ISIS SOTO,K-C AFC MANUFACTURING,2026-09-29,SI,,,NO,
CFDI-2026-012071,UTILIZADO,COMPROBADA / UTILIZADA,MARLENE MIRANDA,BENEFICIARIO,ISIS SOTO,PRODUCTOS PARA EL CUIDADO DE LA SALUD,2026-09-29,SI,,,NO,
CFDI-2026-012072,UTILIZADO,COMPROBADA / UTILIZADA,MARLENE MIRANDA,BENEFICIARIO,ISIS SOTO,AMPHENOL OPTIMIZE MEXICO,2026-09-29,SI,,,NO,
CFDI-2026-012073,UTILIZADO,COMPROBADA / UTILIZADA,MARLENE MIRANDA,BENEFICIARIO,ISIS SOTO,AMPHENOL OPTIMIZE MEXICO,2026-09-29,SI,,,NO,
CFDI-2026-012074,UTILIZADO,COMPROBADA / UTILIZADA,MARLENE MIRANDA,BENEFICIARIO,ISIS SOTO,INTEGRATED CABLE ASSEMBLY HOLDINGS,2026-09-30,SI,,,NO,
CFDI-2026-012075,UTILIZADO,COMPROBADA / UTILIZADA,MARLENE MIRANDA,BENEFICIARIO,ISIS SOTO,PRODUCTOS PARA EL CUIDADO DE LA SALUD,2026-09-29,SI,,,NO,
CFDI-2026-012076,UTILIZADO,COMPROBADA / UTILIZADA,MARLENE MIRANDA,BENEFICIARIO,ISIS SOTO,AMPHENOL OPTIMIZE MEXICO,2026-09-30,SI,,,NO,
CFDI-2026-012077,UTILIZADO,COMPROBADA / UTILIZADA,MARLENE MIRANDA,BENEFICIARIO,ISIS SOTO,AMPHENOL OPTIMIZE MEXICO,2026-09-29,SI,,,NO,
CFDI-2026-012078,UTILIZADO,COMPROBADA / UTILIZADA,MARLENE MIRANDA,BENEFICIARIO,ISIS SOTO,PRODUCTOS PARA EL CUIDADO DE LA SALUD,2026-09-30,SI,,,NO,
CFDI-2026-012079,UTILIZADO,COMPROBADA / UTILIZADA,MARLENE MIRANDA,BENEFICIARIO,ISIS SOTO,HUMANSCALE,2026-09-30,SI,,,NO,
CFDI-2026-012080,UTILIZADO,COMPROBADA / UTILIZADA,MARLENE MIRANDA,BENEFICIARIO,ISIS SOTO,WEISER LOCK MEXICO,2026-09-30,SI,,,NO,
CFDI-2026-012081,UTILIZADO,COMPROBADA / UTILIZADA,MARLENE MIRANDA,BENEFICIARIO,ISIS SOTO,BUSSMANN,2026-09-30,SI,,,NO,
CFDI-2026-012082,UTILIZADO,COMPROBADA / UTILIZADA,MARLENE MIRANDA,BENEFICIARIO,ISIS SOTO,PRODUCTOS PARA EL CUIDADO DE LA SALUD,2026-09-30,SI,,,NO,
CFDI-2026-012083,UTILIZADO,COMPROBADA / UTILIZADA,MARLENE MIRANDA,BENEFICIARIO,ISIS SOTO,EDWARDS VACCUM,2026-09-30,SI,,,NO,
CFDI-2026-012084,UTILIZADO,COMPROBADA / UTILIZADA,MARLENE MIRANDA,BENEFICIARIO,ISIS SOTO,ITT CT,2026-09-29,SI,,,NO,
CFDI-2026-012085,UTILIZADO,COMPROBADA / UTILIZADA,MARLENE MIRANDA,BENEFICIARIO,ISIS SOTO,PRODUCTOS PARA EL CUIDADO DE LA SALUD,2026-09-30,SI,,,NO,
CFDI-2026-012086,UTILIZADO,COMPROBADA / UTILIZADA,MARLENE MIRANDA,BENEFICIARIO,ISIS SOTO,WESTMED DE MEXICO,2026-09-30,SI,,,NO,
CFDI-2026-012087,UTILIZADO,COMPROBADA / UTILIZADA,MARLENE MIRANDA,BENEFICIARIO,ISIS SOTO,AMPHENOL OPTIMIZE MEXICO,2026-09-30,SI,,,NO,
CFDI-2026-012088,UTILIZADO,COMPROBADA / UTILIZADA,MARLENE MIRANDA,BENEFICIARIO,ISIS SOTO,EDWARDS VACCUM,2026-09-30,SI,,,NO,
CFDI-2026-012089,UTILIZADO,COMPROBADA / UTILIZADA,MARLENE MIRANDA,BENEFICIARIO,ISIS SOTO,AMPHENOL OPTIMIZE MEXICO,2026-09-30,SI,,,NO,
CFDI-2026-012090,UTILIZADO,COMPROBADA / UTILIZADA,MARLENE MIRANDA,BENEFICIARIO,ISIS SOTO,WEISER LOCK MEXICO,2026-09-30,SI,,,NO,
CFDI-2026-012091,UTILIZADO,COMPROBADA / UTILIZADA,MARLENE MIRANDA,BENEFICIARIO,ISIS SOTO,INTEGRATED CABLE ASSEMBLY HOLDINGS,2026-09-30,SI,,,NO,
CFDI-2026-012092,UTILIZADO,COMPROBADA / UTILIZADA,MARLENE MIRANDA,BENEFICIARIO,ISIS SOTO,PRODUCTOS PARA EL CUIDADO DE LA SALUD,2026-09-30,SI,,,NO,
CFDI-2026-012093,UTILIZADO,COMPROBADA / UTILIZADA,MARLENE MIRANDA,BENEFICIARIO,ISIS SOTO,PRODUCTOS PARA EL CUIDADO DE LA SALUD,2026-10-01,SI,,,NO,
CFDI-2026-012094,UTILIZADO,COMPROBADA / UTILIZADA,MARLENE MIRANDA,BENEFICIARIO,ISIS SOTO,WESTMED DE MEXICO,2026-10-01,SI,,,NO,
CFDI-2026-012095,UTILIZADO,COMPROBADA / UTILIZADA,MARLENE MIRANDA,BENEFICIARIO,ISIS SOTO,AMPHENOL OPTIMIZE MEXICO,2026-10-01,SI,,,NO,
CFDI-2026-012096,UTILIZADO,COMPROBADA / UTILIZADA,MARLENE MIRANDA,BENEFICIARIO,ISIS SOTO,DORMAKABA,2026-10-01,SI,,,NO,
CFDI-2026-012097,UTILIZADO,COMPROBADA / UTILIZADA,MARLENE MIRANDA,BENEFICIARIO,ISIS SOTO,PRODUCTOS PARA EL CUIDADO DE LA SALUD,2026-10-01,SI,,,NO,
CFDI-2026-012098,UTILIZADO,COMPROBADA / UTILIZADA,MARLENE MIRANDA,BENEFICIARIO,ISIS SOTO,AMPHENOL OPTIMIZE MEXICO,2026-10-01,SI,,,NO,
CFDI-2026-012099,UTILIZADO,COMPROBADA / UTILIZADA,MARLENE MIRANDA,BENEFICIARIO,ISIS SOTO,HUMANSCALE,2026-10-01,SI,,,NO,
CFDI-2026-012100,UTILIZADO,COMPROBADA / UTILIZADA,MARLENE MIRANDA,BENEFICIARIO,ISIS SOTO,PRODUCTOS PARA EL CUIDADO DE LA SALUD,2026-10-01,SI,,,NO,
CFDI-2026-012101,UTILIZADO,COMPROBADA / UTILIZADA,MARLENE MIRANDA,OPERADOR,PADILLA ORTIZ RAUL FRANCISCO,ITT BIW,2026-10-02,SI,,,NO,
CFDI-2026-012102,EN_CUSTODIA,CUSTODIA: MARLENE MIRANDA,MARLENE MIRANDA,,,,,NO,,,NO,
CFDI-2026-012103,EN_CUSTODIA,CUSTODIA: MARLENE MIRANDA,MARLENE MIRANDA,,,,,NO,,,NO,
CFDI-2026-012104,ASIGNADO_OPERADOR,CON LOPEZ VALENCIA ALEJANDRO,MARLENE MIRANDA,OPERADOR,LOPEZ VALENCIA ALEJANDRO,,,NO,,,NO,
CFDI-2026-012105,UTILIZADO,COMPROBADA / UTILIZADA,MARLENE MIRANDA,OPERADOR,LOPEZ VALENCIA ALEJANDRO,ITT ICS,2026-10-02,SI,,,NO,
CFDI-2026-012106,EN_CUSTODIA,CUSTODIA: MARLENE MIRANDA,MARLENE MIRANDA,,,,,NO,,,NO,
CFDI-2026-012107,UTILIZADO,COMPROBADA / UTILIZADA,MARLENE MIRANDA,OPERADOR,MENDEZ URIBE JOSE SACRAMENTO,ITT CT,2026-09-29,SI,,,NO,
CFDI-2026-012108,EN_CUSTODIA,CUSTODIA: MARLENE MIRANDA,MARLENE MIRANDA,,,,,NO,,,NO,
CFDI-2026-012109,EN_CUSTODIA,CUSTODIA: MARLENE MIRANDA,MARLENE MIRANDA,,,,,NO,,,NO,
CFDI-2026-012110,EN_CUSTODIA,CUSTODIA: MARLENE MIRANDA,MARLENE MIRANDA,,,,,NO,,,NO,
CFDI-2026-012111,EN_CUSTODIA,CUSTODIA: MARLENE MIRANDA,MARLENE MIRANDA,,,,,NO,,,NO,
CFDI-2026-012112,EN_CUSTODIA,CUSTODIA: MARLENE MIRANDA,MARLENE MIRANDA,,,,,NO,,,NO,
CFDI-2026-012113,EN_CUSTODIA,CUSTODIA: MARLENE MIRANDA,MARLENE MIRANDA,,,,,NO,,,NO,
CFDI-2026-012114,UTILIZADO,COMPROBADA / UTILIZADA,MARLENE MIRANDA,OPERADOR,ARVIZU VAZQUEZ MARIO ALBERTO,ITT ICS,2026-09-30,NO,,,NO,
CFDI-2026-012115,UTILIZADO,COMPROBADA / UTILIZADA,MARLENE MIRANDA,OPERADOR,ARVIZU VAZQUEZ MARIO ALBERTO,ITT ICS,2026-10-01,SI,,,NO,
CFDI-2026-012116,UTILIZADO,COMPROBADA / UTILIZADA,MARLENE MIRANDA,OPERADOR,DE LA CRUZ TAUTIMES MARTIN,ITT CT,2026-09-28,SI,,,NO,
CFDI-2026-012117,UTILIZADO,COMPROBADA / UTILIZADA,MARLENE MIRANDA,OPERADOR,DE LA CRUZ TAUTIMES MARTIN,ITT ICS,2026-09-29,SI,,,NO,
CFDI-2026-012118,EN_CUSTODIA,CUSTODIA: MARLENE MIRANDA,MARLENE MIRANDA,,,,,NO,,,NO,
CFDI-2026-012119,ASIGNADO_OPERADOR,CON DE LEON HERNANDEZ ABRAHAM,MARLENE MIRANDA,OPERADOR,DE LEON HERNANDEZ ABRAHAM,,,NO,,,NO,
CFDI-2026-012120,ASIGNADO_OPERADOR,CON DE LEON HERNANDEZ ABRAHAM,MARLENE MIRANDA,OPERADOR,DE LEON HERNANDEZ ABRAHAM,,,NO,,,NO,
CFDI-2026-012121,UTILIZADO,COMPROBADA / UTILIZADA,MARLENE MIRANDA,OPERADOR,HERRERA GONZALEZ FRANCISCO JAVIER,ITT CT,2026-09-30,SI,,,NO,
CFDI-2026-012122,EN_CUSTODIA,CUSTODIA: MARLENE MIRANDA,MARLENE MIRANDA,,,,,NO,,,NO,
CFDI-2026-012123,EN_CUSTODIA,CUSTODIA: MARLENE MIRANDA,MARLENE MIRANDA,,,,,NO,,,NO,
CFDI-2026-012124,UTILIZADO,COMPROBADA / UTILIZADA,MARLENE MIRANDA,OPERADOR,DE LA CRUZ TAUTIMES MARTIN,ITT ICS,2026-09-30,SI,,,NO,
CFDI-2026-012125,UTILIZADO,COMPROBADA / UTILIZADA,MARLENE MIRANDA,OPERADOR,DE LA CRUZ TAUTIMES MARTIN,ITT CT,2026-10-01,SI,,,NO,
CFDI-2026-012126,UTILIZADO,COMPROBADA / UTILIZADA,MARLENE MIRANDA,OPERADOR,ARCE BARCELO LUIS RENE,ITT CT,2026-09-30,SI,,,NO,
CFDI-2026-012127,UTILIZADO,COMPROBADA / UTILIZADA,MARLENE MIRANDA,OPERADOR,ARCE BARCELO LUIS RENE,ITT CT,2026-09-30,SI,,,NO,
CFDI-2026-012128,UTILIZADO,COMPROBADA / UTILIZADA,MARLENE MIRANDA,BENEFICIARIO,MARIELY CASTRO,AMPHENOL OPTIMIZE MEXICO,2026-09-30,SI,,,NO,
CFDI-2026-012129,UTILIZADO,COMPROBADA / UTILIZADA,MARLENE MIRANDA,BENEFICIARIO,MARIELY CASTRO,BECTON DICKINSON INFUSION THERAPY SYSTEMS INC,2026-09-30,SI,,,NO,
CFDI-2026-012130,UTILIZADO,COMPROBADA / UTILIZADA,MARLENE MIRANDA,BENEFICIARIO,MARIELY CASTRO,AMPHENOL ALDEN PRODUCTS MEXICO,2026-09-30,SI,,,NO,
CFDI-2026-012131,UTILIZADO,COMPROBADA / UTILIZADA,MARLENE MIRANDA,BENEFICIARIO,MARIELY CASTRO,MTD CONSUMER PRODUCTS MEXICO,2026-09-30,SI,,,NO,
CFDI-2026-012132,UTILIZADO,COMPROBADA / UTILIZADA,MARLENE MIRANDA,BENEFICIARIO,MARIELY CASTRO,AMPHENOL OPTIMIZE MEXICO,2026-09-30,SI,,,NO,
CFDI-2026-012133,UTILIZADO,COMPROBADA / UTILIZADA,MARLENE MIRANDA,BENEFICIARIO,MARIELY CASTRO,BECTON DICKINSON INFUSION THERAPY SYSTEMS INC,2026-09-30,SI,,,NO,
CFDI-2026-012134,UTILIZADO,COMPROBADA / UTILIZADA,MARLENE MIRANDA,BENEFICIARIO,MARIELY CASTRO,HUMANSCALE,2026-09-30,SI,,,NO,
CFDI-2026-012135,UTILIZADO,COMPROBADA / UTILIZADA,MARLENE MIRANDA,BENEFICIARIO,MARIELY CASTRO,PRODUCTOS PARA EL CUIDADO DE LA SALUD,2026-09-30,SI,,,NO,
CFDI-2026-012136,UTILIZADO,COMPROBADA / UTILIZADA,MARLENE MIRANDA,BENEFICIARIO,MARIELY CASTRO,PRODUCTOS PARA EL CUIDADO DE LA SALUD,2026-10-01,SI,,,NO,
CFDI-2026-012137,UTILIZADO,COMPROBADA / UTILIZADA,MARLENE MIRANDA,BENEFICIARIO,MARIELY CASTRO,WEISER LOCK MEXICO,2026-10-01,SI,,,NO,
CFDI-2026-012138,UTILIZADO,COMPROBADA / UTILIZADA,MARLENE MIRANDA,BENEFICIARIO,MARIELY CASTRO,PRODUCTOS PARA EL CUIDADO DE LA SALUD,2026-10-01,SI,,,NO,
CFDI-2026-012139,UTILIZADO,COMPROBADA / UTILIZADA,MARLENE MIRANDA,BENEFICIARIO,MARIELY CASTRO,DORMAKABA,2026-10-01,SI,,,NO,
CFDI-2026-012140,UTILIZADO,COMPROBADA / UTILIZADA,MARLENE MIRANDA,BENEFICIARIO,MARIELY CASTRO,AMPHENOL OPTIMIZE MEXICO,2026-10-01,SI,,,NO,
CFDI-2026-012141,UTILIZADO,COMPROBADA / UTILIZADA,MARLENE MIRANDA,BENEFICIARIO,MARIELY CASTRO,BUSSMANN,2026-10-01,SI,,,NO,
CFDI-2026-012142,UTILIZADO,COMPROBADA / UTILIZADA,MARLENE MIRANDA,BENEFICIARIO,MARIELY CASTRO,AMPHENOL OPTIMIZE MEXICO,2026-10-01,SI,,,NO,
CFDI-2026-012143,UTILIZADO,COMPROBADA / UTILIZADA,MARLENE MIRANDA,BENEFICIARIO,MARIELY CASTRO,AMPHENOL OPTIMIZE MEXICO,2026-10-01,SI,,,NO,
CFDI-2026-012144,UTILIZADO,COMPROBADA / UTILIZADA,MARLENE MIRANDA,BENEFICIARIO,MARIELY CASTRO,BADGER METER DE MEXICO,2026-10-01,SI,,,NO,
CFDI-2026-012145,UTILIZADO,COMPROBADA / UTILIZADA,MARLENE MIRANDA,BENEFICIARIO,MARIELY CASTRO,BUSSMANN,2026-10-01,SI,,,NO,
CFDI-2026-012146,UTILIZADO,COMPROBADA / UTILIZADA,MARLENE MIRANDA,BENEFICIARIO,MARIELY CASTRO,EDWARDS VACCUM,2026-10-01,SI,,,NO,
CFDI-2026-012147,UTILIZADO,COMPROBADA / UTILIZADA,MARLENE MIRANDA,BENEFICIARIO,MARIELY CASTRO,WESTMED DE MEXICO,2026-10-01,SI,,,NO,
CFDI-2026-012148,UTILIZADO,COMPROBADA / UTILIZADA,MARLENE MIRANDA,BENEFICIARIO,MARIELY CASTRO,BUSSMANN,2026-10-01,SI,,,NO,
CFDI-2026-012149,UTILIZADO,COMPROBADA / UTILIZADA,MARLENE MIRANDA,BENEFICIARIO,MARIELY CASTRO,PRODUCTOS PARA EL CUIDADO DE LA SALUD,2026-10-01,SI,,,NO,
CFDI-2026-012150,UTILIZADO,COMPROBADA / UTILIZADA,MARLENE MIRANDA,BENEFICIARIO,MARIELY CASTRO,EDWARDS VACCUM,2026-10-01,SI,,,NO,
CFDI-2026-012151,UTILIZADO,COMPROBADA / UTILIZADA,MARLENE MIRANDA,BENEFICIARIO,MARIELY CASTRO,AMPHENOL OPTIMIZE MEXICO,2026-10-01,SI,,,NO,
CFDI-2026-012152,UTILIZADO,COMPROBADA / UTILIZADA,MARLENE MIRANDA,BENEFICIARIO,MARIELY CASTRO,AMPHENOL OPTIMIZE MEXICO,2026-10-01,SI,,,NO,
CFDI-2026-012153,UTILIZADO,COMPROBADA / UTILIZADA,MARLENE MIRANDA,BENEFICIARIO,MARIELY CASTRO,BECTON DICKINSON INFUSION THERAPY SYSTEMS INC,2026-10-01,SI,,,NO,
CFDI-2026-012154,UTILIZADO,COMPROBADA / UTILIZADA,MARLENE MIRANDA,BENEFICIARIO,MARIELY CASTRO,K-C AFC MANUFACTURING,2026-10-02,SI,,,NO,
CFDI-2026-012155,UTILIZADO,COMPROBADA / UTILIZADA,MARLENE MIRANDA,BENEFICIARIO,MARIELY CASTRO,BECTON DICKINSON INFUSION THERAPY SYSTEMS INC,2026-10-02,SI,,,NO,
CFDI-2026-012156,UTILIZADO,COMPROBADA / UTILIZADA,MARLENE MIRANDA,BENEFICIARIO,MARIELY CASTRO,AMPHENOL ONANON,2026-10-02,SI,,,NO,
CFDI-2026-012157,UTILIZADO,COMPROBADA / UTILIZADA,MARLENE MIRANDA,BENEFICIARIO,MARIELY CASTRO,BECTON DICKINSON INFUSION THERAPY SYSTEMS INC,2026-10-02,SI,,,NO,
CFDI-2026-012158,UTILIZADO,COMPROBADA / UTILIZADA,MARLENE MIRANDA,OPERADOR,ARCE BARCELO LUIS RENE,ITT ICS,2026-10-01,SI,,,NO,
CFDI-2026-012159,UTILIZADO,COMPROBADA / UTILIZADA,MARLENE MIRANDA,OPERADOR,ARCE BARCELO LUIS RENE,ITT ICS,2026-10-01,SI,,,NO,
CFDI-2026-012160,ASIGNADO_OPERADOR,CON ARVIZU VAZQUEZ MARIO ALBERTO,MARLENE MIRANDA,OPERADOR,ARVIZU VAZQUEZ MARIO ALBERTO,,,NO,,,NO,
CFDI-2026-012161,ASIGNADO_OPERADOR,CON ARVIZU VAZQUEZ MARIO ALBERTO,MARLENE MIRANDA,OPERADOR,ARVIZU VAZQUEZ MARIO ALBERTO,,,NO,,,NO,
CFDI-2026-012162,UTILIZADO,COMPROBADA / UTILIZADA,MARLENE MIRANDA,OPERADOR,VALENZUELA VERDUZCO RICARDO,ITT ICS,2026-10-02,SI,,,NO,
CFDI-2026-012163,UTILIZADO,COMPROBADA / UTILIZADA,MARLENE MIRANDA,BENEFICIARIO,OSIRIS,PRODUCTOS PARA EL CUIDADO DE LA SALUD,2026-10-02,SI,,,NO,
CFDI-2026-012164,UTILIZADO,COMPROBADA / UTILIZADA,MARLENE MIRANDA,BENEFICIARIO,OSIRIS,PRODUCTOS PARA EL CUIDADO DE LA SALUD,2026-10-02,SI,,,NO,
CFDI-2026-012165,UTILIZADO,COMPROBADA / UTILIZADA,MARLENE MIRANDA,BENEFICIARIO,OSIRIS,AMPHENOL OPTIMIZE MEXICO,2026-10-02,SI,,,NO,
CFDI-2026-012166,UTILIZADO,COMPROBADA / UTILIZADA,MARLENE MIRANDA,BENEFICIARIO,OSIRIS,PRODUCTOS PARA EL CUIDADO DE LA SALUD,2026-10-02,SI,,,NO,
CFDI-2026-012167,UTILIZADO,COMPROBADA / UTILIZADA,MARLENE MIRANDA,BENEFICIARIO,OSIRIS,AMPHENOL OPTIMIZE MEXICO,2026-10-02,SI,,,NO,
CFDI-2026-012168,UTILIZADO,COMPROBADA / UTILIZADA,MARLENE MIRANDA,BENEFICIARIO,OSIRIS,AMPHENOL OPTIMIZE MEXICO,2026-10-02,SI,,,NO,
CFDI-2026-012169,UTILIZADO,COMPROBADA / UTILIZADA,MARLENE MIRANDA,BENEFICIARIO,OSIRIS,PRODUCTOS PARA EL CUIDADO DE LA SALUD,2026-10-02,SI,,,NO,
CFDI-2026-012170,UTILIZADO,COMPROBADA / UTILIZADA,MARLENE MIRANDA,BENEFICIARIO,OSIRIS,BADGER METER DE MEXICO,2026-10-02,SI,,,NO,
CFDI-2026-012171,UTILIZADO,COMPROBADA / UTILIZADA,MARLENE MIRANDA,BENEFICIARIO,OSIRIS,INTEGRATED CABLE ASSEMBLY HOLDINGS,2026-10-02,SI,,,NO,
CFDI-2026-012172,UTILIZADO,COMPROBADA / UTILIZADA,MARLENE MIRANDA,BENEFICIARIO,OSIRIS,DORMAKABA,2026-10-02,SI,,,NO,
CFDI-2026-012173,UTILIZADO,COMPROBADA / UTILIZADA,MARLENE MIRANDA,BENEFICIARIO,OSIRIS,WEISER LOCK MEXICO,2026-10-01,SI,,,NO,
CFDI-2026-012174,UTILIZADO,COMPROBADA / UTILIZADA,MARLENE MIRANDA,BENEFICIARIO,OSIRIS,PRODUCTOS PARA EL CUIDADO DE LA SALUD,2026-10-01,SI,,,NO,
CFDI-2026-012175,UTILIZADO,COMPROBADA / UTILIZADA,MARLENE MIRANDA,BENEFICIARIO,OSIRIS,PRODUCTOS PARA EL CUIDADO DE LA SALUD,2026-10-01,SI,,,NO,
CFDI-2026-012176,UTILIZADO,COMPROBADA / UTILIZADA,MARLENE MIRANDA,BENEFICIARIO,OSIRIS,WEISER LOCK MEXICO,2026-10-01,SI,,,NO,
CFDI-2026-012177,UTILIZADO,COMPROBADA / UTILIZADA,MARLENE MIRANDA,BENEFICIARIO,OSIRIS,"DANNY HERMAN TRUCKING,INC",2026-10-01,SI,,,NO,
CFDI-2026-012178,UTILIZADO,COMPROBADA / UTILIZADA,MARLENE MIRANDA,BENEFICIARIO,OSIRIS,AMPHENOL ONANON,2026-10-01,SI,,,NO,
CFDI-2026-012179,UTILIZADO,COMPROBADA / UTILIZADA,MARLENE MIRANDA,BENEFICIARIO,OSIRIS,BECTON DICKINSON INFUSION THERAPY SYSTEMS INC,2026-10-01,SI,,,NO,
CFDI-2026-012180,UTILIZADO,COMPROBADA / UTILIZADA,MARLENE MIRANDA,BENEFICIARIO,OSIRIS,AMPHENOL OPTIMIZE MEXICO,2026-10-01,SI,,,NO,
CFDI-2026-012181,UTILIZADO,COMPROBADA / UTILIZADA,MARLENE MIRANDA,BENEFICIARIO,OSIRIS,BUSSMANN,2026-10-01,SI,,,NO,
CFDI-2026-012182,UTILIZADO,COMPROBADA / UTILIZADA,MARLENE MIRANDA,BENEFICIARIO,OSIRIS,AMPHENOL OPTIMIZE MEXICO,2026-10-01,SI,,,NO,
CFDI-2026-012183,UTILIZADO,COMPROBADA / UTILIZADA,MARLENE MIRANDA,BENEFICIARIO,OSIRIS,WEISER LOCK MEXICO,2026-10-01,SI,,,NO,
CFDI-2026-012184,UTILIZADO,COMPROBADA / UTILIZADA,MARLENE MIRANDA,BENEFICIARIO,OSIRIS,AMPHENOL SAA,2026-10-01,SI,,,NO,
CFDI-2026-012185,UTILIZADO,COMPROBADA / UTILIZADA,MARLENE MIRANDA,BENEFICIARIO,OSIRIS,AMPHENOL AHPS,2026-10-01,SI,,,NO,
CFDI-2026-012186,EN_CUSTODIA,CUSTODIA: MARLENE MIRANDA,MARLENE MIRANDA,,,,,NO,,,NO,
CFDI-2026-012187,UTILIZADO,COMPROBADA / UTILIZADA,MARLENE MIRANDA,BENEFICIARIO,ISIS SOTO,HUMANSCALE,2026-10-01,SI,,,NO,
CFDI-2026-012188,UTILIZADO,COMPROBADA / UTILIZADA,MARLENE MIRANDA,BENEFICIARIO,ISIS SOTO,DORMAKABA,2026-10-01,SI,,,NO,
CFDI-2026-012189,UTILIZADO,COMPROBADA / UTILIZADA,MARLENE MIRANDA,BENEFICIARIO,ISIS SOTO,WEISER LOCK MEXICO,2026-10-01,SI,,,NO,
CFDI-2026-012190,UTILIZADO,COMPROBADA / UTILIZADA,MARLENE MIRANDA,BENEFICIARIO,ISIS SOTO,PRODUCTOS PARA EL CUIDADO DE LA SALUD,2026-10-01,SI,,,NO,
CFDI-2026-012191,UTILIZADO,COMPROBADA / UTILIZADA,MARLENE MIRANDA,BENEFICIARIO,ISIS SOTO,K-C AFC MANUFACTURING,2026-10-01,SI,,,NO,
CFDI-2026-012192,UTILIZADO,COMPROBADA / UTILIZADA,MARLENE MIRANDA,BENEFICIARIO,ISIS SOTO,PRODUCTOS PARA EL CUIDADO DE LA SALUD,2026-10-01,SI,,,NO,
CFDI-2026-012193,UTILIZADO,COMPROBADA / UTILIZADA,MARLENE MIRANDA,BENEFICIARIO,ISIS SOTO,HUMANSCALE,2026-10-01,SI,,,NO,
CFDI-2026-012194,UTILIZADO,COMPROBADA / UTILIZADA,MARLENE MIRANDA,BENEFICIARIO,ISIS SOTO,AMPHENOL OPTIMIZE MEXICO,2026-10-02,SI,,,NO,
CFDI-2026-012195,UTILIZADO,COMPROBADA / UTILIZADA,MARLENE MIRANDA,BENEFICIARIO,ISIS SOTO,AMPHENOL ALDEN PRODUCTS MEXICO,2026-10-02,SI,,,NO,
CFDI-2026-012196,UTILIZADO,COMPROBADA / UTILIZADA,MARLENE MIRANDA,BENEFICIARIO,ISIS SOTO,DORMAKABA,2026-10-02,SI,,,NO,
CFDI-2026-012197,UTILIZADO,COMPROBADA / UTILIZADA,MARLENE MIRANDA,BENEFICIARIO,ISIS SOTO,PRODUCTOS PARA EL CUIDADO DE LA SALUD,2026-10-02,SI,,,NO,
CFDI-2026-012198,UTILIZADO,COMPROBADA / UTILIZADA,MARLENE MIRANDA,BENEFICIARIO,ISIS SOTO,AMPHENOL OPTIMIZE MEXICO,2026-10-02,SI,,,NO,
CFDI-2026-012199,UTILIZADO,COMPROBADA / UTILIZADA,MARLENE MIRANDA,BENEFICIARIO,ISIS SOTO,WEISER LOCK MEXICO,2026-10-02,SI,,,NO,
CFDI-2026-012200,UTILIZADO,COMPROBADA / UTILIZADA,MARLENE MIRANDA,BENEFICIARIO,ISIS SOTO,AMPHENOL OPTIMIZE MEXICO,2026-10-02,SI,,,NO,
CFDI-2026-012201,UTILIZADO,COMPROBADA / UTILIZADA,MARLENE MIRANDA,BENEFICIARIO,ISIS SOTO,DORMAKABA,2026-10-02,SI,,,NO,
CFDI-2026-012202,ASIGNADO_OPERADOR,CON ESTRADA GARCIA JAIME,MARLENE MIRANDA,OPERADOR,ESTRADA GARCIA JAIME,,,NO,,,NO,
CFDI-2026-012203,UTILIZADO,COMPROBADA / UTILIZADA,MARLENE MIRANDA,OPERADOR,DE LA CRUZ TAUTIMES MARTIN,ITT ICS,2026-10-03,SI,,,NO,
CFDI-2026-012204,UTILIZADO,COMPROBADA / UTILIZADA,MARLENE MIRANDA,OPERADOR,ARROYO PERALTA ISAAC,ITT CT,2026-10-02,SI,,,NO,
CFDI-2026-012205,ASIGNADO_OPERADOR,CON ARROYO PERALTA ISAAC,MARLENE MIRANDA,OPERADOR,ARROYO PERALTA ISAAC,,,NO,,,NO,
CFDI-2026-012206,UTILIZADO,COMPROBADA / UTILIZADA,MARLENE MIRANDA,BENEFICIARIO,OSIRIS,MTD CONSUMER PRODUCTS MEXICO,2026-10-03,SI,,,NO,
CFDI-2026-012207,UTILIZADO,COMPROBADA / UTILIZADA,MARLENE MIRANDA,BENEFICIARIO,OSIRIS,WEISER LOCK MEXICO,2026-10-03,SI,,,NO,
CFDI-2026-012208,UTILIZADO,COMPROBADA / UTILIZADA,MARLENE MIRANDA,BENEFICIARIO,OSIRIS,MTD CONSUMER PRODUCTS MEXICO,2026-10-03,SI,,,NO,
CFDI-2026-012209,UTILIZADO,COMPROBADA / UTILIZADA,MARLENE MIRANDA,BENEFICIARIO,OSIRIS,AMPHENOL OPTIMIZE MEXICO,2026-10-03,SI,,,NO,
CFDI-2026-012210,UTILIZADO,COMPROBADA / UTILIZADA,MARLENE MIRANDA,BENEFICIARIO,OSIRIS,WESTMED DE MEXICO,2026-10-03,SI,,,NO,
CFDI-2026-012211,UTILIZADO,COMPROBADA / UTILIZADA,MARLENE MIRANDA,BENEFICIARIO,OSIRIS,AMPHENOL OPTIMIZE MEXICO,2026-10-03,SI,,,NO,
CFDI-2026-012212,UTILIZADO,COMPROBADA / UTILIZADA,MARLENE MIRANDA,BENEFICIARIO,OSIRIS,PRODUCTOS PARA EL CUIDADO DE LA SALUD,2026-10-03,SI,,,NO,
CFDI-2026-012213,UTILIZADO,COMPROBADA / UTILIZADA,MARLENE MIRANDA,BENEFICIARIO,OSIRIS,K-C AFC MANUFACTURING,2026-10-03,SI,,,NO,
CFDI-2026-012214,UTILIZADO,COMPROBADA / UTILIZADA,MARLENE MIRANDA,BENEFICIARIO,OSIRIS,AMPHENOL OPTIMIZE MEXICO,2026-10-03,SI,,,NO,
CFDI-2026-012215,UTILIZADO,COMPROBADA / UTILIZADA,MARLENE MIRANDA,BENEFICIARIO,OSIRIS,EDWARDS VACCUM,2026-10-03,SI,,,NO,
CFDI-2026-012216,UTILIZADO,COMPROBADA / UTILIZADA,MARLENE MIRANDA,BENEFICIARIO,OSIRIS,INTEGRATED CABLE ASSEMBLY HOLDINGS,2026-10-03,SI,,,NO,
CFDI-2026-012217,UTILIZADO,COMPROBADA / UTILIZADA,MARLENE MIRANDA,BENEFICIARIO,OSIRIS,AMPHENOL OPTIMIZE MEXICO,2026-10-03,SI,,,NO,
CFDI-2026-012218,UTILIZADO,COMPROBADA / UTILIZADA,MARLENE MIRANDA,BENEFICIARIO,OSIRIS,WESTMED DE MEXICO,2026-10-03,SI,,,NO,
CFDI-2026-012219,UTILIZADO,COMPROBADA / UTILIZADA,MARLENE MIRANDA,BENEFICIARIO,OSIRIS,HUMANSCALE,2026-10-03,SI,,,NO,
CFDI-2026-012220,UTILIZADO,COMPROBADA / UTILIZADA,MARLENE MIRANDA,BENEFICIARIO,OSIRIS,WEISER LOCK MEXICO,2026-10-03,SI,,,NO,
CFDI-2026-012221,UTILIZADO,COMPROBADA / UTILIZADA,MARLENE MIRANDA,BENEFICIARIO,OSIRIS,PRODUCTOS PARA EL CUIDADO DE LA SALUD,2026-10-03,SI,,,NO,
CFDI-2026-012222,UTILIZADO,COMPROBADA / UTILIZADA,MARLENE MIRANDA,BENEFICIARIO,OSIRIS,AMPHENOL OPTIMIZE MEXICO,2026-10-03,SI,,,NO,
CFDI-2026-012223,UTILIZADO,COMPROBADA / UTILIZADA,MARLENE MIRANDA,BENEFICIARIO,OSIRIS,AMPHENOL OPTIMIZE MEXICO,2026-10-03,SI,,,NO,
CFDI-2026-012224,UTILIZADO,COMPROBADA / UTILIZADA,MARLENE MIRANDA,BENEFICIARIO,OSIRIS,WEISER LOCK MEXICO,2026-10-03,SI,,,NO,
CFDI-2026-012225,UTILIZADO,COMPROBADA / UTILIZADA,MARLENE MIRANDA,BENEFICIARIO,OSIRIS,NORTH AMERICAN INTERCONNECT,2026-10-03,SI,,,NO,
CFDI-2026-012226,UTILIZADO,COMPROBADA / UTILIZADA,MARLENE MIRANDA,BENEFICIARIO,OSIRIS,AMPHENOL OPTIMIZE MEXICO,2026-10-03,SI,,,NO,
CFDI-2026-012227,UTILIZADO,COMPROBADA / UTILIZADA,MARLENE MIRANDA,BENEFICIARIO,OSIRIS,EDWARDS VACCUM,2026-10-03,SI,,,NO,
CFDI-2026-012228,ASIGNADO_OPERADOR,CON OSIRIS,MARLENE MIRANDA,BENEFICIARIO,OSIRIS,,,NO,,,NO,
CFDI-2026-012229,ASIGNADO_OPERADOR,CON OSIRIS,MARLENE MIRANDA,BENEFICIARIO,OSIRIS,,,NO,,,NO,
CFDI-2026-012230,ASIGNADO_OPERADOR,CON OSIRIS,MARLENE MIRANDA,BENEFICIARIO,OSIRIS,,,NO,,,NO,
CFDI-2026-012231,UTILIZADO,COMPROBADA / UTILIZADA,MARLENE MIRANDA,BENEFICIARIO,MARIELY CASTRO,BECTON DICKINSON INFUSION THERAPY SYSTEMS INC,2026-10-02,SI,,,NO,
CFDI-2026-012232,UTILIZADO,COMPROBADA / UTILIZADA,MARLENE MIRANDA,BENEFICIARIO,MARIELY CASTRO,PRODUCTOS PARA EL CUIDADO DE LA SALUD,2026-10-02,SI,,,NO,
CFDI-2026-012233,UTILIZADO,COMPROBADA / UTILIZADA,MARLENE MIRANDA,BENEFICIARIO,MARIELY CASTRO,BECTON DICKINSON INFUSION THERAPY SYSTEMS INC,2026-10-02,SI,,,NO,
CFDI-2026-012234,UTILIZADO,COMPROBADA / UTILIZADA,MARLENE MIRANDA,BENEFICIARIO,MARIELY CASTRO,PRODUCTOS PARA EL CUIDADO DE LA SALUD,2026-10-03,SI,,,NO,
CFDI-2026-012235,UTILIZADO,COMPROBADA / UTILIZADA,MARLENE MIRANDA,BENEFICIARIO,MARIELY CASTRO,BUSSMANN,2026-10-03,SI,,,NO,
CFDI-2026-012236,UTILIZADO,COMPROBADA / UTILIZADA,MARLENE MIRANDA,BENEFICIARIO,MARIELY CASTRO,AVENT,2026-10-03,SI,,,NO,
CFDI-2026-012237,UTILIZADO,COMPROBADA / UTILIZADA,MARLENE MIRANDA,BENEFICIARIO,MARIELY CASTRO,EDWARDS VACCUM,2026-10-03,SI,,,NO,
CFDI-2026-012238,UTILIZADO,COMPROBADA / UTILIZADA,MARLENE MIRANDA,BENEFICIARIO,MARIELY CASTRO,AVENT,2026-10-02,SI,,,NO,
CFDI-2026-012239,UTILIZADO,COMPROBADA / UTILIZADA,MARLENE MIRANDA,BENEFICIARIO,MARIELY CASTRO,BECTON DICKINSON INFUSION THERAPY SYSTEMS INC,2026-10-03,SI,,,NO,
CFDI-2026-012240,UTILIZADO,COMPROBADA / UTILIZADA,MARLENE MIRANDA,BENEFICIARIO,MARIELY CASTRO,K-C AFC MANUFACTURING,2026-10-03,SI,,,NO,
CFDI-2026-012241,UTILIZADO,COMPROBADA / UTILIZADA,MARLENE MIRANDA,BENEFICIARIO,MARIELY CASTRO,AMPHENOL OPTIMIZE MEXICO,2026-10-03,SI,,,NO,
CFDI-2026-012242,UTILIZADO,COMPROBADA / UTILIZADA,MARLENE MIRANDA,BENEFICIARIO,MARIELY CASTRO,AMPHENOL SAA,2026-10-03,SI,,,NO,
CFDI-2026-012243,UTILIZADO,COMPROBADA / UTILIZADA,MARLENE MIRANDA,BENEFICIARIO,MARIELY CASTRO,HUMANSCALE,2026-10-02,SI,,,NO,
CFDI-2026-012244,UTILIZADO,COMPROBADA / UTILIZADA,MARLENE MIRANDA,BENEFICIARIO,MARIELY CASTRO,AMPHENOL OPTIMIZE MEXICO,2026-10-02,SI,,,NO,
CFDI-2026-012245,UTILIZADO,COMPROBADA / UTILIZADA,MARLENE MIRANDA,BENEFICIARIO,MARIELY CASTRO,AMPHENOL ONANON,2026-10-03,SI,,,NO,
CFDI-2026-012246,UTILIZADO,COMPROBADA / UTILIZADA,MARLENE MIRANDA,BENEFICIARIO,MARIELY CASTRO,WEISER LOCK MEXICO,2026-10-03,SI,,,NO,
CFDI-2026-012247,ASIGNADO_OPERADOR,CON ARCE BARCELO LUIS RENE,MARLENE MIRANDA,OPERADOR,ARCE BARCELO LUIS RENE,,,NO,,,NO,
CFDI-2026-012248,ASIGNADO_OPERADOR,CON ARCE BARCELO LUIS RENE,MARLENE MIRANDA,OPERADOR,ARCE BARCELO LUIS RENE,,,NO,,,NO,
CFDI-2026-012249,UTILIZADO,COMPROBADA / UTILIZADA,MARLENE MIRANDA,BENEFICIARIO,ISIS SOTO,PRODUCTOS PARA EL CUIDADO DE LA SALUD,2026-10-02,SI,,,NO,
CFDI-2026-012250,UTILIZADO,COMPROBADA / UTILIZADA,MARLENE MIRANDA,BENEFICIARIO,ISIS SOTO,DORMAKABA,2026-10-02,SI,,,NO,
CFDI-2026-012251,UTILIZADO,COMPROBADA / UTILIZADA,MARLENE MIRANDA,BENEFICIARIO,ISIS SOTO,EDWARDS VACCUM,2026-09-23,SI,,,NO,
CFDI-2026-012252,NUEVO,NUEVO,,,,,,NO,,,NO,
CFDI-2026-012253,NUEVO,NUEVO,,,,,,NO,,,NO,
CFDI-2026-012254,NUEVO,NUEVO,,,,,,NO,,,NO,
CFDI-2026-012255,NUEVO,NUEVO,,,,,,NO,,,NO,
CFDI-2026-012256,NUEVO,NUEVO,,,,,,NO,,,NO,
CFDI-2026-012257,NUEVO,NUEVO,,,,,,NO,,,NO,
CFDI-2026-012258,NUEVO,NUEVO,,,,,,NO,,,NO,
CFDI-2026-012259,NUEVO,NUEVO,,,,,,NO,,,NO,
CFDI-2026-012260,NUEVO,NUEVO,,,,,,NO,,,NO,
CFDI-2026-012261,NUEVO,NUEVO,,,,,,NO,,,NO,
CFDI-2026-012262,NUEVO,NUEVO,,,,,,NO,,,NO,
CFDI-2026-012263,NUEVO,NUEVO,,,,,,NO,,,NO,
CFDI-2026-012264,NUEVO,NUEVO,,,,,,NO,,,NO,
CFDI-2026-012265,NUEVO,NUEVO,,,,,,NO,,,NO,
CFDI-2026-012266,NUEVO,NUEVO,,,,,,NO,,,NO,
CFDI-2026-012267,NUEVO,NUEVO,,,,,,NO,,,NO,
CFDI-2026-012268,NUEVO,NUEVO,,,,,,NO,,,NO,
CFDI-2026-012269,NUEVO,NUEVO,,,,,,NO,,,NO,
CFDI-2026-012270,NUEVO,NUEVO,,,,,,NO,,,NO,
CFDI-2026-012271,NUEVO,NUEVO,,,,,,NO,,,NO,
CFDI-2026-012272,NUEVO,NUEVO,,,,,,NO,,,NO,
CFDI-2026-012273,NUEVO,NUEVO,,,,,,NO,,,NO,
CFDI-2026-012274,NUEVO,NUEVO,,,,,,NO,,,NO,
CFDI-2026-012275,NUEVO,NUEVO,,,,,,NO,,,NO,
CFDI-2026-012276,NUEVO,NUEVO,,,,,,NO,,,NO,
CFDI-2026-012277,NUEVO,NUEVO,,,,,,NO,,,NO,
CFDI-2026-012278,NUEVO,NUEVO,,,,,,NO,,,NO,
CFDI-2026-012279,NUEVO,NUEVO,,,,,,NO,,,NO,
CFDI-2026-012280,NUEVO,NUEVO,,,,,,NO,,,NO,
CFDI-2026-012281,NUEVO,NUEVO,,,,,,NO,,,NO,
CFDI-2026-012282,NUEVO,NUEVO,,,,,,NO,,,NO,
CFDI-2026-012283,NUEVO,NUEVO,,,,,,NO,,,NO,
CFDI-2026-012284,NUEVO,NUEVO,,,,,,NO,,,NO,
CFDI-2026-012285,NUEVO,NUEVO,,,,,,NO,,,NO,
CFDI-2026-012286,NUEVO,NUEVO,,,,,,NO,,,NO,
CFDI-2026-012287,NUEVO,NUEVO,,,,,,NO,,,NO,
CFDI-2026-012288,NUEVO,NUEVO,,,,,,NO,,,NO,
CFDI-2026-012289,NUEVO,NUEVO,,,,,,NO,,,NO,
CFDI-2026-012290,NUEVO,NUEVO,,,,,,NO,,,NO,
CFDI-2026-012291,NUEVO,NUEVO,,,,,,NO,,,NO,
CFDI-2026-012292,NUEVO,NUEVO,,,,,,NO,,,NO,
CFDI-2026-012293,NUEVO,NUEVO,,,,,,NO,,,NO,
CFDI-2026-012294,NUEVO,NUEVO,,,,,,NO,,,NO,
CFDI-2026-012295,NUEVO,NUEVO,,,,,,NO,,,NO,
CFDI-2026-012296,NUEVO,NUEVO,,,,,,NO,,,NO,
CFDI-2026-012297,NUEVO,NUEVO,,,,,,NO,,,NO,
CFDI-2026-012298,NUEVO,NUEVO,,,,,,NO,,,NO,
CFDI-2026-012299,NUEVO,NUEVO,,,,,,NO,,,NO,
CFDI-2026-012300,NUEVO,NUEVO,,,,,,NO,,,NO,
CFDI-2026-012301,NUEVO,NUEVO,,,,,,NO,,,NO,
CFDI-2026-012302,NUEVO,NUEVO,,,,,,NO,,,NO,
CFDI-2026-012303,NUEVO,NUEVO,,,,,,NO,,,NO,
CFDI-2026-012304,NUEVO,NUEVO,,,,,,NO,,,NO,
CFDI-2026-012305,NUEVO,NUEVO,,,,,,NO,,,NO,
CFDI-2026-012306,NUEVO,NUEVO,,,,,,NO,,,NO,
CFDI-2026-012307,NUEVO,NUEVO,,,,,,NO,,,NO,
CFDI-2026-012308,NUEVO,NUEVO,,,,,,NO,,,NO,
CFDI-2026-012309,NUEVO,NUEVO,,,,,,NO,,,NO,
CFDI-2026-012310,NUEVO,NUEVO,,,,,,NO,,,NO,
CFDI-2026-012311,NUEVO,NUEVO,,,,,,NO,,,NO,
CFDI-2026-012312,NUEVO,NUEVO,,,,,,NO,,,NO,
CFDI-2026-012313,NUEVO,NUEVO,,,,,,NO,,,NO,
CFDI-2026-012314,NUEVO,NUEVO,,,,,,NO,,,NO,
CFDI-2026-012315,NUEVO,NUEVO,,,,,,NO,,,NO,
CFDI-2026-012316,NUEVO,NUEVO,,,,,,NO,,,NO,
CFDI-2026-012317,NUEVO,NUEVO,,,,,,NO,,,NO,
CFDI-2026-012318,NUEVO,NUEVO,,,,,,NO,,,NO,
CFDI-2026-012319,NUEVO,NUEVO,,,,,,NO,,,NO,
CFDI-2026-012320,NUEVO,NUEVO,,,,,,NO,,,NO,
CFDI-2026-012321,NUEVO,NUEVO,,,,,,NO,,,NO,
CFDI-2026-012322,NUEVO,NUEVO,,,,,,NO,,,NO,
CFDI-2026-012323,NUEVO,NUEVO,,,,,,NO,,,NO,
CFDI-2026-012324,NUEVO,NUEVO,,,,,,NO,,,NO,
CFDI-2026-012325,NUEVO,NUEVO,,,,,,NO,,,NO,
CFDI-2026-012326,NUEVO,NUEVO,,,,,,NO,,,NO,
CFDI-2026-012327,NUEVO,NUEVO,,,,,,NO,,,NO,
CFDI-2026-012328,NUEVO,NUEVO,,,,,,NO,,,NO,
CFDI-2026-012329,NUEVO,NUEVO,,,,,,NO,,,NO,
CFDI-2026-012330,NUEVO,NUEVO,,,,,,NO,,,NO,
CFDI-2026-012331,NUEVO,NUEVO,,,,,,NO,,,NO,
CFDI-2026-012332,NUEVO,NUEVO,,,,,,NO,,,NO,
CFDI-2026-012333,NUEVO,NUEVO,,,,,,NO,,,NO,
CFDI-2026-012334,NUEVO,NUEVO,,,,,,NO,,,NO,
CFDI-2026-012335,NUEVO,NUEVO,,,,,,NO,,,NO,
CFDI-2026-012336,NUEVO,NUEVO,,,,,,NO,,,NO,
CFDI-2026-012337,NUEVO,NUEVO,,,,,,NO,,,NO,
CFDI-2026-012338,NUEVO,NUEVO,,,,,,NO,,,NO,
CFDI-2026-012339,NUEVO,NUEVO,,,,,,NO,,,NO,
CFDI-2026-012340,NUEVO,NUEVO,,,,,,NO,,,NO,
CFDI-2026-012341,NUEVO,NUEVO,,,,,,NO,,,NO,
CFDI-2026-012342,NUEVO,NUEVO,,,,,,NO,,,NO,
CFDI-2026-012343,NUEVO,NUEVO,,,,,,NO,,,NO,
CFDI-2026-012344,NUEVO,NUEVO,,,,,,NO,,,NO,
CFDI-2026-012345,NUEVO,NUEVO,,,,,,NO,,,NO,
CFDI-2026-012346,NUEVO,NUEVO,,,,,,NO,,,NO,
CFDI-2026-012347,NUEVO,NUEVO,,,,,,NO,,,NO,
CFDI-2026-012348,NUEVO,NUEVO,,,,,,NO,,,NO,
CFDI-2026-012349,NUEVO,NUEVO,,,,,,NO,,,NO,
CFDI-2026-012350,NUEVO,NUEVO,,,,,,NO,,,NO,
CFDI-2026-012351,NUEVO,NUEVO,,,,,,NO,,,NO,
CFDI-2026-012352,NUEVO,NUEVO,,,,,,NO,,,NO,
CFDI-2026-012353,NUEVO,NUEVO,,,,,,NO,,,NO,
CFDI-2026-012354,NUEVO,NUEVO,,,,,,NO,,,NO,
CFDI-2026-012355,NUEVO,NUEVO,,,,,,NO,,,NO,
CFDI-2026-012356,NUEVO,NUEVO,,,,,,NO,,,NO,
CFDI-2026-012357,NUEVO,NUEVO,,,,,,NO,,,NO,
CFDI-2026-012358,NUEVO,NUEVO,,,,,,NO,,,NO,
CFDI-2026-012359,NUEVO,NUEVO,,,,,,NO,,,NO,
CFDI-2026-012360,NUEVO,NUEVO,,,,,,NO,,,NO,
CFDI-2026-012361,NUEVO,NUEVO,,,,,,NO,,,NO,
CFDI-2026-012362,NUEVO,NUEVO,,,,,,NO,,,NO,
CFDI-2026-012363,NUEVO,NUEVO,,,,,,NO,,,NO,
CFDI-2026-012364,NUEVO,NUEVO,,,,,,NO,,,NO,
CFDI-2026-012365,NUEVO,NUEVO,,,,,,NO,,,NO,
CFDI-2026-012366,NUEVO,NUEVO,,,,,,NO,,,NO,
CFDI-2026-012367,NUEVO,NUEVO,,,,,,NO,,,NO,
CFDI-2026-012368,NUEVO,NUEVO,,,,,,NO,,,NO,
CFDI-2026-012369,NUEVO,NUEVO,,,,,,NO,,,NO,
CFDI-2026-012370,NUEVO,NUEVO,,,,,,NO,,,NO,
CFDI-2026-012371,NUEVO,NUEVO,,,,,,NO,,,NO,
CFDI-2026-012372,NUEVO,NUEVO,,,,,,NO,,,NO,
CFDI-2026-012373,NUEVO,NUEVO,,,,,,NO,,,NO,
CFDI-2026-012374,NUEVO,NUEVO,,,,,,NO,,,NO,
CFDI-2026-012375,NUEVO,NUEVO,,,,,,NO,,,NO,
CFDI-2026-012376,NUEVO,NUEVO,,,,,,NO,,,NO,
CFDI-2026-012377,NUEVO,NUEVO,,,,,,NO,,,NO,
CFDI-2026-012378,NUEVO,NUEVO,,,,,,NO,,,NO,
CFDI-2026-012379,NUEVO,NUEVO,,,,,,NO,,,NO,
CFDI-2026-012380,NUEVO,NUEVO,,,,,,NO,,,NO,
CFDI-2026-012381,NUEVO,NUEVO,,,,,,NO,,,NO,
CFDI-2026-012382,NUEVO,NUEVO,,,,,,NO,,,NO,
CFDI-2026-012383,NUEVO,NUEVO,,,,,,NO,,,NO,
CFDI-2026-012384,NUEVO,NUEVO,,,,,,NO,,,NO,
CFDI-2026-012385,NUEVO,NUEVO,,,,,,NO,,,NO,
CFDI-2026-012386,NUEVO,NUEVO,,,,,,NO,,,NO,
CFDI-2026-012387,NUEVO,NUEVO,,,,,,NO,,,NO,
CFDI-2026-012388,NUEVO,NUEVO,,,,,,NO,,,NO,
CFDI-2026-012389,NUEVO,NUEVO,,,,,,NO,,,NO,
CFDI-2026-012390,NUEVO,NUEVO,,,,,,NO,,,NO,
CFDI-2026-012391,NUEVO,NUEVO,,,,,,NO,,,NO,
CFDI-2026-012392,NUEVO,NUEVO,,,,,,NO,,,NO,
CFDI-2026-012393,NUEVO,NUEVO,,,,,,NO,,,NO,
CFDI-2026-012394,NUEVO,NUEVO,,,,,,NO,,,NO,
CFDI-2026-012395,NUEVO,NUEVO,,,,,,NO,,,NO,
CFDI-2026-012396,NUEVO,NUEVO,,,,,,NO,,,NO,
CFDI-2026-012397,NUEVO,NUEVO,,,,,,NO,,,NO,
CFDI-2026-012398,NUEVO,NUEVO,,,,,,NO,,,NO,
CFDI-2026-012399,NUEVO,NUEVO,,,,,,NO,,,NO,
CFDI-2026-012400,NUEVO,NUEVO,,,,,,NO,,,NO,
CFDI-2026-012401,NUEVO,NUEVO,,,,,,NO,,,NO,
CFDI-2026-012402,NUEVO,NUEVO,,,,,,NO,,,NO,
CFDI-2026-012403,NUEVO,NUEVO,,,,,,NO,,,NO,
CFDI-2026-012404,NUEVO,NUEVO,,,,,,NO,,,NO,
CFDI-2026-012405,NUEVO,NUEVO,,,,,,NO,,,NO,
CFDI-2026-012406,NUEVO,NUEVO,,,,,,NO,,,NO,
CFDI-2026-012407,NUEVO,NUEVO,,,,,,NO,,,NO,
CFDI-2026-012408,NUEVO,NUEVO,,,,,,NO,,,NO,
CFDI-2026-012409,NUEVO,NUEVO,,,,,,NO,,,NO,
CFDI-2026-012410,NUEVO,NUEVO,,,,,,NO,,,NO,
CFDI-2026-012411,NUEVO,NUEVO,,,,,,NO,,,NO,
CFDI-2026-012412,NUEVO,NUEVO,,,,,,NO,,,NO,
CFDI-2026-012413,NUEVO,NUEVO,,,,,,NO,,,NO,
CFDI-2026-012414,NUEVO,NUEVO,,,,,,NO,,,NO,
CFDI-2026-012415,NUEVO,NUEVO,,,,,,NO,,,NO,
CFDI-2026-012416,NUEVO,NUEVO,,,,,,NO,,,NO,
CFDI-2026-012417,NUEVO,NUEVO,,,,,,NO,,,NO,
CFDI-2026-012418,NUEVO,NUEVO,,,,,,NO,,,NO,
CFDI-2026-012419,NUEVO,NUEVO,,,,,,NO,,,NO,
CFDI-2026-012420,NUEVO,NUEVO,,,,,,NO,,,NO,
CFDI-2026-012421,NUEVO,NUEVO,,,,,,NO,,,NO,
CFDI-2026-012422,NUEVO,NUEVO,,,,,,NO,,,NO,
CFDI-2026-012423,NUEVO,NUEVO,,,,,,NO,,,NO,
CFDI-2026-012424,NUEVO,NUEVO,,,,,,NO,,,NO,
CFDI-2026-012425,NUEVO,NUEVO,,,,,,NO,,,NO,
CFDI-2026-012426,NUEVO,NUEVO,,,,,,NO,,,NO,
CFDI-2026-012427,NUEVO,NUEVO,,,,,,NO,,,NO,
CFDI-2026-012428,NUEVO,NUEVO,,,,,,NO,,,NO,
CFDI-2026-012429,NUEVO,NUEVO,,,,,,NO,,,NO,
CFDI-2026-012430,NUEVO,NUEVO,,,,,,NO,,,NO,
CFDI-2026-012431,NUEVO,NUEVO,,,,,,NO,,,NO,
CFDI-2026-012432,NUEVO,NUEVO,,,,,,NO,,,NO,
CFDI-2026-012433,NUEVO,NUEVO,,,,,,NO,,,NO,
CFDI-2026-012434,NUEVO,NUEVO,,,,,,NO,,,NO,
CFDI-2026-012435,NUEVO,NUEVO,,,,,,NO,,,NO,
CFDI-2026-012436,NUEVO,NUEVO,,,,,,NO,,,NO,
CFDI-2026-012437,NUEVO,NUEVO,,,,,,NO,,,NO,
CFDI-2026-012438,NUEVO,NUEVO,,,,,,NO,,,NO,
CFDI-2026-012439,NUEVO,NUEVO,,,,,,NO,,,NO,
CFDI-2026-012440,NUEVO,NUEVO,,,,,,NO,,,NO,
CFDI-2026-012441,NUEVO,NUEVO,,,,,,NO,,,NO,
CFDI-2026-012442,NUEVO,NUEVO,,,,,,NO,,,NO,
CFDI-2026-012443,NUEVO,NUEVO,,,,,,NO,,,NO,
CFDI-2026-012444,NUEVO,NUEVO,,,,,,NO,,,NO,
CFDI-2026-012445,NUEVO,NUEVO,,,,,,NO,,,NO,
CFDI-2026-012446,NUEVO,NUEVO,,,,,,NO,,,NO,
CFDI-2026-012447,NUEVO,NUEVO,,,,,,NO,,,NO,
CFDI-2026-012448,NUEVO,NUEVO,,,,,,NO,,,NO,
CFDI-2026-012449,NUEVO,NUEVO,,,,,,NO,,,NO,
CFDI-2026-012450,NUEVO,NUEVO,,,,,,NO,,,NO,
CFDI-2026-012451,NUEVO,NUEVO,,,,,,NO,,,NO,
CFDI-2026-012452,NUEVO,NUEVO,,,,,,NO,,,NO,
CFDI-2026-012453,NUEVO,NUEVO,,,,,,NO,,,NO,
CFDI-2026-012454,NUEVO,NUEVO,,,,,,NO,,,NO,
CFDI-2026-012455,NUEVO,NUEVO,,,,,,NO,,,NO,
CFDI-2026-012456,NUEVO,NUEVO,,,,,,NO,,,NO,
CFDI-2026-012457,NUEVO,NUEVO,,,,,,NO,,,NO,
CFDI-2026-012458,NUEVO,NUEVO,,,,,,NO,,,NO,
CFDI-2026-012459,NUEVO,NUEVO,,,,,,NO,,,NO,
CFDI-2026-012460,NUEVO,NUEVO,,,,,,NO,,,NO,
CFDI-2026-012461,NUEVO,NUEVO,,,,,,NO,,,NO,
CFDI-2026-012462,NUEVO,NUEVO,,,,,,NO,,,NO,
CFDI-2026-012463,NUEVO,NUEVO,,,,,,NO,,,NO,
CFDI-2026-012464,NUEVO,NUEVO,,,,,,NO,,,NO,
CFDI-2026-012465,NUEVO,NUEVO,,,,,,NO,,,NO,
CFDI-2026-012466,NUEVO,NUEVO,,,,,,NO,,,NO,
CFDI-2026-012467,NUEVO,NUEVO,,,,,,NO,,,NO,
CFDI-2026-012468,NUEVO,NUEVO,,,,,,NO,,,NO,
CFDI-2026-012469,NUEVO,NUEVO,,,,,,NO,,,NO,
CFDI-2026-012470,NUEVO,NUEVO,,,,,,NO,,,NO,
CFDI-2026-012471,NUEVO,NUEVO,,,,,,NO,,,NO,
CFDI-2026-012472,NUEVO,NUEVO,,,,,,NO,,,NO,
CFDI-2026-012473,NUEVO,NUEVO,,,,,,NO,,,NO,
CFDI-2026-012474,NUEVO,NUEVO,,,,,,NO,,,NO,
CFDI-2026-012475,NUEVO,NUEVO,,,,,,NO,,,NO,
CFDI-2026-012476,NUEVO,NUEVO,,,,,,NO,,,NO,
CFDI-2026-012477,NUEVO,NUEVO,,,,,,NO,,,NO,
CFDI-2026-012478,NUEVO,NUEVO,,,,,,NO,,,NO,
CFDI-2026-012479,NUEVO,NUEVO,,,,,,NO,,,NO,
CFDI-2026-012480,NUEVO,NUEVO,,,,,,NO,,,NO,
CFDI-2026-012481,NUEVO,NUEVO,,,,,,NO,,,NO,
CFDI-2026-012482,NUEVO,NUEVO,,,,,,NO,,,NO,
CFDI-2026-012483,NUEVO,NUEVO,,,,,,NO,,,NO,
CFDI-2026-012484,NUEVO,NUEVO,,,,,,NO,,,NO,
CFDI-2026-012485,NUEVO,NUEVO,,,,,,NO,,,NO,
CFDI-2026-012486,NUEVO,NUEVO,,,,,,NO,,,NO,
CFDI-2026-012487,NUEVO,NUEVO,,,,,,NO,,,NO,
CFDI-2026-012488,NUEVO,NUEVO,,,,,,NO,,,NO,
CFDI-2026-012489,NUEVO,NUEVO,,,,,,NO,,,NO,
CFDI-2026-012490,NUEVO,NUEVO,,,,,,NO,,,NO,
CFDI-2026-012491,NUEVO,NUEVO,,,,,,NO,,,NO,
CFDI-2026-012492,NUEVO,NUEVO,,,,,,NO,,,NO,
CFDI-2026-012493,NUEVO,NUEVO,,,,,,NO,,,NO,
CFDI-2026-012494,NUEVO,NUEVO,,,,,,NO,,,NO,
CFDI-2026-012495,NUEVO,NUEVO,,,,,,NO,,,NO,
CFDI-2026-012496,NUEVO,NUEVO,,,,,,NO,,,NO,
CFDI-2026-012497,NUEVO,NUEVO,,,,,,NO,,,NO,
CFDI-2026-012498,NUEVO,NUEVO,,,,,,NO,,,NO,
CFDI-2026-012499,NUEVO,NUEVO,,,,,,NO,,,NO,
CFDI-2026-012500,NUEVO,NUEVO,,,,,,NO,,,NO,
CFDI-2026-012501,NUEVO,NUEVO,,,,,,NO,,,NO,
CFDI-2026-012502,NUEVO,NUEVO,,,,,,NO,,,NO,
CFDI-2026-012503,NUEVO,NUEVO,,,,,,NO,,,NO,
CFDI-2026-012504,NUEVO,NUEVO,,,,,,NO,,,NO,
CFDI-2026-012505,NUEVO,NUEVO,,,,,,NO,,,NO,
CFDI-2026-012506,NUEVO,NUEVO,,,,,,NO,,,NO,
CFDI-2026-012507,NUEVO,NUEVO,,,,,,NO,,,NO,
CFDI-2026-012508,NUEVO,NUEVO,,,,,,NO,,,NO,
CFDI-2026-012509,NUEVO,NUEVO,,,,,,NO,,,NO,
CFDI-2026-012510,NUEVO,NUEVO,,,,,,NO,,,NO,
CFDI-2026-012511,NUEVO,NUEVO,,,,,,NO,,,NO,
CFDI-2026-012512,NUEVO,NUEVO,,,,,,NO,,,NO,
CFDI-2026-012513,NUEVO,NUEVO,,,,,,NO,,,NO,
CFDI-2026-012514,NUEVO,NUEVO,,,,,,NO,,,NO,
CFDI-2026-012515,NUEVO,NUEVO,,,,,,NO,,,NO,
CFDI-2026-012516,NUEVO,NUEVO,,,,,,NO,,,NO,
CFDI-2026-012517,NUEVO,NUEVO,,,,,,NO,,,NO,
CFDI-2026-012518,NUEVO,NUEVO,,,,,,NO,,,NO,
CFDI-2026-012519,NUEVO,NUEVO,,,,,,NO,,,NO,
CFDI-2026-012520,NUEVO,NUEVO,,,,,,NO,,,NO,
CFDI-2026-012521,NUEVO,NUEVO,,,,,,NO,,,NO,
CFDI-2026-012522,NUEVO,NUEVO,,,,,,NO,,,NO,
CFDI-2026-012523,NUEVO,NUEVO,,,,,,NO,,,NO,
CFDI-2026-012524,NUEVO,NUEVO,,,,,,NO,,,NO,
CFDI-2026-012525,NUEVO,NUEVO,,,,,,NO,,,NO,
CFDI-2026-012526,NUEVO,NUEVO,,,,,,NO,,,NO,
CFDI-2026-012527,NUEVO,NUEVO,,,,,,NO,,,NO,
CFDI-2026-012528,NUEVO,NUEVO,,,,,,NO,,,NO,
CFDI-2026-012529,NUEVO,NUEVO,,,,,,NO,,,NO,
CFDI-2026-012530,NUEVO,NUEVO,,,,,,NO,,,NO,
CFDI-2026-012531,NUEVO,NUEVO,,,,,,NO,,,NO,
CFDI-2026-012532,NUEVO,NUEVO,,,,,,NO,,,NO,
CFDI-2026-012533,NUEVO,NUEVO,,,,,,NO,,,NO,
CFDI-2026-012534,NUEVO,NUEVO,,,,,,NO,,,NO,
CFDI-2026-012535,NUEVO,NUEVO,,,,,,NO,,,NO,
CFDI-2026-012536,NUEVO,NUEVO,,,,,,NO,,,NO,
CFDI-2026-012537,NUEVO,NUEVO,,,,,,NO,,,NO,
CFDI-2026-012538,NUEVO,NUEVO,,,,,,NO,,,NO,
CFDI-2026-012539,NUEVO,NUEVO,,,,,,NO,,,NO,
CFDI-2026-012540,NUEVO,NUEVO,,,,,,NO,,,NO,
CFDI-2026-012541,NUEVO,NUEVO,,,,,,NO,,,NO,
CFDI-2026-012542,NUEVO,NUEVO,,,,,,NO,,,NO,
CFDI-2026-012543,NUEVO,NUEVO,,,,,,NO,,,NO,
CFDI-2026-012544,NUEVO,NUEVO,,,,,,NO,,,NO,
CFDI-2026-012545,NUEVO,NUEVO,,,,,,NO,,,NO,
CFDI-2026-012546,NUEVO,NUEVO,,,,,,NO,,,NO,
CFDI-2026-012547,NUEVO,NUEVO,,,,,,NO,,,NO,
CFDI-2026-012548,NUEVO,NUEVO,,,,,,NO,,,NO,
CFDI-2026-012549,NUEVO,NUEVO,,,,,,NO,,,NO,
CFDI-2026-012550,NUEVO,NUEVO,,,,,,NO,,,NO,
CFDI-2026-012551,NUEVO,NUEVO,,,,,,NO,,,NO,
CFDI-2026-012552,NUEVO,NUEVO,,,,,,NO,,,NO,
CFDI-2026-012553,NUEVO,NUEVO,,,,,,NO,,,NO,
CFDI-2026-012554,NUEVO,NUEVO,,,,,,NO,,,NO,
CFDI-2026-012555,NUEVO,NUEVO,,,,,,NO,,,NO,
CFDI-2026-012556,NUEVO,NUEVO,,,,,,NO,,,NO,
CFDI-2026-012557,NUEVO,NUEVO,,,,,,NO,,,NO,
CFDI-2026-012558,NUEVO,NUEVO,,,,,,NO,,,NO,
CFDI-2026-012559,NUEVO,NUEVO,,,,,,NO,,,NO,
CFDI-2026-012560,NUEVO,NUEVO,,,,,,NO,,,NO,
CFDI-2026-012561,NUEVO,NUEVO,,,,,,NO,,,NO,
CFDI-2026-012562,NUEVO,NUEVO,,,,,,NO,,,NO,
CFDI-2026-012563,NUEVO,NUEVO,,,,,,NO,,,NO,
CFDI-2026-012564,NUEVO,NUEVO,,,,,,NO,,,NO,
CFDI-2026-012565,NUEVO,NUEVO,,,,,,NO,,,NO,
CFDI-2026-012566,NUEVO,NUEVO,,,,,,NO,,,NO,
CFDI-2026-012567,NUEVO,NUEVO,,,,,,NO,,,NO,
CFDI-2026-012568,NUEVO,NUEVO,,,,,,NO,,,NO,
CFDI-2026-012569,NUEVO,NUEVO,,,,,,NO,,,NO,
CFDI-2026-012570,NUEVO,NUEVO,,,,,,NO,,,NO,
CFDI-2026-012571,NUEVO,NUEVO,,,,,,NO,,,NO,
CFDI-2026-012572,NUEVO,NUEVO,,,,,,NO,,,NO,
CFDI-2026-012573,NUEVO,NUEVO,,,,,,NO,,,NO,
CFDI-2026-012574,NUEVO,NUEVO,,,,,,NO,,,NO,
CFDI-2026-012575,NUEVO,NUEVO,,,,,,NO,,,NO,
CFDI-2026-012576,NUEVO,NUEVO,,,,,,NO,,,NO,
CFDI-2026-012577,NUEVO,NUEVO,,,,,,NO,,,NO,
CFDI-2026-012578,NUEVO,NUEVO,,,,,,NO,,,NO,
CFDI-2026-012579,NUEVO,NUEVO,,,,,,NO,,,NO,
CFDI-2026-012580,NUEVO,NUEVO,,,,,,NO,,,NO,
CFDI-2026-012581,NUEVO,NUEVO,,,,,,NO,,,NO,
CFDI-2026-012582,NUEVO,NUEVO,,,,,,NO,,,NO,
CFDI-2026-012583,NUEVO,NUEVO,,,,,,NO,,,NO,
CFDI-2026-012584,NUEVO,NUEVO,,,,,,NO,,,NO,
CFDI-2026-012585,NUEVO,NUEVO,,,,,,NO,,,NO,
CFDI-2026-012586,NUEVO,NUEVO,,,,,,NO,,,NO,
CFDI-2026-012587,NUEVO,NUEVO,,,,,,NO,,,NO,
CFDI-2026-012588,NUEVO,NUEVO,,,,,,NO,,,NO,
CFDI-2026-012589,NUEVO,NUEVO,,,,,,NO,,,NO,
CFDI-2026-012590,NUEVO,NUEVO,,,,,,NO,,,NO,
CFDI-2026-012591,NUEVO,NUEVO,,,,,,NO,,,NO,
CFDI-2026-012592,NUEVO,NUEVO,,,,,,NO,,,NO,
CFDI-2026-012593,NUEVO,NUEVO,,,,,,NO,,,NO,
CFDI-2026-012594,NUEVO,NUEVO,,,,,,NO,,,NO,
CFDI-2026-012595,NUEVO,NUEVO,,,,,,NO,,,NO,
CFDI-2026-012596,NUEVO,NUEVO,,,,,,NO,,,NO,
CFDI-2026-012597,NUEVO,NUEVO,,,,,,NO,,,NO,
CFDI-2026-012598,NUEVO,NUEVO,,,,,,NO,,,NO,
CFDI-2026-012599,NUEVO,NUEVO,,,,,,NO,,,NO,
CFDI-2026-012600,NUEVO,NUEVO,,,,,,NO,,,NO,
CFDI-2026-012601,NUEVO,NUEVO,,,,,,NO,,,NO,
CFDI-2026-012602,NUEVO,NUEVO,,,,,,NO,,,NO,
CFDI-2026-012603,NUEVO,NUEVO,,,,,,NO,,,NO,
CFDI-2026-012604,NUEVO,NUEVO,,,,,,NO,,,NO,
CFDI-2026-012605,NUEVO,NUEVO,,,,,,NO,,,NO,
CFDI-2026-012606,NUEVO,NUEVO,,,,,,NO,,,NO,
CFDI-2026-012607,NUEVO,NUEVO,,,,,,NO,,,NO,
CFDI-2026-012608,NUEVO,NUEVO,,,,,,NO,,,NO,
CFDI-2026-012609,NUEVO,NUEVO,,,,,,NO,,,NO,
CFDI-2026-012610,NUEVO,NUEVO,,,,,,NO,,,NO,
CFDI-2026-012611,NUEVO,NUEVO,,,,,,NO,,,NO,
CFDI-2026-012612,NUEVO,NUEVO,,,,,,NO,,,NO,
CFDI-2026-012613,NUEVO,NUEVO,,,,,,NO,,,NO,
CFDI-2026-012614,NUEVO,NUEVO,,,,,,NO,,,NO,
CFDI-2026-012615,NUEVO,NUEVO,,,,,,NO,,,NO,
CFDI-2026-012616,NUEVO,NUEVO,,,,,,NO,,,NO,
CFDI-2026-012617,NUEVO,NUEVO,,,,,,NO,,,NO,
CFDI-2026-012618,NUEVO,NUEVO,,,,,,NO,,,NO,
CFDI-2026-012619,NUEVO,NUEVO,,,,,,NO,,,NO,
CFDI-2026-012620,NUEVO,NUEVO,,,,,,NO,,,NO,
CFDI-2026-012621,NUEVO,NUEVO,,,,,,NO,,,NO,
CFDI-2026-012622,NUEVO,NUEVO,,,,,,NO,,,NO,
CFDI-2026-012623,NUEVO,NUEVO,,,,,,NO,,,NO,
CFDI-2026-012624,NUEVO,NUEVO,,,,,,NO,,,NO,
CFDI-2026-012625,NUEVO,NUEVO,,,,,,NO,,,NO,
CFDI-2026-012626,NUEVO,NUEVO,,,,,,NO,,,NO,
CFDI-2026-012627,NUEVO,NUEVO,,,,,,NO,,,NO,
CFDI-2026-012628,NUEVO,NUEVO,,,,,,NO,,,NO,
CFDI-2026-012629,NUEVO,NUEVO,,,,,,NO,,,NO,
CFDI-2026-012630,NUEVO,NUEVO,,,,,,NO,,,NO,
CFDI-2026-012631,NUEVO,NUEVO,,,,,,NO,,,NO,
CFDI-2026-012632,NUEVO,NUEVO,,,,,,NO,,,NO,
CFDI-2026-012633,NUEVO,NUEVO,,,,,,NO,,,NO,
CFDI-2026-012634,NUEVO,NUEVO,,,,,,NO,,,NO,
CFDI-2026-012635,NUEVO,NUEVO,,,,,,NO,,,NO,
CFDI-2026-012636,NUEVO,NUEVO,,,,,,NO,,,NO,
CFDI-2026-012637,NUEVO,NUEVO,,,,,,NO,,,NO,
CFDI-2026-012638,NUEVO,NUEVO,,,,,,NO,,,NO,
CFDI-2026-012639,NUEVO,NUEVO,,,,,,NO,,,NO,
CFDI-2026-012640,NUEVO,NUEVO,,,,,,NO,,,NO,
CFDI-2026-012641,NUEVO,NUEVO,,,,,,NO,,,NO,
CFDI-2026-012642,NUEVO,NUEVO,,,,,,NO,,,NO,
CFDI-2026-012643,NUEVO,NUEVO,,,,,,NO,,,NO,
CFDI-2026-012644,NUEVO,NUEVO,,,,,,NO,,,NO,
CFDI-2026-012645,NUEVO,NUEVO,,,,,,NO,,,NO,
CFDI-2026-012646,NUEVO,NUEVO,,,,,,NO,,,NO,
CFDI-2026-012647,NUEVO,NUEVO,,,,,,NO,,,NO,
CFDI-2026-012648,NUEVO,NUEVO,,,,,,NO,,,NO,
CFDI-2026-012649,NUEVO,NUEVO,,,,,,NO,,,NO,
CFDI-2026-012650,NUEVO,NUEVO,,,,,,NO,,,NO,
CFDI-2026-012651,NUEVO,NUEVO,,,,,,NO,,,NO,
M-2026-000001,UTILIZADO,COMPROBADA / UTILIZADA,MARLENE MIRANDA,OPERADOR,CASTRO PEÑUELAS GUILLERMO,AMPHENOL OPTIMIZE MEXICO,2026-09-16,SI,PRO-20260926-AMPHENOL-OPTIMIZE-MEXICO-140305,FACTURADA,SI,23423423423
M-2026-000003,UTILIZADO,COMPROBADA / UTILIZADA,MARLENE MIRANDA,OPERADOR,CASTRO PEÑUELAS GUILLERMO,K-C AFC MANUFACTURING,2026-09-19,SI,,,NO,
M-2026-000010,UTILIZADO,COMPROBADA / UTILIZADA,MARLENE MIRANDA,BENEFICIARIO,FRANCISCO pruebas,AMPHENOL ALDEN PRODUCTS MEXICO,2026-09-26,SI,,,NO,
M-2026-000015,ASIGNADO_OPERADOR,CON CASTRO PEÑUELAS GUILLERMO,MARLENE MIRANDA,OPERADOR,CASTRO PEÑUELAS GUILLERMO,,,NO,,,NO,
M-2026-000050,UTILIZADO,COMPROBADA / UTILIZADA,MARLENE MIRANDA,OPERADOR,CASTRO PEÑUELAS GUILLERMO,AMPHENOL OPTIMIZE MEXICO,2026-09-26,SI,PRO-20260926-AMPHENOL-OPTIMIZE-MEXICO-140305,FACTURADA,SI,23423423423
M-2026-007921,UTILIZADO,COMPROBADA / UTILIZADA,MARLENE MIRANDA,OPERADOR,VALENZUELA LEON JUAN ANTONIO,DORMAKABA,2026-07-13,SI,PRO-20261001-DORMAKABA-144753,FACTURADA,SI,FLB 13143
M-2026-008688,UTILIZADO,COMPROBADA / UTILIZADA,MARLENE MIRANDA,OPERADOR,HERNANDEZ ARIAS HUGO,DORMAKABA,2026-09-17,SI,PRO-20261001-DORMAKABA-144753,FACTURADA,SI,FLB 13143
M-2026-008944,UTILIZADO,COMPROBADA / UTILIZADA,MARLENE MIRANDA,OPERADOR,INZUNZA MONTOYA NOEL,HUMANSCALE,2026-09-13,SI,PRO-20261001-HUMANSCALE-113830,FACTURADA,SI,FLB 13133
M-2026-010089,UTILIZADO,COMPROBADA / UTILIZADA,MARLENE MIRANDA,OPERADOR,ESTRADA GARCIA JAIME,AMPHENOL OPTIMIZE MEXICO,2026-09-24,SI,PRO-20261001-AMPHENOL-OPTIMIZE-MEXICO-115730,FACTURADA,SI,FLB13135
M-2026-010127,UTILIZADO,COMPROBADA / UTILIZADA,MARLENE MIRANDA,BENEFICIARIO,MARIA,EDWARDS VACCUM,2026-09-25,SI,,,NO,
M-2026-010128,ASIGNADO_OPERADOR,CON MARIA,MARLENE MIRANDA,BENEFICIARIO,MARIA,,,NO,,,NO,
M-2026-010615,UTILIZADO,COMPROBADA / UTILIZADA,MARLENE MIRANDA,OPERADOR,PEREZ CHAVEZ CARLOS GERALDO,EDWARDS VACCUM,2026-08-21,SI,,,NO,
M-2026-010627,UTILIZADO,COMPROBADA / UTILIZADA,MARLENE MIRANDA,OPERADOR,GAXIOLA WAR JOEL ALFREDO,DORMAKABA,2026-09-21,SI,PRO-20261001-DORMAKABA-144753,FACTURADA,SI,FLB 13143
M-2026-010655,UTILIZADO,COMPROBADA / UTILIZADA,MARLENE MIRANDA,OPERADOR,ZEPEDA MORALES LUIS FERNANDO,DORMAKABA,2026-09-18,SI,PRO-20261001-DORMAKABA-144753,FACTURADA,SI,FLB 13143
M-2026-010812,UTILIZADO,COMPROBADA / UTILIZADA,MARLENE MIRANDA,BENEFICIARIO,MARIA,EDWARDS VACCUM,2026-09-24,SI,,,NO,
M-2026-010813,UTILIZADO,COMPROBADA / UTILIZADA,MARLENE MIRANDA,BENEFICIARIO,MARIA,EDWARDS VACCUM,2026-09-24,SI,,,NO,
M-2026-010814,UTILIZADO,COMPROBADA / UTILIZADA,MARLENE MIRANDA,OPERADOR,INZUNZA MONTOYA NOEL,EDWARDS VACCUM,2026-09-24,SI,,,NO,
M-2026-010815,UTILIZADO,COMPROBADA / UTILIZADA,MARLENE MIRANDA,OPERADOR,INZUNZA MONTOYA NOEL,EDWARDS VACCUM,2026-09-24,SI,,,NO,
M-2026-010860,UTILIZADO,COMPROBADA / UTILIZADA,MARLENE MIRANDA,OPERADOR,INZUNZA MONTOYA NOEL,PRODUCTOS PARA EL CUIDADO DE LA SALUD,2026-09-25,SI,PRO-20261003-PRODUCTOS-PARA-EL-CUIDADO-DE-LA-SALUD-121143,FACTURADA,SI,FLB 13209
M-2026-010955,UTILIZADO,COMPROBADA / UTILIZADA,MARLENE MIRANDA,OPERADOR,SOTO CORRAL SERGIO,INTEGRATED CABLE ASSEMBLY HOLDINGS,2026-09-24,SI,PRO-20261001-INTEGRATED-CABLE-ASSEMBLY-HOLDINGS-143725,FACTURADA,SI,FLB13145
M-2026-011074,UTILIZADO,COMPROBADA / UTILIZADA,MARLENE MIRANDA,OPERADOR,CIENFUEGOS GOCHAR RENATO ALONSO,AMPHENOL ALDEN PRODUCTS MEXICO,2026-09-16,SI,PRO-20261002-AMPHENOL-ALDEN-PRODUCTS-MEXICO-100229,FACTURADA,SI,FLB 13146
M-2026-011113,UTILIZADO,COMPROBADA / UTILIZADA,MARLENE MIRANDA,OPERADOR,MENDEZ URIBE JOSE SACRAMENTO,DORMAKABA,2026-09-03,SI,PRO-20261001-DORMAKABA-144753,FACTURADA,SI,FLB 13143
M-2026-011142,UTILIZADO,COMPROBADA / UTILIZADA,MARLENE MIRANDA,OPERADOR,ORTIZ GARCIA CANDELARIO,WEISER LOCK MEXICO,2026-09-25,SI,PRO-20261001-WEISER-LOCK-MEXICO-160852,PENDIENTE_FACTURAR,NO,
M-2026-011143,UTILIZADO,COMPROBADA / UTILIZADA,MARLENE MIRANDA,OPERADOR,ORTIZ GARCIA CANDELARIO,WEISER LOCK MEXICO,2026-09-25,SI,PRO-20261001-WEISER-LOCK-MEXICO-160852,PENDIENTE_FACTURAR,NO,
M-2026-011144,UTILIZADO,COMPROBADA / UTILIZADA,MARLENE MIRANDA,OPERADOR,ROMERO GALINDO FRANCISCO RAMON,DORMAKABA,2026-09-25,SI,PRO-20261001-DORMAKABA-144753,FACTURADA,SI,FLB 13143
M-2026-011292,UTILIZADO,COMPROBADA / UTILIZADA,MARLENE MIRANDA,OPERADOR,ROMERO IRIQUI JACOBO,K-C AFC MANUFACTURING,2026-10-02,SI,PRO-20261002-K-C-AFC-MANUFACTURING-092017,FACTURADA,SI,FLB 13107
M-2026-011293,UTILIZADO,COMPROBADA / UTILIZADA,MARLENE MIRANDA,OPERADOR,ZEPEDA MORALES LUIS FERNANDO,EDWARDS VACCUM,2026-09-26,SI,,,NO,
M-2026-011365,UTILIZADO,COMPROBADA / UTILIZADA,MARLENE MIRANDA,OPERADOR,LEAL IBAL JOSE LUIS,AMPHENOL OPTIMIZE MEXICO,2026-09-24,SI,,,NO,
M-2026-011366,UTILIZADO,COMPROBADA / UTILIZADA,MARLENE MIRANDA,OPERADOR,CASTRO GUZMAN SALVADOR,HUMANSCALE,2026-09-24,SI,PRO-20261001-HUMANSCALE-120536,FACTURADA,SI,FLB 13136
M-2026-011375,UTILIZADO,COMPROBADA / UTILIZADA,MARLENE MIRANDA,OPERADOR,SOTO CORRAL SERGIO,INTEGRATED CABLE ASSEMBLY HOLDINGS,2026-09-24,SI,PRO-20261001-INTEGRATED-CABLE-ASSEMBLY-HOLDINGS-143725,FACTURADA,SI,FLB13145
M-2026-011399,UTILIZADO,COMPROBADA / UTILIZADA,MARLENE MIRANDA,OPERADOR,INZUNZA MONTOYA NOEL,AMPHENOL SAA,2026-09-25,SI,PRO-20261001-AMPHENOL-SAA-145110,FACTURADA,SI,FLB13142
M-2026-011433,UTILIZADO,COMPROBADA / UTILIZADA,MARLENE MIRANDA,OPERADOR,INZUNZA MONTOYA NOEL,AMPHENOL OPTIMIZE MEXICO,2026-09-29,SI,PRO-20261001-AMPHENOL-OPTIMIZE-MEXICO-135205,FACTURADA,SI,FLB13139
M-2026-011434,UTILIZADO,COMPROBADA / UTILIZADA,MARLENE MIRANDA,OPERADOR,INZUNZA MONTOYA NOEL,DORMAKABA,2026-09-25,SI,PRO-20261001-DORMAKABA-144753,FACTURADA,SI,FLB 13143
M-2026-011446,UTILIZADO,COMPROBADA / UTILIZADA,MARLENE MIRANDA,OPERADOR,SOTO CORRAL SERGIO,AMPHENOL OPTIMIZE MEXICO,2026-10-01,SI,,,NO,
M-2026-011465,UTILIZADO,COMPROBADA / UTILIZADA,MARLENE MIRANDA,OPERADOR,VALENZUELA CORDERO JOAQUIN,PRODUCTOS PARA EL CUIDADO DE LA SALUD,2026-09-15,SI,PRO-20261003-PRODUCTOS-PARA-EL-CUIDADO-DE-LA-SALUD-121143,FACTURADA,SI,FLB 13209
M-2026-011473,UTILIZADO,COMPROBADA / UTILIZADA,MARLENE MIRANDA,OPERADOR,INZUNZA MONTOYA NOEL,DORMAKABA,2026-09-25,SI,PRO-20261001-DORMAKABA-144753,FACTURADA,SI,FLB 13143
M-2026-011474,UTILIZADO,COMPROBADA / UTILIZADA,MARLENE MIRANDA,OPERADOR,GAXIOLA WAR JOEL ALFREDO,WESTMED DE MEXICO,2026-09-29,SI,,,NO,
M-2026-011475,CANCELADO,CANCELADA,MARLENE MIRANDA,OPERADOR,VIZCARRA AMEZCUA BLADIMID,,2026-09-25,SI,,,NO,
M-2026-011479,UTILIZADO,COMPROBADA / UTILIZADA,MARLENE MIRANDA,OPERADOR,YRISSONT GUILLERMARD AGUSTIN,EDWARDS VACCUM,2026-09-22,SI,,,NO,
M-2026-011505,UTILIZADO,COMPROBADA / UTILIZADA,MARLENE MIRANDA,OPERADOR,QUIÑONES ARENAS JESUS ALEJANDRO,INTEGRATED CABLE ASSEMBLY HOLDINGS,2026-09-30,SI,,,NO,
M-2026-011513,UTILIZADO,COMPROBADA / UTILIZADA,MARLENE MIRANDA,OPERADOR,ROMERO GALINDO FRANCISCO RAMON,DORMAKABA,2026-09-25,SI,PRO-20261001-DORMAKABA-144753,FACTURADA,SI,FLB 13143
M-2026-011514,UTILIZADO,COMPROBADA / UTILIZADA,MARLENE MIRANDA,OPERADOR,ARCE BARCELO LUIS RENE,HUMANSCALE,2026-09-25,NO,PRO-20261001-HUMANSCALE-113830,FACTURADA,SI,FLB 13133
M-2026-011516,CANCELADO,CANCELADA,MARLENE MIRANDA,OPERADOR,ARCE BARCELO LUIS RENE,,2026-09-28,NO,,,NO,
M-2026-011547,UTILIZADO,COMPROBADA / UTILIZADA,MARLENE MIRANDA,OPERADOR,FLORES ARIAS ADRIAN,AMPHENOL ALDEN PRODUCTS MEXICO,2026-09-10,SI,PRO-20261002-AMPHENOL-ALDEN-PRODUCTS-MEXICO-100229,FACTURADA,SI,FLB 13146
M-2026-011555,UTILIZADO,COMPROBADA / UTILIZADA,MARLENE MIRANDA,OPERADOR,PEREZ CHAVEZ CARLOS GERALDO,WESTMED DE MEXICO,2026-09-10,SI,PRO-20261002-WESTMED-DE-MEXICO-122029,FACTURADA,SI,FLB 13169
M-2026-011573,UTILIZADO,COMPROBADA / UTILIZADA,MARLENE MIRANDA,OPERADOR,CIENFUEGOS GOCHAR RENATO ALONSO,AVENT,2026-09-29,SI,PRO-20261002-AVENT-154700,FACTURADA,SI,FLB 13199
M-2026-011576,UTILIZADO,COMPROBADA / UTILIZADA,MARLENE MIRANDA,OPERADOR,LUNA ANDRADE DANIEL,AMPHENOL OPTIMIZE MEXICO,2026-09-29,SI,,,NO,
M-2026-011577,UTILIZADO,COMPROBADA / UTILIZADA,MARLENE MIRANDA,OPERADOR,LUNA ANDRADE DANIEL,DORMAKABA,2026-09-21,SI,PRO-20261001-DORMAKABA-144753,FACTURADA,SI,FLB 13143
M-2026-011583,UTILIZADO,COMPROBADA / UTILIZADA,MARLENE MIRANDA,OPERADOR,ARCE BARCELO LUIS RENE,EDWARDS VACCUM,2026-09-25,SI,,,NO,
M-2026-011585,CANCELADO,CANCELADA,MARLENE MIRANDA,OPERADOR,VIZCARRA AMEZCUA BLADIMID,,2026-09-24,SI,,,NO,
M-2026-011586,UTILIZADO,COMPROBADA / UTILIZADA,MARLENE MIRANDA,OPERADOR,MENDEZ URIBE JOSE SACRAMENTO,DORMAKABA,2026-09-23,SI,PRO-20261001-DORMAKABA-144753,FACTURADA,SI,FLB 13143
M-2026-011587,UTILIZADO,COMPROBADA / UTILIZADA,MARLENE MIRANDA,OPERADOR,MEDINA ARMENDARIZ LUIS ENRIQUE,DORMAKABA,2026-09-24,SI,PRO-20261001-DORMAKABA-144753,FACTURADA,SI,FLB 13143
M-2026-011616,UTILIZADO,COMPROBADA / UTILIZADA,MARLENE MIRANDA,OPERADOR,GAXIOLA WAR JOEL ALFREDO,WESTMED DE MEXICO,2026-09-29,SI,PRO-20261002-WESTMED-DE-MEXICO-110747,FACTURADA,SI,FLB13148
M-2026-011635,UTILIZADO,COMPROBADA / UTILIZADA,MARLENE MIRANDA,OPERADOR,ZEPEDA MORALES LUIS FERNANDO,AMPHENOL OPTIMIZE MEXICO,2026-09-25,NO,PRO-20261001-AMPHENOL-OPTIMIZE-MEXICO-115730,FACTURADA,SI,FLB13135
M-2026-011636,UTILIZADO,COMPROBADA / UTILIZADA,MARLENE MIRANDA,OPERADOR,ZEPEDA MORALES LUIS FERNANDO,AMPHENOL OPTIMIZE MEXICO,2026-09-25,NO,PRO-20261001-AMPHENOL-OPTIMIZE-MEXICO-135205,FACTURADA,SI,FLB13139
M-2026-011638,UTILIZADO,COMPROBADA / UTILIZADA,MARLENE MIRANDA,OPERADOR,ZEPEDA MORALES LUIS FERNANDO,HUMANSCALE,2026-09-26,NO,PRO-20261001-HUMANSCALE-120536,FACTURADA,SI,FLB 13136
M-2026-011639,UTILIZADO,COMPROBADA / UTILIZADA,MARLENE MIRANDA,OPERADOR,ARCE BARCELO LUIS RENE,EDWARDS VACCUM,2026-09-25,NO,,,NO,
M-2026-011644,UTILIZADO,COMPROBADA / UTILIZADA,MARLENE MIRANDA,OPERADOR,LEAL IBAL JOSE LUIS,WEISER LOCK MEXICO,2026-09-25,SI,PRO-20261001-WEISER-LOCK-MEXICO-160852,PENDIENTE_FACTURAR,NO,
M-2026-011658,UTILIZADO,COMPROBADA / UTILIZADA,MARLENE MIRANDA,OPERADOR,MEDINA ARMENDARIZ LUIS ENRIQUE,DORMAKABA,2026-09-24,SI,PRO-20261001-DORMAKABA-144753,FACTURADA,SI,FLB 13143
M-2026-011659,UTILIZADO,COMPROBADA / UTILIZADA,MARLENE MIRANDA,OPERADOR,MEDINA ARMENDARIZ LUIS ENRIQUE,DORMAKABA,2026-09-24,SI,PRO-20261001-DORMAKABA-144753,FACTURADA,SI,FLB 13143
M-2026-011660,UTILIZADO,COMPROBADA / UTILIZADA,MARLENE MIRANDA,OPERADOR,MEDINA ARMENDARIZ LUIS ENRIQUE,DORMAKABA,2026-09-24,SI,PRO-20261001-DORMAKABA-144753,FACTURADA,SI,FLB 13143
M-2026-011661,UTILIZADO,COMPROBADA / UTILIZADA,MARLENE MIRANDA,OPERADOR,GAXIOLA WAR JOEL ALFREDO,AMPHENOL OPTIMIZE MEXICO,2026-09-30,SI,,,NO,
M-2026-011663,UTILIZADO,COMPROBADA / UTILIZADA,MARLENE MIRANDA,OPERADOR,QUIÑONES ARENAS JESUS ALEJANDRO,INTEGRATED CABLE ASSEMBLY HOLDINGS,2026-09-30,SI,,,NO,
M-2026-011664,UTILIZADO,COMPROBADA / UTILIZADA,MARLENE MIRANDA,OPERADOR,MEDINA ARMENDARIZ LUIS ENRIQUE,ITT CT,2026-10-01,SI,,,NO,
M-2026-011665,UTILIZADO,COMPROBADA / UTILIZADA,MARLENE MIRANDA,OPERADOR,VALENZUELA CORDERO JOAQUIN,M C DAVIS INTERNACIONAL,2026-10-02,SI,,,NO,
M-2026-011666,UTILIZADO,COMPROBADA / UTILIZADA,MARLENE MIRANDA,OPERADOR,VALENZUELA CORDERO JOAQUIN,M C DAVIS INTERNACIONAL,2026-10-02,SI,,,NO,
M-2026-011675,UTILIZADO,COMPROBADA / UTILIZADA,MARLENE MIRANDA,OPERADOR,VALLES PARRA FRANCISCO,WEISER LOCK MEXICO,2026-09-24,SI,PRO-20261001-WEISER-LOCK-MEXICO-160852,PENDIENTE_FACTURAR,NO,
M-2026-011676,UTILIZADO,COMPROBADA / UTILIZADA,MARLENE MIRANDA,OPERADOR,VALLES PARRA FRANCISCO,WEISER LOCK MEXICO,2026-09-25,SI,PRO-20261001-WEISER-LOCK-MEXICO-160852,PENDIENTE_FACTURAR,NO,
M-2026-011679,UTILIZADO,COMPROBADA / UTILIZADA,MARLENE MIRANDA,OPERADOR,QUIÑONES ARENAS JESUS ALEJANDRO,INTEGRATED CABLE ASSEMBLY HOLDINGS,2026-09-30,SI,,,NO,
M-2026-011680,UTILIZADO,COMPROBADA / UTILIZADA,MARLENE MIRANDA,OPERADOR,QUIÑONES ARENAS JESUS ALEJANDRO,PRODUCTOS PARA EL CUIDADO DE LA SALUD,2026-10-01,SI,,,NO,
M-2026-011687,UTILIZADO,COMPROBADA / UTILIZADA,MARLENE MIRANDA,OPERADOR,CASTRO GUZMAN SALVADOR,AVENT,2026-09-23,SI,,,NO,
M-2026-011688,UTILIZADO,COMPROBADA / UTILIZADA,MARLENE MIRANDA,OPERADOR,ROMERO IRIQUI JACOBO,EDWARDS VACCUM,2026-09-24,NO,,,NO,
M-2026-011696,UTILIZADO,COMPROBADA / UTILIZADA,MARLENE MIRANDA,OPERADOR,ORNELAS MANJARREZ JESUS EMILIO,DORMAKABA,2026-09-11,SI,PRO-20261001-DORMAKABA-144753,FACTURADA,SI,FLB 13143
M-2026-011716,UTILIZADO,COMPROBADA / UTILIZADA,MARLENE MIRANDA,OPERADOR,YRISSONT GUILLERMARD AGUSTIN,AMPHENOL OPTIMIZE MEXICO,2026-09-28,SI,,,NO,
M-2026-011725,UTILIZADO,COMPROBADA / UTILIZADA,MARLENE MIRANDA,OPERADOR,MENDEZ URIBE JOSE SACRAMENTO,DORMAKABA,2026-09-30,SI,,,NO,
M-2026-011726,UTILIZADO,COMPROBADA / UTILIZADA,MARLENE MIRANDA,OPERADOR,SOTO CORRAL SERGIO,WEISER LOCK MEXICO,2026-09-23,SI,PRO-20261001-WEISER-LOCK-MEXICO-160852,PENDIENTE_FACTURAR,NO,
M-2026-011733,UTILIZADO,COMPROBADA / UTILIZADA,MARLENE MIRANDA,OPERADOR,QUIÑONES ARENAS JESUS ALEJANDRO,PRODUCTOS PARA EL CUIDADO DE LA SALUD,2026-10-01,SI,,,NO,
M-2026-011734,UTILIZADO,COMPROBADA / UTILIZADA,MARLENE MIRANDA,OPERADOR,MENDEZ URIBE JOSE SACRAMENTO,DORMAKABA,2026-09-30,SI,,,NO,
M-2026-011742,UTILIZADO,COMPROBADA / UTILIZADA,MARLENE MIRANDA,OPERADOR,ZEPEDA MORALES LUIS FERNANDO,AMPHENOL ALDEN PRODUCTS MEXICO,2026-09-11,SI,PRO-20261002-AMPHENOL-ALDEN-PRODUCTS-MEXICO-105728,FACTURADA,SI,FLB 13149
M-2026-011751,UTILIZADO,COMPROBADA / UTILIZADA,MARLENE MIRANDA,OPERADOR,ORTIZ GARCIA CANDELARIO,AMPHENOL ALDEN PRODUCTS MEXICO,2026-09-18,SI,PRO-20261002-AMPHENOL-ALDEN-PRODUCTS-MEXICO-105728,FACTURADA,SI,FLB 13149
M-2026-011753,UTILIZADO,COMPROBADA / UTILIZADA,MARLENE MIRANDA,OPERADOR,SOTO CORRAL SERGIO,WEISER LOCK MEXICO,2026-09-23,SI,PRO-20261001-WEISER-LOCK-MEXICO-160852,PENDIENTE_FACTURAR,NO,
M-2026-011754,UTILIZADO,COMPROBADA / UTILIZADA,MARLENE MIRANDA,OPERADOR,SOTO CORRAL SERGIO,WEISER LOCK MEXICO,2026-09-23,SI,PRO-20261001-WEISER-LOCK-MEXICO-160852,PENDIENTE_FACTURAR,NO,
M-2026-011759,UTILIZADO,COMPROBADA / UTILIZADA,MARLENE MIRANDA,OPERADOR,SOTO CORRAL SERGIO,WEISER LOCK MEXICO,2026-09-23,SI,PRO-20261001-WEISER-LOCK-MEXICO-160852,PENDIENTE_FACTURAR,NO,
M-2026-011760,UTILIZADO,COMPROBADA / UTILIZADA,MARLENE MIRANDA,OPERADOR,SOTO CORRAL SERGIO,WEISER LOCK MEXICO,2026-09-23,SI,PRO-20261001-WEISER-LOCK-MEXICO-160852,PENDIENTE_FACTURAR,NO,
M-2026-011761,UTILIZADO,COMPROBADA / UTILIZADA,MARLENE MIRANDA,OPERADOR,SOTO CORRAL SERGIO,PRODUCTOS PARA EL CUIDADO DE LA SALUD,2026-09-23,SI,PRO-20261003-PRODUCTOS-PARA-EL-CUIDADO-DE-LA-SALUD-121143,FACTURADA,SI,FLB 13209
M-2026-011766,UTILIZADO,COMPROBADA / UTILIZADA,MARLENE MIRANDA,OPERADOR,ANTUNA SIRAYTARE CESAR ULISES,AMPHENOL ALDEN PRODUCTS MEXICO,2026-09-17,SI,PRO-20261002-AMPHENOL-ALDEN-PRODUCTS-MEXICO-100229,FACTURADA,SI,FLB 13146
M-2026-011770,UTILIZADO,COMPROBADA / UTILIZADA,MARLENE MIRANDA,OPERADOR,VALENZUELA CORDERO JOAQUIN,PRODUCTOS PARA EL CUIDADO DE LA SALUD,2026-09-15,SI,PRO-20261003-PRODUCTOS-PARA-EL-CUIDADO-DE-LA-SALUD-125606,FACTURADA,SI,FLB 13211
M-2026-011772,UTILIZADO,COMPROBADA / UTILIZADA,MARLENE MIRANDA,OPERADOR,VALENZUELA CORDERO JOAQUIN,PRODUCTOS PARA EL CUIDADO DE LA SALUD,2026-09-16,SI,PRO-20261003-PRODUCTOS-PARA-EL-CUIDADO-DE-LA-SALUD-121143,FACTURADA,SI,FLB 13209
M-2026-011773,UTILIZADO,COMPROBADA / UTILIZADA,MARLENE MIRANDA,OPERADOR,VALENZUELA CORDERO JOAQUIN,INTEGRATED CABLE ASSEMBLY HOLDINGS,2026-09-18,SI,PRO-20261001-INTEGRATED-CABLE-ASSEMBLY-HOLDINGS-143725,FACTURADA,SI,FLB13145
M-2026-011774,UTILIZADO,COMPROBADA / UTILIZADA,MARLENE MIRANDA,OPERADOR,VALENZUELA CORDERO JOAQUIN,DORMAKABA,2026-09-17,SI,PRO-20261001-DORMAKABA-144753,FACTURADA,SI,FLB 13143
M-2026-011775,UTILIZADO,COMPROBADA / UTILIZADA,MARLENE MIRANDA,OPERADOR,VALENZUELA CORDERO JOAQUIN,DORMAKABA,2026-09-17,SI,PRO-20261001-DORMAKABA-144753,FACTURADA,SI,FLB 13143
M-2026-011778,UTILIZADO,COMPROBADA / UTILIZADA,MARLENE MIRANDA,OPERADOR,VALENZUELA CORDERO JOAQUIN,DORMAKABA,2026-09-18,SI,PRO-20261001-DORMAKABA-144753,FACTURADA,SI,FLB 13143
M-2026-011779,UTILIZADO,COMPROBADA / UTILIZADA,MARLENE MIRANDA,OPERADOR,VALENZUELA CORDERO JOAQUIN,M C DAVIS INTERNACIONAL,2026-09-21,SI,PRO-20261001-M-C-DAVIS-INTERNACIONAL-112453,FACTURADA,SI,FLB 13132
M-2026-011780,UTILIZADO,COMPROBADA / UTILIZADA,MARLENE MIRANDA,OPERADOR,VALENZUELA CORDERO JOAQUIN,PRODUCTOS PARA EL CUIDADO DE LA SALUD,2026-09-22,SI,PRO-20261003-PRODUCTOS-PARA-EL-CUIDADO-DE-LA-SALUD-125606,FACTURADA,SI,FLB 13211
M-2026-011781,UTILIZADO,COMPROBADA / UTILIZADA,MARLENE MIRANDA,OPERADOR,VALENZUELA CORDERO JOAQUIN,PRODUCTOS PARA EL CUIDADO DE LA SALUD,2026-09-22,SI,PRO-20261003-PRODUCTOS-PARA-EL-CUIDADO-DE-LA-SALUD-121143,FACTURADA,SI,FLB 13209
M-2026-011782,UTILIZADO,COMPROBADA / UTILIZADA,MARLENE MIRANDA,OPERADOR,VALENZUELA CORDERO JOAQUIN,PRODUCTOS PARA EL CUIDADO DE LA SALUD,2026-09-22,SI,PRO-20261003-PRODUCTOS-PARA-EL-CUIDADO-DE-LA-SALUD-121143,FACTURADA,SI,FLB 13209
M-2026-011789,UTILIZADO,COMPROBADA / UTILIZADA,MARLENE MIRANDA,OPERADOR,MENDEZ URIBE JOSE SACRAMENTO,DORMAKABA,2026-10-01,SI,,,NO,
M-2026-011790,UTILIZADO,COMPROBADA / UTILIZADA,MARLENE MIRANDA,OPERADOR,INZUNZA MONTOYA NOEL,PRODUCTOS PARA EL CUIDADO DE LA SALUD,2026-09-30,SI,,,NO,
M-2026-011791,UTILIZADO,COMPROBADA / UTILIZADA,MARLENE MIRANDA,OPERADOR,INZUNZA MONTOYA NOEL,BECTON DICKINSON INFUSION THERAPY SYSTEMS INC,2026-09-30,SI,,,NO,
M-2026-011792,UTILIZADO,COMPROBADA / UTILIZADA,MARLENE MIRANDA,OPERADOR,INZUNZA MONTOYA NOEL,AMPHENOL ALDEN PRODUCTS MEXICO,2026-10-01,SI,,,NO,
M-2026-011799,UTILIZADO,COMPROBADA / UTILIZADA,MARLENE MIRANDA,OPERADOR,DE LA CRUZ TAUTIMES MARTIN,WEISER LOCK MEXICO,2026-09-21,SI,PRO-20261001-WEISER-LOCK-MEXICO-160852,PENDIENTE_FACTURAR,NO,
M-2026-011800,UTILIZADO,COMPROBADA / UTILIZADA,MARLENE MIRANDA,OPERADOR,ORTIZ GARCIA CANDELARIO,DORMAKABA,2026-09-30,SI,,,NO,
M-2026-011805,UTILIZADO,COMPROBADA / UTILIZADA,MARLENE MIRANDA,OPERADOR,HERRERA GONZALEZ FRANCISCO JAVIER,DORMAKABA,2026-09-15,SI,PRO-20261001-DORMAKABA-144753,FACTURADA,SI,FLB 13143
M-2026-011840,UTILIZADO,COMPROBADA / UTILIZADA,MARLENE MIRANDA,OPERADOR,ORTIZ GARCIA CANDELARIO,HUMANSCALE,2026-09-30,SI,,,NO,
M-2026-011841,UTILIZADO,COMPROBADA / UTILIZADA,MARLENE MIRANDA,OPERADOR,ORTIZ GARCIA CANDELARIO,DORMAKABA,2026-09-30,SI,,,NO,
M-2026-011842,UTILIZADO,COMPROBADA / UTILIZADA,MARLENE MIRANDA,OPERADOR,CASTELLANOS ROSAS CESAR ANDREI,AMPHENOL OPTIMIZE MEXICO,2026-09-23,SI,,,NO,
M-2026-011845,UTILIZADO,COMPROBADA / UTILIZADA,MARLENE MIRANDA,OPERADOR,VIZCARRA AMEZCUA BLADIMID,AMPHENOL ALDEN PRODUCTS MEXICO,2026-09-17,SI,PRO-20261002-AMPHENOL-ALDEN-PRODUCTS-MEXICO-100229,FACTURADA,SI,FLB 13146
M-2026-011846,UTILIZADO,COMPROBADA / UTILIZADA,MARLENE MIRANDA,OPERADOR,VIZCARRA AMEZCUA BLADIMID,AMPHENOL ALDEN PRODUCTS MEXICO,2026-09-17,SI,PRO-20261002-AMPHENOL-ALDEN-PRODUCTS-MEXICO-100229,FACTURADA,SI,FLB 13146
M-2026-011850,UTILIZADO,COMPROBADA / UTILIZADA,MARLENE MIRANDA,OPERADOR,VALENZUELA CORDERO JOAQUIN,AMPHENOL OPTIMIZE MEXICO,2026-09-28,SI,,,NO,
M-2026-011858,CANCELADO,CANCELADA,,,,,2026-10-02,NO,,,NO,
M-2026-011861,UTILIZADO,COMPROBADA / UTILIZADA,MARLENE MIRANDA,OPERADOR,ORTIZ GARCIA CANDELARIO,PRODUCTOS PARA EL CUIDADO DE LA SALUD,2026-09-17,SI,PRO-20261003-PRODUCTOS-PARA-EL-CUIDADO-DE-LA-SALUD-121143,FACTURADA,SI,FLB 13209
M-2026-011863,UTILIZADO,COMPROBADA / UTILIZADA,MARLENE MIRANDA,OPERADOR,LEAL IBAL JOSE LUIS,AMPHENOL ALDEN PRODUCTS MEXICO,2026-09-14,SI,PRO-20261002-AMPHENOL-ALDEN-PRODUCTS-MEXICO-100229,FACTURADA,SI,FLB 13146
M-2026-011864,UTILIZADO,COMPROBADA / UTILIZADA,MARLENE MIRANDA,OPERADOR,LEAL IBAL JOSE LUIS,AMPHENOL ALDEN PRODUCTS MEXICO,0064-09-14,SI,PRO-20261002-AMPHENOL-ALDEN-PRODUCTS-MEXICO-100229,FACTURADA,SI,FLB 13146
M-2026-011865,CANCELADO,CANCELADA,MARLENE MIRANDA,OPERADOR,LEAL IBAL JOSE LUIS,,2026-09-29,SI,,,NO,
M-2026-011884,UTILIZADO,COMPROBADA / UTILIZADA,MARLENE MIRANDA,OPERADOR,VALENZUELA CORDERO JOAQUIN,DORMAKABA,2026-09-30,SI,,,NO,
M-2026-011885,UTILIZADO,COMPROBADA / UTILIZADA,MARLENE MIRANDA,OPERADOR,VALENZUELA CORDERO JOAQUIN,DORMAKABA,2026-09-30,SI,,,NO,
M-2026-011886,UTILIZADO,COMPROBADA / UTILIZADA,MARLENE MIRANDA,OPERADOR,VALENZUELA CORDERO JOAQUIN,DORMAKABA,2026-09-30,SI,,,NO,
M-2026-011897,UTILIZADO,COMPROBADA / UTILIZADA,MARLENE MIRANDA,OPERADOR,VALENZUELA CORDERO JOAQUIN,ITT BIW,2026-09-29,SI,,,NO,
M-2026-011898,UTILIZADO,COMPROBADA / UTILIZADA,MARLENE MIRANDA,OPERADOR,VALENZUELA CORDERO JOAQUIN,PRODUCTOS PARA EL CUIDADO DE LA SALUD,2026-09-30,SI,,,NO,
M-2026-011899,UTILIZADO,COMPROBADA / UTILIZADA,MARLENE MIRANDA,OPERADOR,VALENZUELA CORDERO JOAQUIN,ITT ICS,2026-09-30,SI,,,NO,
M-2026-011900,UTILIZADO,COMPROBADA / UTILIZADA,MARLENE MIRANDA,OPERADOR,VALENZUELA CORDERO JOAQUIN,ITT ICS,2026-09-30,SI,,,NO,
M-2026-011902,UTILIZADO,COMPROBADA / UTILIZADA,MARLENE MIRANDA,OPERADOR,VALENZUELA CORDERO JOAQUIN,DORMAKABA,2026-09-30,SI,,,NO,
M-2026-011903,UTILIZADO,COMPROBADA / UTILIZADA,MARLENE MIRANDA,OPERADOR,VALENZUELA CORDERO JOAQUIN,ITT ICS,2026-09-28,SI,,,NO,
M-2026-011904,UTILIZADO,COMPROBADA / UTILIZADA,MARLENE MIRANDA,OPERADOR,VALENZUELA CORDERO JOAQUIN,DORMAKABA,2026-09-28,SI,,,NO,
M-2026-011906,UTILIZADO,COMPROBADA / UTILIZADA,MARLENE MIRANDA,OPERADOR,CASTELLANOS ROSAS CESAR ANDREI,AMPHENOL OPTIMIZE MEXICO,2026-09-23,SI,,,NO,
M-2026-011907,UTILIZADO,COMPROBADA / UTILIZADA,MARLENE MIRANDA,OPERADOR,MENDEZ URIBE JOSE SACRAMENTO,DORMAKABA,2026-09-23,SI,PRO-20261001-DORMAKABA-144753,FACTURADA,SI,FLB 13143
M-2026-011908,ASIGNADO_OPERADOR,CON VALENZUELA CORDERO JOAQUIN,MARLENE MIRANDA,OPERADOR,VALENZUELA CORDERO JOAQUIN,,,NO,,,NO,
M-2026-011917,UTILIZADO,COMPROBADA / UTILIZADA,MARLENE MIRANDA,OPERADOR,SOTO CORRAL SERGIO,AMPHENOL ALDEN PRODUCTS MEXICO,2026-09-17,SI,PRO-20261002-AMPHENOL-ALDEN-PRODUCTS-MEXICO-105728,FACTURADA,SI,FLB 13149
M-2026-011920,UTILIZADO,COMPROBADA / UTILIZADA,MARLENE MIRANDA,OPERADOR,VALENZUELA CORDERO JOAQUIN,PRODUCTOS PARA EL CUIDADO DE LA SALUD,2026-09-29,SI,,,NO,
M-2026-011921,UTILIZADO,COMPROBADA / UTILIZADA,MARLENE MIRANDA,OPERADOR,VALENZUELA CORDERO JOAQUIN,PRODUCTOS PARA EL CUIDADO DE LA SALUD,2026-09-29,SI,,,NO,
M-2026-011922,UTILIZADO,COMPROBADA / UTILIZADA,MARLENE MIRANDA,OPERADOR,VALENZUELA CORDERO JOAQUIN,ITT ICS,2026-09-29,SI,,,NO,
M-2026-011923,UTILIZADO,COMPROBADA / UTILIZADA,MARLENE MIRANDA,OPERADOR,VALENZUELA CORDERO JOAQUIN,ITT ICS,2026-09-29,SI,,,NO,
M-2026-011924,UTILIZADO,COMPROBADA / UTILIZADA,MARLENE MIRANDA,OPERADOR,VALENZUELA CORDERO JOAQUIN,PRODUCTOS PARA EL CUIDADO DE LA SALUD,2026-09-24,SI,PRO-20261003-PRODUCTOS-PARA-EL-CUIDADO-DE-LA-SALUD-121143,FACTURADA,SI,FLB 13209
M-2026-011925,UTILIZADO,COMPROBADA / UTILIZADA,MARLENE MIRANDA,OPERADOR,VALENZUELA CORDERO JOAQUIN,INTEGRATED CABLE ASSEMBLY HOLDINGS,2026-09-24,SI,PRO-20261001-INTEGRATED-CABLE-ASSEMBLY-HOLDINGS-143725,FACTURADA,SI,FLB13145
M-2026-011926,UTILIZADO,COMPROBADA / UTILIZADA,MARLENE MIRANDA,OPERADOR,VALENZUELA CORDERO JOAQUIN,INTEGRATED CABLE ASSEMBLY HOLDINGS,2026-09-24,SI,PRO-20261001-INTEGRATED-CABLE-ASSEMBLY-HOLDINGS-143725,FACTURADA,SI,FLB13145
M-2026-011927,ASIGNADO_OPERADOR,CON VALENZUELA LEON JUAN ANTONIO,MARLENE MIRANDA,OPERADOR,VALENZUELA LEON JUAN ANTONIO,,,NO,,,NO,
M-2026-011928,UTILIZADO,COMPROBADA / UTILIZADA,MARLENE MIRANDA,OPERADOR,VALENZUELA CORDERO JOAQUIN,INTEGRATED CABLE ASSEMBLY HOLDINGS,2026-09-24,SI,PRO-20261001-INTEGRATED-CABLE-ASSEMBLY-HOLDINGS-143725,FACTURADA,SI,FLB13145
M-2026-011929,ASIGNADO_OPERADOR,CON VALENZUELA LEON JUAN ANTONIO,MARLENE MIRANDA,OPERADOR,VALENZUELA LEON JUAN ANTONIO,,,NO,,,NO,
M-2026-011930,UTILIZADO,COMPROBADA / UTILIZADA,MARLENE MIRANDA,OPERADOR,VALENZUELA CORDERO JOAQUIN,M C DAVIS INTERNACIONAL,2026-09-09,SI,PRO-20261001-M-C-DAVIS-INTERNACIONAL-112453,FACTURADA,SI,FLB 13132
M-2026-011931,UTILIZADO,COMPROBADA / UTILIZADA,MARLENE MIRANDA,OPERADOR,VALENZUELA CORDERO JOAQUIN,M C DAVIS INTERNACIONAL,2026-09-25,SI,PRO-20261001-M-C-DAVIS-INTERNACIONAL-112453,FACTURADA,SI,FLB 13132
M-2026-011932,UTILIZADO,COMPROBADA / UTILIZADA,MARLENE MIRANDA,OPERADOR,VALENZUELA CORDERO JOAQUIN,DORMAKABA,2026-09-28,SI,,,NO,
M-2026-011948,UTILIZADO,COMPROBADA / UTILIZADA,MARLENE MIRANDA,OPERADOR,ROMERO IRIQUI JACOBO,WESTMED DE MEXICO,2026-09-22,NO,PRO-20261002-WESTMED-DE-MEXICO-122302,FACTURADA,SI,FLB 13172
M-2026-011949,UTILIZADO,COMPROBADA / UTILIZADA,MARLENE MIRANDA,OPERADOR,LEAL IBAL JOSE LUIS,AVENT,2026-09-25,SI,,,NO,
M-2026-011950,UTILIZADO,COMPROBADA / UTILIZADA,MARLENE MIRANDA,OPERADOR,LEAL IBAL JOSE LUIS,AMPHENOL OPTIMIZE MEXICO,2026-09-25,SI,,,NO,
M-2026-011951,UTILIZADO,COMPROBADA / UTILIZADA,MARLENE MIRANDA,OPERADOR,LEAL IBAL JOSE LUIS,WEISER LOCK MEXICO,2026-09-25,SI,PRO-20261001-WEISER-LOCK-MEXICO-160852,PENDIENTE_FACTURAR,NO,
M-2026-011952,UTILIZADO,COMPROBADA / UTILIZADA,MARLENE MIRANDA,OPERADOR,LEAL IBAL JOSE LUIS,WEISER LOCK MEXICO,2026-09-25,SI,PRO-20261001-WEISER-LOCK-MEXICO-160852,PENDIENTE_FACTURAR,NO,
M-2026-011954,UTILIZADO,COMPROBADA / UTILIZADA,MARLENE MIRANDA,OPERADOR,ROMERO GALINDO FRANCISCO RAMON,DORMAKABA,2026-09-25,SI,PRO-20261001-DORMAKABA-144753,FACTURADA,SI,FLB 13143
M-2026-011955,UTILIZADO,COMPROBADA / UTILIZADA,MARLENE MIRANDA,OPERADOR,ROMERO GALINDO FRANCISCO RAMON,DORMAKABA,2026-09-25,SI,PRO-20261001-DORMAKABA-144753,FACTURADA,SI,FLB 13143
M-2026-011959,UTILIZADO,COMPROBADA / UTILIZADA,MARLENE MIRANDA,OPERADOR,ARCE BARCELO LUIS RENE,ITT ICS,2026-09-30,SI,,,NO,
M-2026-011960,UTILIZADO,COMPROBADA / UTILIZADA,MARLENE MIRANDA,OPERADOR,ARCE BARCELO LUIS RENE,ITT ICS,2026-09-30,SI,,,NO,
M-2026-011961,UTILIZADO,COMPROBADA / UTILIZADA,MARLENE MIRANDA,OPERADOR,MENDEZ URIBE JOSE SACRAMENTO,AMPHENOL OPTIMIZE MEXICO,2026-10-01,SI,,,NO,
M-2026-011967,UTILIZADO,COMPROBADA / UTILIZADA,MARLENE MIRANDA,OPERADOR,ROMERO IRIQUI JACOBO,INTEGRATED CABLE ASSEMBLY HOLDINGS,2026-09-22,NO,PRO-20261001-INTEGRATED-CABLE-ASSEMBLY-HOLDINGS-143725,FACTURADA,SI,FLB13145
M-2026-011968,UTILIZADO,COMPROBADA / UTILIZADA,MARLENE MIRANDA,OPERADOR,ROMERO IRIQUI JACOBO,EDWARDS VACCUM,2026-09-24,NO,,,NO,
M-2026-011969,UTILIZADO,COMPROBADA / UTILIZADA,MARLENE MIRANDA,OPERADOR,ROMERO IRIQUI JACOBO,EDWARDS VACCUM,2026-09-24,NO,,,NO,
M-2026-011970,UTILIZADO,COMPROBADA / UTILIZADA,MARLENE MIRANDA,OPERADOR,FLORES ARIAS ADRIAN,AMPHENOL OPTIMIZE MEXICO,2026-09-25,NO,,,NO,
M-2026-011971,UTILIZADO,COMPROBADA / UTILIZADA,MARLENE MIRANDA,OPERADOR,ARCE BARCELO LUIS RENE,ITT ICS,2026-09-30,SI,,,NO,
M-2026-011972,UTILIZADO,COMPROBADA / UTILIZADA,MARLENE MIRANDA,OPERADOR,ARCE BARCELO LUIS RENE,ITT ICS,2026-09-30,SI,,,NO,
M-2026-012011,UTILIZADO,COMPROBADA / UTILIZADA,MARLENE MIRANDA,OPERADOR,ARCE BARCELO LUIS RENE,ITT ICS,2026-09-30,SI,,,NO,
M-2026-012012,UTILIZADO,COMPROBADA / UTILIZADA,MARLENE MIRANDA,OPERADOR,VALLES PARRA FRANCISCO,PRODUCTOS PARA EL CUIDADO DE LA SALUD,2026-09-25,SI,PRO-20261003-PRODUCTOS-PARA-EL-CUIDADO-DE-LA-SALUD-121143,FACTURADA,SI,FLB 13209
M-2026-012027,UTILIZADO,COMPROBADA / UTILIZADA,MARLENE MIRANDA,OPERADOR,MEDINA ARMENDARIZ LUIS ENRIQUE,ITT ICS,2026-09-25,SI,,,NO,
M-2026-012029,UTILIZADO,COMPROBADA / UTILIZADA,MARLENE MIRANDA,OPERADOR,MENDEZ URIBE JOSE SACRAMENTO,DORMAKABA,2026-09-23,SI,PRO-20261001-DORMAKABA-144753,FACTURADA,SI,FLB 13143
M-2026-012030,ASIGNADO_OPERADOR,CON CURIEL CARRASCO PLACIDO,MARLENE MIRANDA,OPERADOR,CURIEL CARRASCO PLACIDO,,,NO,,,NO,
M-2026-012031,ASIGNADO_OPERADOR,CON CURIEL CARRASCO PLACIDO,MARLENE MIRANDA,OPERADOR,CURIEL CARRASCO PLACIDO,,,NO,,,NO,
M-2026-012032,UTILIZADO,COMPROBADA / UTILIZADA,MARLENE MIRANDA,OPERADOR,DE LA CRUZ TAUTIMES MARTIN,AMPHENOL SAA,2026-09-23,SI,PRO-20261001-AMPHENOL-SAA-145110,FACTURADA,SI,FLB13142
M-2026-012038,UTILIZADO,COMPROBADA / UTILIZADA,MARLENE MIRANDA,OPERADOR,PEREZ REYES JOSE GERARDO,WESTMED DE MEXICO,2026-09-21,NO,,,NO,
M-2026-012039,ASIGNADO_OPERADOR,CON PEREZ REYES JOSE GERARDO,MARLENE MIRANDA,OPERADOR,PEREZ REYES JOSE GERARDO,,,NO,,,NO,
M-2026-012040,UTILIZADO,COMPROBADA / UTILIZADA,MARLENE MIRANDA,OPERADOR,PEREZ REYES JOSE GERARDO,WESTMED DE MEXICO,2026-09-21,NO,,,NO,
M-2026-012041,UTILIZADO,COMPROBADA / UTILIZADA,MARLENE MIRANDA,OPERADOR,PEREZ REYES JOSE GERARDO,INTEGRATED CABLE ASSEMBLY HOLDINGS,2026-09-22,SI,PRO-20261001-INTEGRATED-CABLE-ASSEMBLY-HOLDINGS-143725,FACTURADA,SI,FLB13145
M-2026-012042,UTILIZADO,COMPROBADA / UTILIZADA,MARLENE MIRANDA,OPERADOR,PEREZ REYES JOSE GERARDO,MTD CONSUMER PRODUCTS MEXICO,2026-09-23,SI,PRO-20261001-MTD-CONSUMER-PRODUCTS-MEXICO-112421,FACTURADA,SI,FLB 13134
M-2026-012047,UTILIZADO,COMPROBADA / UTILIZADA,MARLENE MIRANDA,OPERADOR,GAXIOLA WAR JOEL ALFREDO,AMPHENOL ALDEN PRODUCTS MEXICO,2026-09-17,SI,PRO-20261002-AMPHENOL-ALDEN-PRODUCTS-MEXICO-105728,FACTURADA,SI,FLB 13149
M-2026-012063,UTILIZADO,COMPROBADA / UTILIZADA,MARLENE MIRANDA,OPERADOR,ARCE BARCELO LUIS RENE,AMPHENOL OPTIMIZE MEXICO,2026-09-19,SI,,,NO,
M-2026-012070,UTILIZADO,COMPROBADA / UTILIZADA,MARLENE MIRANDA,OPERADOR,INZUNZA MONTOYA NOEL,INTEGRATED CABLE ASSEMBLY HOLDINGS,2026-09-21,NO,PRO-20261001-INTEGRATED-CABLE-ASSEMBLY-HOLDINGS-142238,FACTURADA,SI,FLB13086
M-2026-012071,UTILIZADO,COMPROBADA / UTILIZADA,MARLENE MIRANDA,OPERADOR,INZUNZA MONTOYA NOEL,EDWARDS VACCUM,2026-09-22,SI,,,NO,
M-2026-012072,UTILIZADO,COMPROBADA / UTILIZADA,MARLENE MIRANDA,OPERADOR,INZUNZA MONTOYA NOEL,PRODUCTOS PARA EL CUIDADO DE LA SALUD,2026-09-22,SI,PRO-20261003-PRODUCTOS-PARA-EL-CUIDADO-DE-LA-SALUD-121143,FACTURADA,SI,FLB 13209
M-2026-012073,UTILIZADO,COMPROBADA / UTILIZADA,MARLENE MIRANDA,OPERADOR,INZUNZA MONTOYA NOEL,WESTMED DE MEXICO,2026-09-22,SI,PRO-20261002-WESTMED-DE-MEXICO-122510,FACTURADA,SI,FLB 13176
M-2026-012074,UTILIZADO,COMPROBADA / UTILIZADA,MARLENE MIRANDA,OPERADOR,INZUNZA MONTOYA NOEL,WESTMED DE MEXICO,2026-09-22,SI,PRO-20261002-WESTMED-DE-MEXICO-122710,FACTURADA,SI,FLB 13179
M-2026-012075,UTILIZADO,COMPROBADA / UTILIZADA,MARLENE MIRANDA,OPERADOR,INZUNZA MONTOYA NOEL,DORMAKABA,2026-09-23,SI,PRO-20261001-DORMAKABA-144753,FACTURADA,SI,FLB 13143
M-2026-012076,UTILIZADO,COMPROBADA / UTILIZADA,MARLENE MIRANDA,OPERADOR,INZUNZA MONTOYA NOEL,DORMAKABA,2026-09-23,SI,PRO-20261001-DORMAKABA-144753,FACTURADA,SI,FLB 13143
M-2026-012077,UTILIZADO,COMPROBADA / UTILIZADA,MARLENE MIRANDA,OPERADOR,INZUNZA MONTOYA NOEL,DORMAKABA,2026-09-25,SI,PRO-20261001-DORMAKABA-144753,FACTURADA,SI,FLB 13143
M-2026-012078,UTILIZADO,COMPROBADA / UTILIZADA,MARLENE MIRANDA,OPERADOR,INZUNZA MONTOYA NOEL,DORMAKABA,2026-09-23,SI,PRO-20261001-DORMAKABA-144753,FACTURADA,SI,FLB 13143
M-2026-012079,UTILIZADO,COMPROBADA / UTILIZADA,MARLENE MIRANDA,OPERADOR,INZUNZA MONTOYA NOEL,DORMAKABA,2026-09-22,SI,PRO-20261001-DORMAKABA-144753,FACTURADA,SI,FLB 13143
M-2026-012080,UTILIZADO,COMPROBADA / UTILIZADA,MARLENE MIRANDA,OPERADOR,ARVIZU VAZQUEZ MARIO ALBERTO,INTEGRATED CABLE ASSEMBLY HOLDINGS,2026-09-21,NO,PRO-20261001-INTEGRATED-CABLE-ASSEMBLY-HOLDINGS-142238,FACTURADA,SI,FLB13086
M-2026-012081,UTILIZADO,COMPROBADA / UTILIZADA,MARLENE MIRANDA,OPERADOR,ARVIZU VAZQUEZ MARIO ALBERTO,ITT ICS,2026-09-22,SI,,,NO,
M-2026-012082,UTILIZADO,COMPROBADA / UTILIZADA,MARLENE MIRANDA,OPERADOR,ARVIZU VAZQUEZ MARIO ALBERTO,PRODUCTOS PARA EL CUIDADO DE LA SALUD,2026-09-23,SI,PRO-20261003-PRODUCTOS-PARA-EL-CUIDADO-DE-LA-SALUD-121143,FACTURADA,SI,FLB 13209
M-2026-012083,UTILIZADO,COMPROBADA / UTILIZADA,MARLENE MIRANDA,OPERADOR,ARVIZU VAZQUEZ MARIO ALBERTO,AVENT,2026-09-24,SI,,,NO,
M-2026-012084,UTILIZADO,COMPROBADA / UTILIZADA,MARLENE MIRANDA,OPERADOR,GAXIOLA WAR JOEL ALFREDO,EDWARDS VACCUM,2026-10-01,SI,,,NO,
M-2026-012085,UTILIZADO,COMPROBADA / UTILIZADA,MARLENE MIRANDA,OPERADOR,GAXIOLA WAR JOEL ALFREDO,WEISER LOCK MEXICO,2026-10-01,SI,,,NO,
M-2026-012086,UTILIZADO,COMPROBADA / UTILIZADA,MARLENE MIRANDA,OPERADOR,GAXIOLA WAR JOEL ALFREDO,WEISER LOCK MEXICO,2026-10-02,SI,,,NO,
M-2026-012087,UTILIZADO,COMPROBADA / UTILIZADA,MARLENE MIRANDA,OPERADOR,GAXIOLA WAR JOEL ALFREDO,WEISER LOCK MEXICO,2026-10-02,SI,,,NO,
M-2026-012088,UTILIZADO,COMPROBADA / UTILIZADA,MARLENE MIRANDA,OPERADOR,GAXIOLA WAR JOEL ALFREDO,WEISER LOCK MEXICO,2026-10-02,SI,,,NO,
M-2026-012089,ASIGNADO_OPERADOR,CON Francisco Duarte,MARLENE MIRANDA,BENEFICIARIO,Francisco Duarte,,2026-09-29,NO,,,NO,
M-2026-012090,UTILIZADO,COMPROBADA / UTILIZADA,MARLENE MIRANDA,OPERADOR,ORTIZ GARCIA CANDELARIO,WEISER LOCK MEXICO,2026-09-21,SI,PRO-20261001-WEISER-LOCK-MEXICO-160852,PENDIENTE_FACTURAR,NO,
M-2026-012091,UTILIZADO,COMPROBADA / UTILIZADA,MARLENE MIRANDA,OPERADOR,ORTIZ GARCIA CANDELARIO,WEISER LOCK MEXICO,2026-09-21,NO,PRO-20261001-WEISER-LOCK-MEXICO-160852,PENDIENTE_FACTURAR,NO,
M-2026-012092,UTILIZADO,COMPROBADA / UTILIZADA,MARLENE MIRANDA,OPERADOR,ORTIZ GARCIA CANDELARIO,PRODUCTOS PARA EL CUIDADO DE LA SALUD,2026-09-21,NO,PRO-20261003-PRODUCTOS-PARA-EL-CUIDADO-DE-LA-SALUD-121143,FACTURADA,SI,FLB 13209
M-2026-012093,UTILIZADO,COMPROBADA / UTILIZADA,MARLENE MIRANDA,OPERADOR,ORTIZ GARCIA CANDELARIO,AVENT,2026-09-21,NO,PRO-20261002-AVENT-154700,FACTURADA,SI,FLB 13200
M-2026-012094,UTILIZADO,COMPROBADA / UTILIZADA,MARLENE MIRANDA,OPERADOR,ORTIZ GARCIA CANDELARIO,WEISER LOCK MEXICO,2026-09-23,NO,,,NO,
M-2026-012095,UTILIZADO,COMPROBADA / UTILIZADA,MARLENE MIRANDA,OPERADOR,ORTIZ GARCIA CANDELARIO,WEISER LOCK MEXICO,2026-09-21,NO,PRO-20261001-WEISER-LOCK-MEXICO-160852,PENDIENTE_FACTURAR,NO,
M-2026-012096,UTILIZADO,COMPROBADA / UTILIZADA,MARLENE MIRANDA,OPERADOR,ORTIZ GARCIA CANDELARIO,EDWARDS VACCUM,2026-09-21,NO,,,NO,
M-2026-012097,UTILIZADO,COMPROBADA / UTILIZADA,MARLENE MIRANDA,OPERADOR,ORTIZ GARCIA CANDELARIO,EDWARDS VACCUM,2026-09-22,SI,,,NO,
M-2026-012098,CANCELADO,CANCELADA,MARLENE MIRANDA,OPERADOR,ORTIZ GARCIA CANDELARIO,,2026-09-24,NO,,,NO,
M-2026-012099,UTILIZADO,COMPROBADA / UTILIZADA,MARLENE MIRANDA,OPERADOR,ORTIZ GARCIA CANDELARIO,WEISER LOCK MEXICO,2026-09-21,NO,PRO-20261001-WEISER-LOCK-MEXICO-160852,PENDIENTE_FACTURAR,NO,
M-2026-012100,UTILIZADO,COMPROBADA / UTILIZADA,MARLENE MIRANDA,OPERADOR,VALENZUELA VERDUZCO RICARDO,AMPHENOL ALDEN PRODUCTS MEXICO,2026-09-23,SI,PRO-20261002-AMPHENOL-ALDEN-PRODUCTS-MEXICO-105728,FACTURADA,SI,FLB 13149
M-2026-012101,UTILIZADO,COMPROBADA / UTILIZADA,MARLENE MIRANDA,OPERADOR,VALENZUELA VERDUZCO RICARDO,AMPHENOL OPTIMIZE MEXICO,2026-09-23,SI,PRO-20261001-AMPHENOL-OPTIMIZE-MEXICO-115730,FACTURADA,SI,FLB13135
M-2026-012102,UTILIZADO,COMPROBADA / UTILIZADA,MARLENE MIRANDA,OPERADOR,VALENZUELA VERDUZCO RICARDO,AMPHENOL OPTIMIZE MEXICO,2026-09-24,SI,PRO-20261001-AMPHENOL-OPTIMIZE-MEXICO-135205,FACTURADA,SI,FLB13139
M-2026-012103,UTILIZADO,COMPROBADA / UTILIZADA,MARLENE MIRANDA,OPERADOR,VALENZUELA VERDUZCO RICARDO,AMPHENOL SAA,2026-09-22,SI,PRO-20261001-AMPHENOL-SAA-123232,FACTURADA,SI,FLB13137
M-2026-012104,UTILIZADO,COMPROBADA / UTILIZADA,MARLENE MIRANDA,OPERADOR,VALENZUELA VERDUZCO RICARDO,ITT ICS,2026-09-24,SI,,,NO,
M-2026-012105,UTILIZADO,COMPROBADA / UTILIZADA,MARLENE MIRANDA,OPERADOR,VALENZUELA VERDUZCO RICARDO,ITT ICS,2026-09-24,SI,,,NO,
M-2026-012106,UTILIZADO,COMPROBADA / UTILIZADA,MARLENE MIRANDA,OPERADOR,VALENZUELA VERDUZCO RICARDO,ITT ICS,2026-09-24,SI,,,NO,
M-2026-012107,UTILIZADO,COMPROBADA / UTILIZADA,MARLENE MIRANDA,OPERADOR,VALENZUELA VERDUZCO RICARDO,AMPHENOL SAA,2026-09-22,SI,PRO-20261001-AMPHENOL-SAA-123232,FACTURADA,SI,FLB13137
M-2026-012108,UTILIZADO,COMPROBADA / UTILIZADA,MARLENE MIRANDA,OPERADOR,VALENZUELA VERDUZCO RICARDO,WESTMED DE MEXICO,2026-09-22,NO,PRO-20261002-WESTMED-DE-MEXICO-124256,FACTURADA,SI,FLB13192
M-2026-012109,UTILIZADO,COMPROBADA / UTILIZADA,MARLENE MIRANDA,OPERADOR,VALENZUELA VERDUZCO RICARDO,INTEGRATED CABLE ASSEMBLY HOLDINGS,2026-09-21,NO,PRO-20261001-INTEGRATED-CABLE-ASSEMBLY-HOLDINGS-142238,FACTURADA,SI,FLB13086
M-2026-012110,UTILIZADO,COMPROBADA / UTILIZADA,MARLENE MIRANDA,OPERADOR,VALENZUELA LEON JUAN ANTONIO,DORMAKABA,2026-09-21,NO,PRO-20261001-DORMAKABA-144753,FACTURADA,SI,FLB 13143
M-2026-012111,UTILIZADO,COMPROBADA / UTILIZADA,MARLENE MIRANDA,OPERADOR,VALENZUELA LEON JUAN ANTONIO,WESTMED DE MEXICO,2026-09-21,NO,,,NO,
M-2026-012112,UTILIZADO,COMPROBADA / UTILIZADA,MARLENE MIRANDA,OPERADOR,VALENZUELA LEON JUAN ANTONIO,PRODUCTOS PARA EL CUIDADO DE LA SALUD,2026-09-24,SI,PRO-20261003-PRODUCTOS-PARA-EL-CUIDADO-DE-LA-SALUD-121143,FACTURADA,SI,FLB 13209
M-2026-012113,ASIGNADO_OPERADOR,CON Francisco Duarte,MARLENE MIRANDA,BENEFICIARIO,Francisco Duarte,,2026-09-29,NO,,,NO,
M-2026-012114,ASIGNADO_OPERADOR,CON Francisco Duarte,MARLENE MIRANDA,BENEFICIARIO,Francisco Duarte,,2026-09-29,NO,,,NO,
M-2026-012115,ASIGNADO_OPERADOR,CON Francisco Duarte,MARLENE MIRANDA,BENEFICIARIO,Francisco Duarte,,2026-09-29,NO,,,NO,
M-2026-012116,ASIGNADO_OPERADOR,CON Francisco Duarte,MARLENE MIRANDA,BENEFICIARIO,Francisco Duarte,,2026-09-29,NO,,,NO,
M-2026-012117,ASIGNADO_OPERADOR,CON Francisco Duarte,MARLENE MIRANDA,BENEFICIARIO,Francisco Duarte,,2026-09-29,NO,,,NO,
M-2026-012118,ASIGNADO_OPERADOR,CON Francisco Duarte,MARLENE MIRANDA,BENEFICIARIO,Francisco Duarte,,2026-09-29,NO,,,NO,
M-2026-012119,ASIGNADO_OPERADOR,CON Francisco Duarte,MARLENE MIRANDA,BENEFICIARIO,Francisco Duarte,,2026-09-29,NO,,,NO,
M-2026-012120,ASIGNADO_OPERADOR,CON JICOBAMEA BUITIMEA EDGARDO,MARLENE MIRANDA,OPERADOR,JICOBAMEA BUITIMEA EDGARDO,,,NO,,,NO,
M-2026-012121,UTILIZADO,COMPROBADA / UTILIZADA,MARLENE MIRANDA,OPERADOR,LEAL IBAL JOSE LUIS,AMPHENOL SAA,2026-09-21,NO,PRO-20261001-AMPHENOL-SAA-145110,FACTURADA,SI,FLB13142
M-2026-012122,UTILIZADO,COMPROBADA / UTILIZADA,MARLENE MIRANDA,OPERADOR,LEAL IBAL JOSE LUIS,WESTMED DE MEXICO,2026-09-21,NO,,,NO,
M-2026-012123,UTILIZADO,COMPROBADA / UTILIZADA,MARLENE MIRANDA,OPERADOR,LEAL IBAL JOSE LUIS,WESTMED DE MEXICO,2026-09-21,NO,,,NO,
M-2026-012124,UTILIZADO,COMPROBADA / UTILIZADA,MARLENE MIRANDA,OPERADOR,LEAL IBAL JOSE LUIS,AMPHENOL ALDEN PRODUCTS MEXICO,2026-09-21,NO,PRO-20261002-AMPHENOL-ALDEN-PRODUCTS-MEXICO-105728,FACTURADA,SI,FLB 13149
M-2026-012125,UTILIZADO,COMPROBADA / UTILIZADA,MARLENE MIRANDA,OPERADOR,LEAL IBAL JOSE LUIS,AVENT,2026-09-21,NO,PRO-20261002-AVENT-154700,FACTURADA,SI,FLB 13201
M-2026-012126,UTILIZADO,COMPROBADA / UTILIZADA,MARLENE MIRANDA,OPERADOR,LEAL IBAL JOSE LUIS,WESTMED DE MEXICO,2026-09-22,SI,,,NO,
M-2026-012127,UTILIZADO,COMPROBADA / UTILIZADA,MARLENE MIRANDA,OPERADOR,LEAL IBAL JOSE LUIS,WESTMED DE MEXICO,2026-09-22,SI,PRO-20261002-WESTMED-DE-MEXICO-122929,FACTURADA,SI,FLB 13184
M-2026-012128,UTILIZADO,COMPROBADA / UTILIZADA,MARLENE MIRANDA,OPERADOR,LEAL IBAL JOSE LUIS,AVENT,2026-09-22,SI,PRO-20261002-AVENT-113101,FACTURADA,SI,FLB 13151
M-2026-012129,UTILIZADO,COMPROBADA / UTILIZADA,MARLENE MIRANDA,OPERADOR,LEAL IBAL JOSE LUIS,AVENT,2026-09-23,SI,PRO-20261002-AVENT-154700,FACTURADA,SI,FLB 13202
M-2026-012130,UTILIZADO,COMPROBADA / UTILIZADA,MARLENE MIRANDA,OPERADOR,LEAL IBAL JOSE LUIS,AVENT,2026-09-23,SI,PRO-20261002-AVENT-165807,FACTURADA,SI,FLB 13204
M-2026-012131,UTILIZADO,COMPROBADA / UTILIZADA,MARLENE MIRANDA,OPERADOR,VALLES PARRA FRANCISCO,WEISER LOCK MEXICO,2026-09-21,NO,PRO-20261001-WEISER-LOCK-MEXICO-160852,PENDIENTE_FACTURAR,NO,
M-2026-012132,UTILIZADO,COMPROBADA / UTILIZADA,MARLENE MIRANDA,OPERADOR,VALLES PARRA FRANCISCO,WEISER LOCK MEXICO,2026-09-21,NO,PRO-20261001-WEISER-LOCK-MEXICO-160852,PENDIENTE_FACTURAR,NO,
M-2026-012133,UTILIZADO,COMPROBADA / UTILIZADA,MARLENE MIRANDA,OPERADOR,VALLES PARRA FRANCISCO,WEISER LOCK MEXICO,2026-09-22,SI,PRO-20261001-WEISER-LOCK-MEXICO-160852,PENDIENTE_FACTURAR,NO,
M-2026-012134,UTILIZADO,COMPROBADA / UTILIZADA,MARLENE MIRANDA,OPERADOR,VALLES PARRA FRANCISCO,WEISER LOCK MEXICO,2026-09-22,SI,PRO-20261001-WEISER-LOCK-MEXICO-160852,PENDIENTE_FACTURAR,NO,
M-2026-012135,UTILIZADO,COMPROBADA / UTILIZADA,MARLENE MIRANDA,OPERADOR,VALLES PARRA FRANCISCO,WEISER LOCK MEXICO,2026-09-22,SI,PRO-20261001-WEISER-LOCK-MEXICO-160852,PENDIENTE_FACTURAR,NO,
M-2026-012136,UTILIZADO,COMPROBADA / UTILIZADA,MARLENE MIRANDA,OPERADOR,VALLES PARRA FRANCISCO,WEISER LOCK MEXICO,2026-09-23,SI,PRO-20261001-WEISER-LOCK-MEXICO-160852,PENDIENTE_FACTURAR,NO,
M-2026-012137,UTILIZADO,COMPROBADA / UTILIZADA,MARLENE MIRANDA,OPERADOR,VALLES PARRA FRANCISCO,WEISER LOCK MEXICO,2026-09-23,SI,PRO-20261001-WEISER-LOCK-MEXICO-160852,PENDIENTE_FACTURAR,NO,
M-2026-012138,UTILIZADO,COMPROBADA / UTILIZADA,MARLENE MIRANDA,OPERADOR,VALLES PARRA FRANCISCO,WEISER LOCK MEXICO,2026-09-24,SI,PRO-20261001-WEISER-LOCK-MEXICO-160852,PENDIENTE_FACTURAR,NO,
M-2026-012139,ASIGNADO_OPERADOR,CON CURIEL CARRASCO PLACIDO,MARLENE MIRANDA,OPERADOR,CURIEL CARRASCO PLACIDO,,,NO,,,NO,
M-2026-012140,ASIGNADO_OPERADOR,CON CURIEL CARRASCO PLACIDO,MARLENE MIRANDA,OPERADOR,CURIEL CARRASCO PLACIDO,,,NO,,,NO,
M-2026-012141,CANCELADO,CANCELADA,MARLENE MIRANDA,OPERADOR,ARCE BARCELO LUIS RENE,,2026-09-24,NO,,,NO,
M-2026-012142,UTILIZADO,COMPROBADA / UTILIZADA,MARLENE MIRANDA,OPERADOR,ARCE BARCELO LUIS RENE,PRODUCTOS PARA EL CUIDADO DE LA SALUD,2026-09-21,NO,PRO-20261003-PRODUCTOS-PARA-EL-CUIDADO-DE-LA-SALUD-121143,FACTURADA,SI,FLB 13209
M-2026-012143,UTILIZADO,COMPROBADA / UTILIZADA,MARLENE MIRANDA,OPERADOR,ARCE BARCELO LUIS RENE,WEISER LOCK MEXICO,2026-09-21,NO,PRO-20261001-WEISER-LOCK-MEXICO-160852,PENDIENTE_FACTURAR,NO,
M-2026-012144,UTILIZADO,COMPROBADA / UTILIZADA,MARLENE MIRANDA,OPERADOR,ARCE BARCELO LUIS RENE,WESTMED DE MEXICO,2026-09-22,SI,PRO-20261002-WESTMED-DE-MEXICO-125144,FACTURADA,SI,FLB13193
M-2026-012145,UTILIZADO,COMPROBADA / UTILIZADA,MARLENE MIRANDA,OPERADOR,ARCE BARCELO LUIS RENE,INTEGRATED CABLE ASSEMBLY HOLDINGS,2026-09-22,SI,PRO-20261001-INTEGRATED-CABLE-ASSEMBLY-HOLDINGS-143725,FACTURADA,SI,FLB13145
M-2026-012146,UTILIZADO,COMPROBADA / UTILIZADA,MARLENE MIRANDA,OPERADOR,ARCE BARCELO LUIS RENE,DORMAKABA,2026-09-23,SI,PRO-20261001-DORMAKABA-144753,FACTURADA,SI,FLB 13143
M-2026-012147,UTILIZADO,COMPROBADA / UTILIZADA,MARLENE MIRANDA,OPERADOR,ARCE BARCELO LUIS RENE,DORMAKABA,2026-09-23,SI,PRO-20261001-DORMAKABA-144753,FACTURADA,SI,FLB 13143
M-2026-012148,UTILIZADO,COMPROBADA / UTILIZADA,MARLENE MIRANDA,OPERADOR,ARCE BARCELO LUIS RENE,WEISER LOCK MEXICO,2026-09-24,SI,PRO-20261001-WEISER-LOCK-MEXICO-160852,PENDIENTE_FACTURAR,NO,
M-2026-012149,UTILIZADO,COMPROBADA / UTILIZADA,MARLENE MIRANDA,OPERADOR,ARCE BARCELO LUIS RENE,WEISER LOCK MEXICO,2026-09-24,SI,PRO-20261001-WEISER-LOCK-MEXICO-160852,PENDIENTE_FACTURAR,NO,
M-2026-012150,UTILIZADO,COMPROBADA / UTILIZADA,MARLENE MIRANDA,OPERADOR,ARCE BARCELO LUIS RENE,WEISER LOCK MEXICO,2026-09-24,SI,PRO-20261001-WEISER-LOCK-MEXICO-160852,PENDIENTE_FACTURAR,NO,
M-2026-012151,UTILIZADO,COMPROBADA / UTILIZADA,MARLENE MIRANDA,OPERADOR,LOPEZ VALENCIA ALEJANDRO,AVENT,2026-09-23,SI,PRO-20261002-AVENT-114834,FACTURADA,SI,FLB 13152
M-2026-012152,UTILIZADO,COMPROBADA / UTILIZADA,MARLENE MIRANDA,OPERADOR,LOPEZ VALENCIA ALEJANDRO,DORMAKABA,2026-09-24,SI,PRO-20261001-DORMAKABA-144753,FACTURADA,SI,FLB 13143
M-2026-012153,ASIGNADO_OPERADOR,CON Francisco Duarte,MARLENE MIRANDA,BENEFICIARIO,Francisco Duarte,,2026-09-29,NO,,,NO,
M-2026-012154,ASIGNADO_OPERADOR,CON Francisco Duarte,MARLENE MIRANDA,BENEFICIARIO,Francisco Duarte,,2026-09-29,NO,,,NO,
M-2026-012155,UTILIZADO,COMPROBADA / UTILIZADA,MARLENE MIRANDA,OPERADOR,MARQUEZ ROMERO OMAR HORACIO,AVENT,2026-09-21,SI,PRO-20261002-AVENT-114834,FACTURADA,SI,FLB 13153
M-2026-012156,UTILIZADO,COMPROBADA / UTILIZADA,MARLENE MIRANDA,OPERADOR,ARCE BARCELO LUIS RENE,AVENT,2026-08-31,SI,PRO-20261002-AVENT-114834,FACTURADA,SI,FLB 13154
M-2026-012157,UTILIZADO,COMPROBADA / UTILIZADA,MARLENE MIRANDA,OPERADOR,MEDINA ARMENDARIZ LUIS ENRIQUE,AVENT,2026-09-04,SI,PRO-20261002-AVENT-114834,FACTURADA,SI,FLB 13155
M-2026-012158,UTILIZADO,COMPROBADA / UTILIZADA,MARLENE MIRANDA,OPERADOR,CASTELLANOS ROSAS CESAR ANDREI,AVENT,2026-09-04,SI,PRO-20261002-AVENT-114834,FACTURADA,SI,FLB 13156
M-2026-012159,UTILIZADO,COMPROBADA / UTILIZADA,MARLENE MIRANDA,OPERADOR,QUIÑONES ARENAS JESUS ALEJANDRO,AVENT,2026-09-07,SI,PRO-20261002-AVENT-120638,FACTURADA,SI,FLB 12159
M-2026-012160,UTILIZADO,COMPROBADA / UTILIZADA,MARLENE MIRANDA,OPERADOR,ORTIZ GARCIA CANDELARIO,AVENT,2026-09-11,SI,PRO-20261002-AVENT-120638,FACTURADA,SI,FLB 12160
M-2026-012161,UTILIZADO,COMPROBADA / UTILIZADA,MARLENE MIRANDA,OPERADOR,ROMERO GALINDO FRANCISCO RAMON,AMPHENOL OPTIMIZE MEXICO,2026-09-22,SI,PRO-20261001-AMPHENOL-OPTIMIZE-MEXICO-135205,FACTURADA,SI,FLB13139
M-2026-012162,UTILIZADO,COMPROBADA / UTILIZADA,MARLENE MIRANDA,OPERADOR,ROMERO GALINDO FRANCISCO RAMON,WEISER LOCK MEXICO,2026-09-23,SI,PRO-20261001-WEISER-LOCK-MEXICO-160852,PENDIENTE_FACTURAR,NO,
M-2026-012163,UTILIZADO,COMPROBADA / UTILIZADA,MARLENE MIRANDA,OPERADOR,ROMERO GALINDO FRANCISCO RAMON,AMPHENOL OPTIMIZE MEXICO,2026-09-24,SI,,,NO,
M-2026-012164,UTILIZADO,COMPROBADA / UTILIZADA,MARLENE MIRANDA,OPERADOR,ROMERO GALINDO FRANCISCO RAMON,DORMAKABA,2026-09-25,SI,PRO-20261001-DORMAKABA-144753,FACTURADA,SI,FLB 13143
M-2026-012165,UTILIZADO,COMPROBADA / UTILIZADA,MARLENE MIRANDA,OPERADOR,ROMERO GALINDO FRANCISCO RAMON,DORMAKABA,2026-09-25,SI,PRO-20261001-DORMAKABA-144753,FACTURADA,SI,FLB 13143
M-2026-012166,UTILIZADO,COMPROBADA / UTILIZADA,MARLENE MIRANDA,OPERADOR,ROMERO GALINDO FRANCISCO RAMON,DORMAKABA,2026-09-25,SI,PRO-20261001-DORMAKABA-144753,FACTURADA,SI,FLB 13143
M-2026-012167,UTILIZADO,COMPROBADA / UTILIZADA,MARLENE MIRANDA,OPERADOR,ROMERO GALINDO FRANCISCO RAMON,DORMAKABA,2026-09-25,SI,PRO-20261001-DORMAKABA-144753,FACTURADA,SI,FLB 13143
M-2026-012168,UTILIZADO,COMPROBADA / UTILIZADA,MARLENE MIRANDA,OPERADOR,ROMERO GALINDO FRANCISCO RAMON,DORMAKABA,2026-09-25,SI,PRO-20261001-DORMAKABA-144753,FACTURADA,SI,FLB 13143
M-2026-012169,UTILIZADO,COMPROBADA / UTILIZADA,MARLENE MIRANDA,OPERADOR,ROMERO GALINDO FRANCISCO RAMON,DORMAKABA,2026-09-25,SI,PRO-20261001-DORMAKABA-144753,FACTURADA,SI,FLB 13143
M-2026-012170,UTILIZADO,COMPROBADA / UTILIZADA,MARLENE MIRANDA,OPERADOR,ROMERO GALINDO FRANCISCO RAMON,DORMAKABA,2026-09-25,SI,PRO-20261001-DORMAKABA-144753,FACTURADA,SI,FLB 13143
M-2026-012171,UTILIZADO,COMPROBADA / UTILIZADA,MARLENE MIRANDA,OPERADOR,CASTELLANOS ROSAS CESAR ANDREI,PRODUCTOS PARA EL CUIDADO DE LA SALUD,2026-09-21,SI,PRO-20261003-PRODUCTOS-PARA-EL-CUIDADO-DE-LA-SALUD-121143,FACTURADA,SI,FLB 13209
M-2026-012172,UTILIZADO,COMPROBADA / UTILIZADA,MARLENE MIRANDA,OPERADOR,CASTELLANOS ROSAS CESAR ANDREI,PRODUCTOS PARA EL CUIDADO DE LA SALUD,2026-09-22,SI,PRO-20261003-PRODUCTOS-PARA-EL-CUIDADO-DE-LA-SALUD-121143,FACTURADA,SI,FLB 13209
M-2026-012173,UTILIZADO,COMPROBADA / UTILIZADA,MARLENE MIRANDA,OPERADOR,CASTELLANOS ROSAS CESAR ANDREI,PRODUCTOS PARA EL CUIDADO DE LA SALUD,2026-09-22,SI,PRO-20261003-PRODUCTOS-PARA-EL-CUIDADO-DE-LA-SALUD-121143,FACTURADA,SI,FLB 13209
M-2026-012174,UTILIZADO,COMPROBADA / UTILIZADA,MARLENE MIRANDA,OPERADOR,CASTELLANOS ROSAS CESAR ANDREI,WESTMED DE MEXICO,2026-09-22,SI,PRO-20261002-WESTMED-DE-MEXICO-125144,FACTURADA,SI,FLB13194
M-2026-012175,UTILIZADO,COMPROBADA / UTILIZADA,MARLENE MIRANDA,OPERADOR,CASTELLANOS ROSAS CESAR ANDREI,WESTMED DE MEXICO,2026-09-22,SI,PRO-20261002-WESTMED-DE-MEXICO-125144,FACTURADA,SI,FLB13195
M-2026-012176,UTILIZADO,COMPROBADA / UTILIZADA,MARLENE MIRANDA,OPERADOR,CASTELLANOS ROSAS CESAR ANDREI,INTEGRATED CABLE ASSEMBLY HOLDINGS,2026-09-23,SI,PRO-20261001-INTEGRATED-CABLE-ASSEMBLY-HOLDINGS-143725,FACTURADA,SI,FLB13145
M-2026-012177,UTILIZADO,COMPROBADA / UTILIZADA,MARLENE MIRANDA,OPERADOR,CASTELLANOS ROSAS CESAR ANDREI,AVENT,2026-09-24,NO,,,NO,
M-2026-012178,UTILIZADO,COMPROBADA / UTILIZADA,MARLENE MIRANDA,OPERADOR,ZEPEDA MORALES LUIS FERNANDO,AVENT,2026-09-22,SI,PRO-20261002-AVENT-120638,FACTURADA,SI,FLB 12178
M-2026-012179,UTILIZADO,COMPROBADA / UTILIZADA,MARLENE MIRANDA,OPERADOR,INZUNZA MONTOYA NOEL,AVENT,2026-09-21,SI,PRO-20261002-AVENT-120638,FACTURADA,SI,FLB 12179
M-2026-012180,UTILIZADO,COMPROBADA / UTILIZADA,MARLENE MIRANDA,OPERADOR,VIZCARRA AMEZCUA BLADIMID,AVENT,2026-09-17,SI,PRO-20261002-AVENT-120638,FACTURADA,SI,FLB 12180
M-2026-012181,UTILIZADO,COMPROBADA / UTILIZADA,MARLENE MIRANDA,OPERADOR,SOTO CORRAL SERGIO,INTEGRATED CABLE ASSEMBLY HOLDINGS,2026-09-21,NO,PRO-20261001-INTEGRATED-CABLE-ASSEMBLY-HOLDINGS-142238,FACTURADA,SI,FLB13086
M-2026-012182,UTILIZADO,COMPROBADA / UTILIZADA,MARLENE MIRANDA,OPERADOR,SOTO CORRAL SERGIO,EDWARDS VACCUM,2026-09-23,SI,,,NO,
M-2026-012183,UTILIZADO,COMPROBADA / UTILIZADA,MARLENE MIRANDA,OPERADOR,SOTO CORRAL SERGIO,EDWARDS VACCUM,2026-09-21,SI,,,NO,
M-2026-012184,UTILIZADO,COMPROBADA / UTILIZADA,MARLENE MIRANDA,OPERADOR,SOTO CORRAL SERGIO,INTEGRATED CABLE ASSEMBLY HOLDINGS,2026-09-21,NO,PRO-20261001-INTEGRATED-CABLE-ASSEMBLY-HOLDINGS-142238,FACTURADA,SI,FLB13086
M-2026-012185,UTILIZADO,COMPROBADA / UTILIZADA,MARLENE MIRANDA,OPERADOR,SOTO CORRAL SERGIO,EDWARDS VACCUM,2026-09-22,SI,,,NO,
M-2026-012186,UTILIZADO,COMPROBADA / UTILIZADA,MARLENE MIRANDA,OPERADOR,SOTO CORRAL SERGIO,INTEGRATED CABLE ASSEMBLY HOLDINGS,2026-09-22,SI,PRO-20261001-INTEGRATED-CABLE-ASSEMBLY-HOLDINGS-142238,FACTURADA,SI,FLB13086
M-2026-012187,UTILIZADO,COMPROBADA / UTILIZADA,MARLENE MIRANDA,OPERADOR,SOTO CORRAL SERGIO,EDWARDS VACCUM,2026-09-22,SI,,,NO,
M-2026-012188,UTILIZADO,COMPROBADA / UTILIZADA,MARLENE MIRANDA,OPERADOR,SOTO CORRAL SERGIO,EDWARDS VACCUM,2026-09-22,SI,,,NO,
M-2026-012189,UTILIZADO,COMPROBADA / UTILIZADA,MARLENE MIRANDA,OPERADOR,SOTO CORRAL SERGIO,EDWARDS VACCUM,2026-09-22,SI,,,NO,
M-2026-012190,UTILIZADO,COMPROBADA / UTILIZADA,MARLENE MIRANDA,OPERADOR,SOTO CORRAL SERGIO,EDWARDS VACCUM,2026-09-22,SI,,,NO,
M-2026-012191,UTILIZADO,COMPROBADA / UTILIZADA,MARLENE MIRANDA,OPERADOR,ORNELAS MANJARREZ JESUS EMILIO,AVENT,2026-09-21,SI,,,NO,
M-2026-012192,UTILIZADO,COMPROBADA / UTILIZADA,MARLENE MIRANDA,OPERADOR,ORNELAS MANJARREZ JESUS EMILIO,AVENT,2026-09-23,SI,,,NO,
M-2026-012193,UTILIZADO,COMPROBADA / UTILIZADA,MARLENE MIRANDA,OPERADOR,ORNELAS MANJARREZ JESUS EMILIO,AMPHENOL OPTIMIZE MEXICO,2026-09-24,NO,,,NO,
M-2026-012194,UTILIZADO,COMPROBADA / UTILIZADA,MARLENE MIRANDA,OPERADOR,HERNANDEZ ARIAS HUGO,AMPHENOL OPTIMIZE MEXICO,2026-09-21,NO,PRO-20260923-AMPHENOL-OPTIMIZE-MEXICO-233609,FACTURADA,SI,65441
M-2026-012195,UTILIZADO,COMPROBADA / UTILIZADA,MARLENE MIRANDA,OPERADOR,HERNANDEZ ARIAS HUGO,PRODUCTOS PARA EL CUIDADO DE LA SALUD,2026-09-22,SI,PRO-20261003-PRODUCTOS-PARA-EL-CUIDADO-DE-LA-SALUD-121143,FACTURADA,SI,FLB 13209
M-2026-012196,UTILIZADO,COMPROBADA / UTILIZADA,MARLENE MIRANDA,OPERADOR,HERNANDEZ ARIAS HUGO,PRODUCTOS PARA EL CUIDADO DE LA SALUD,2026-09-23,SI,PRO-20261003-PRODUCTOS-PARA-EL-CUIDADO-DE-LA-SALUD-121143,FACTURADA,SI,FLB 13209
M-2026-012197,UTILIZADO,COMPROBADA / UTILIZADA,MARLENE MIRANDA,OPERADOR,HERNANDEZ ARIAS HUGO,PRODUCTOS PARA EL CUIDADO DE LA SALUD,2026-09-24,SI,PRO-20261003-PRODUCTOS-PARA-EL-CUIDADO-DE-LA-SALUD-121143,FACTURADA,SI,FLB 13209
M-2026-012198,UTILIZADO,COMPROBADA / UTILIZADA,MARLENE MIRANDA,OPERADOR,ORTIZ GARCIA CANDELARIO,INTEGRATED CABLE ASSEMBLY HOLDINGS,2026-09-26,SI,PRO-20261001-INTEGRATED-CABLE-ASSEMBLY-HOLDINGS-143725,FACTURADA,SI,FLB13145
M-2026-012199,UTILIZADO,COMPROBADA / UTILIZADA,MARLENE MIRANDA,OPERADOR,ORTIZ GARCIA CANDELARIO,AMPHENOL OPTIMIZE MEXICO,2026-09-26,SI,PRO-20261001-AMPHENOL-OPTIMIZE-MEXICO-132309,FACTURADA,SI,FLB13138
M-2026-012200,UTILIZADO,COMPROBADA / UTILIZADA,MARLENE MIRANDA,OPERADOR,ROMERO IRIQUI JACOBO,INTEGRATED CABLE ASSEMBLY HOLDINGS,2026-09-22,NO,PRO-20261001-INTEGRATED-CABLE-ASSEMBLY-HOLDINGS-143725,FACTURADA,SI,FLB13145
M-2026-012201,ASIGNADO_OPERADOR,CON HERNANDEZ ARIAS HUGO,MARLENE MIRANDA,OPERADOR,HERNANDEZ ARIAS HUGO,,,NO,,,NO,
M-2026-012202,CANCELADO,CANCELADA,MARLENE MIRANDA,OPERADOR,LEAL IBAL JOSE LUIS,,2026-10-02,SI,,,NO,
M-2026-012203,UTILIZADO,COMPROBADA / UTILIZADA,MARLENE MIRANDA,OPERADOR,LEAL IBAL JOSE LUIS,WESTMED DE MEXICO,2026-10-01,SI,,,NO,
M-2026-012204,UTILIZADO,COMPROBADA / UTILIZADA,MARLENE MIRANDA,OPERADOR,ORNELAS MANJARREZ JESUS EMILIO,AVENT,2026-09-15,SI,PRO-20261002-AVENT-122951,FACTURADA,SI,FLB 13170
M-2026-012205,ASIGNADO_OPERADOR,CON DELGADO SEDANO GABRIEL ADRIAN,MARLENE MIRANDA,OPERADOR,DELGADO SEDANO GABRIEL ADRIAN,,,NO,,,NO,
M-2026-012206,UTILIZADO,COMPROBADA / UTILIZADA,MARLENE MIRANDA,OPERADOR,MARQUEZ ROMERO OMAR HORACIO,AVENT,2026-09-15,SI,PRO-20261002-AVENT-122951,FACTURADA,SI,FLB 13171
M-2026-012207,UTILIZADO,COMPROBADA / UTILIZADA,MARLENE MIRANDA,OPERADOR,MARQUEZ ROMERO OMAR HORACIO,AVENT,2026-09-14,SI,PRO-20261002-AVENT-122951,FACTURADA,SI,FLB 13174
M-2026-012208,UTILIZADO,COMPROBADA / UTILIZADA,MARLENE MIRANDA,OPERADOR,INZUNZA MONTOYA NOEL,MTD CONSUMER PRODUCTS MEXICO,2026-10-02,SI,,,NO,
M-2026-012209,ASIGNADO_OPERADOR,CON INZUNZA MONTOYA NOEL,MARLENE MIRANDA,OPERADOR,INZUNZA MONTOYA NOEL,,2026-09-29,NO,,,NO,
M-2026-012210,UTILIZADO,COMPROBADA / UTILIZADA,MARLENE MIRANDA,OPERADOR,ORTIZ GARCIA CANDELARIO,HUMANSCALE,2026-10-01,SI,,,NO,
M-2026-012211,UTILIZADO,COMPROBADA / UTILIZADA,MARLENE MIRANDA,OPERADOR,ORTIZ GARCIA CANDELARIO,EDWARDS VACCUM,2026-10-01,SI,,,NO,
M-2026-012212,UTILIZADO,COMPROBADA / UTILIZADA,MARLENE MIRANDA,OPERADOR,ORTIZ GARCIA CANDELARIO,WEISER LOCK MEXICO,2026-10-01,SI,,,NO,
M-2026-012213,UTILIZADO,COMPROBADA / UTILIZADA,MARLENE MIRANDA,OPERADOR,ORTIZ GARCIA CANDELARIO,INTEGRATED CABLE ASSEMBLY HOLDINGS,2026-10-01,SI,,,NO,
M-2026-012214,UTILIZADO,COMPROBADA / UTILIZADA,MARLENE MIRANDA,OPERADOR,GAXIOLA WAR JOEL ALFREDO,AMPHENOL OPTIMIZE MEXICO,2026-09-22,SI,PRO-20261001-AMPHENOL-OPTIMIZE-MEXICO-135205,FACTURADA,SI,FLB13139
M-2026-012215,UTILIZADO,COMPROBADA / UTILIZADA,MARLENE MIRANDA,OPERADOR,GAXIOLA WAR JOEL ALFREDO,AMPHENOL OPTIMIZE MEXICO,2026-09-22,SI,,,NO,
M-2026-012216,UTILIZADO,COMPROBADA / UTILIZADA,MARLENE MIRANDA,OPERADOR,GAXIOLA WAR JOEL ALFREDO,AMPHENOL OPTIMIZE MEXICO,2026-09-22,SI,,,NO,
M-2026-012217,UTILIZADO,COMPROBADA / UTILIZADA,MARLENE MIRANDA,OPERADOR,GAXIOLA WAR JOEL ALFREDO,AMPHENOL OPTIMIZE MEXICO,2026-09-22,SI,,,NO,
M-2026-012218,UTILIZADO,COMPROBADA / UTILIZADA,MARLENE MIRANDA,OPERADOR,GAXIOLA WAR JOEL ALFREDO,INTEGRATED CABLE ASSEMBLY HOLDINGS,2026-09-23,SI,PRO-20261001-INTEGRATED-CABLE-ASSEMBLY-HOLDINGS-143725,FACTURADA,SI,FLB13145
M-2026-012219,UTILIZADO,COMPROBADA / UTILIZADA,MARLENE MIRANDA,OPERADOR,GAXIOLA WAR JOEL ALFREDO,INTEGRATED CABLE ASSEMBLY HOLDINGS,2026-09-23,SI,PRO-20261001-INTEGRATED-CABLE-ASSEMBLY-HOLDINGS-143725,FACTURADA,SI,FLB13145
M-2026-012220,UTILIZADO,COMPROBADA / UTILIZADA,MARLENE MIRANDA,OPERADOR,GAXIOLA WAR JOEL ALFREDO,PRODUCTOS PARA EL CUIDADO DE LA SALUD,2026-09-24,SI,PRO-20261003-PRODUCTOS-PARA-EL-CUIDADO-DE-LA-SALUD-121143,FACTURADA,SI,FLB 13209
M-2026-012221,UTILIZADO,COMPROBADA / UTILIZADA,MARLENE MIRANDA,OPERADOR,GAXIOLA WAR JOEL ALFREDO,PRODUCTOS PARA EL CUIDADO DE LA SALUD,2026-09-24,SI,PRO-20261003-PRODUCTOS-PARA-EL-CUIDADO-DE-LA-SALUD-121143,FACTURADA,SI,FLB 13209
M-2026-012222,UTILIZADO,COMPROBADA / UTILIZADA,MARLENE MIRANDA,OPERADOR,GAXIOLA WAR JOEL ALFREDO,PRODUCTOS PARA EL CUIDADO DE LA SALUD,2026-09-25,SI,PRO-20261003-PRODUCTOS-PARA-EL-CUIDADO-DE-LA-SALUD-121143,FACTURADA,SI,FLB 13209
M-2026-012223,ASIGNADO_OPERADOR,CON ORTIZ GARCIA CANDELARIO,MARLENE MIRANDA,OPERADOR,ORTIZ GARCIA CANDELARIO,,2026-09-29,NO,,,NO,
M-2026-012224,UTILIZADO,COMPROBADA / UTILIZADA,MARLENE MIRANDA,OPERADOR,FLORES ARIAS ADRIAN,EDWARDS VACCUM,2026-09-21,NO,,,NO,
M-2026-012225,UTILIZADO,COMPROBADA / UTILIZADA,MARLENE MIRANDA,OPERADOR,FLORES ARIAS ADRIAN,AMPHENOL OPTIMIZE MEXICO,2026-09-21,NO,PRO-20260923-AMPHENOL-OPTIMIZE-MEXICO-233609,FACTURADA,SI,65441
M-2026-012226,UTILIZADO,COMPROBADA / UTILIZADA,MARLENE MIRANDA,OPERADOR,FLORES ARIAS ADRIAN,AVENT,2026-09-22,NO,PRO-20261002-AVENT-122951,FACTURADA,SI,FLB 13175
M-2026-012227,UTILIZADO,COMPROBADA / UTILIZADA,MARLENE MIRANDA,OPERADOR,FLORES ARIAS ADRIAN,AVENT,2026-09-22,SI,PRO-20261002-AVENT-122951,FACTURADA,SI,FLB 13181
M-2026-012228,UTILIZADO,COMPROBADA / UTILIZADA,MARLENE MIRANDA,OPERADOR,FLORES ARIAS ADRIAN,AMPHENOL OPTIMIZE MEXICO,2026-09-22,SI,,,NO,
M-2026-012229,UTILIZADO,COMPROBADA / UTILIZADA,MARLENE MIRANDA,OPERADOR,FLORES ARIAS ADRIAN,WESTMED DE MEXICO,2026-09-24,SI,PRO-20261002-WESTMED-DE-MEXICO-125144,FACTURADA,SI,FLB13196
M-2026-012230,UTILIZADO,COMPROBADA / UTILIZADA,MARLENE MIRANDA,OPERADOR,FLORES ARIAS ADRIAN,AMPHENOL OPTIMIZE MEXICO,2026-09-24,SI,,,NO,
M-2026-012231,UTILIZADO,COMPROBADA / UTILIZADA,MARLENE MIRANDA,OPERADOR,FLORES ARIAS ADRIAN,AMPHENOL OPTIMIZE MEXICO,2026-09-24,SI,,,NO,
M-2026-012232,UTILIZADO,COMPROBADA / UTILIZADA,MARLENE MIRANDA,OPERADOR,FLORES ARIAS ADRIAN,WESTMED DE MEXICO,2026-09-24,SI,PRO-20261002-WESTMED-DE-MEXICO-125144,FACTURADA,SI,FLB13197
M-2026-012233,UTILIZADO,COMPROBADA / UTILIZADA,MARLENE MIRANDA,OPERADOR,FLORES ARIAS ADRIAN,AMPHENOL OPTIMIZE MEXICO,2026-09-21,NO,PRO-20260923-AMPHENOL-OPTIMIZE-MEXICO-233609,FACTURADA,SI,65441
M-2026-012234,UTILIZADO,COMPROBADA / UTILIZADA,MARLENE MIRANDA,OPERADOR,PEREZ CHAVEZ CARLOS GERALDO,INTEGRATED CABLE ASSEMBLY HOLDINGS,2026-09-21,SI,PRO-20261001-INTEGRATED-CABLE-ASSEMBLY-HOLDINGS-142238,FACTURADA,SI,FLB13086
M-2026-012235,CANCELADO,CANCELADA,MARLENE MIRANDA,OPERADOR,PEREZ CHAVEZ CARLOS GERALDO,K-C AFC MANUFACTURING,2026-09-22,SI,,,NO,
M-2026-012236,UTILIZADO,COMPROBADA / UTILIZADA,MARLENE MIRANDA,OPERADOR,PEREZ CHAVEZ CARLOS GERALDO,K-C AFC MANUFACTURING,2026-09-23,SI,PRO-20261001-K-C-AFC-MANUFACTURING-151250,FACTURADA,SI,FLB 13144
M-2026-012237,ASIGNADO_OPERADOR,CON CURIEL CARRASCO PLACIDO,MARLENE MIRANDA,OPERADOR,CURIEL CARRASCO PLACIDO,,,NO,,,NO,
M-2026-012238,UTILIZADO,COMPROBADA / UTILIZADA,MARLENE MIRANDA,OPERADOR,PEREZ CHAVEZ CARLOS GERALDO,EDWARDS VACCUM,2026-09-23,SI,,,NO,
M-2026-012239,UTILIZADO,COMPROBADA / UTILIZADA,MARLENE MIRANDA,OPERADOR,PEREZ CHAVEZ CARLOS GERALDO,AMPHENOL OPTIMIZE MEXICO,2026-09-24,SI,,,NO,
M-2026-012240,UTILIZADO,COMPROBADA / UTILIZADA,MARLENE MIRANDA,OPERADOR,PEREZ CHAVEZ CARLOS GERALDO,EDWARDS VACCUM,2026-09-25,SI,,,NO,
M-2026-012241,UTILIZADO,COMPROBADA / UTILIZADA,MARLENE MIRANDA,OPERADOR,PEREZ CHAVEZ CARLOS GERALDO,INTEGRATED CABLE ASSEMBLY HOLDINGS,2026-09-25,SI,PRO-20261001-INTEGRATED-CABLE-ASSEMBLY-HOLDINGS-143725,FACTURADA,SI,FLB13145
M-2026-012242,UTILIZADO,COMPROBADA / UTILIZADA,MARLENE MIRANDA,OPERADOR,PEREZ CHAVEZ CARLOS GERALDO,INTEGRATED CABLE ASSEMBLY HOLDINGS,2026-09-25,SI,PRO-20261001-INTEGRATED-CABLE-ASSEMBLY-HOLDINGS-143725,FACTURADA,SI,FLB13145
M-2026-012243,CANCELADO,CANCELADA,MARLENE MIRANDA,OPERADOR,PEREZ CHAVEZ CARLOS GERALDO,,2026-09-28,NO,,,NO,
M-2026-012244,UTILIZADO,COMPROBADA / UTILIZADA,MARLENE MIRANDA,OPERADOR,CASTRO GUZMAN SALVADOR,WESTMED DE MEXICO,2026-09-21,NO,,,NO,
M-2026-012245,UTILIZADO,COMPROBADA / UTILIZADA,MARLENE MIRANDA,OPERADOR,CASTRO GUZMAN SALVADOR,AMPHENOL OPTIMIZE MEXICO,2026-09-21,NO,,,NO,
M-2026-012246,UTILIZADO,COMPROBADA / UTILIZADA,MARLENE MIRANDA,OPERADOR,CASTRO GUZMAN SALVADOR,DORMAKABA,2026-09-22,SI,PRO-20261001-DORMAKABA-144753,FACTURADA,SI,FLB 13143
M-2026-012247,UTILIZADO,COMPROBADA / UTILIZADA,MARLENE MIRANDA,OPERADOR,CASTRO GUZMAN SALVADOR,DORMAKABA,2026-09-22,SI,PRO-20261001-DORMAKABA-144753,FACTURADA,SI,FLB 13143
M-2026-012248,UTILIZADO,COMPROBADA / UTILIZADA,MARLENE MIRANDA,OPERADOR,CASTRO GUZMAN SALVADOR,EDWARDS VACCUM,2026-09-22,SI,,,NO,
M-2026-012249,UTILIZADO,COMPROBADA / UTILIZADA,MARLENE MIRANDA,OPERADOR,CASTRO GUZMAN SALVADOR,EDWARDS VACCUM,2026-09-22,SI,,,NO,
M-2026-012250,UTILIZADO,COMPROBADA / UTILIZADA,MARLENE MIRANDA,OPERADOR,CASTRO GUZMAN SALVADOR,EDWARDS VACCUM,2026-09-22,SI,,,NO,
M-2026-012251,UTILIZADO,COMPROBADA / UTILIZADA,MARLENE MIRANDA,OPERADOR,CASTRO GUZMAN SALVADOR,EDWARDS VACCUM,2026-09-22,SI,,,NO,
M-2026-012252,UTILIZADO,COMPROBADA / UTILIZADA,MARLENE MIRANDA,OPERADOR,CASTRO GUZMAN SALVADOR,WESTMED DE MEXICO,2026-09-22,SI,,,NO,
M-2026-012253,UTILIZADO,COMPROBADA / UTILIZADA,MARLENE MIRANDA,OPERADOR,CASTRO GUZMAN SALVADOR,EDWARDS VACCUM,2026-09-23,SI,,,NO,
M-2026-012254,UTILIZADO,COMPROBADA / UTILIZADA,MARLENE MIRANDA,OPERADOR,MENDEZ URIBE JOSE SACRAMENTO,AMPHENOL OPTIMIZE MEXICO,2026-09-21,NO,,,NO,
M-2026-012255,UTILIZADO,COMPROBADA / UTILIZADA,MARLENE MIRANDA,OPERADOR,MENDEZ URIBE JOSE SACRAMENTO,AMPHENOL OPTIMIZE MEXICO,2026-09-28,SI,,,NO,
M-2026-012256,UTILIZADO,COMPROBADA / UTILIZADA,MARLENE MIRANDA,OPERADOR,MENDEZ URIBE JOSE SACRAMENTO,AMPHENOL OPTIMIZE MEXICO,2026-09-21,NO,,,NO,
M-2026-012257,UTILIZADO,COMPROBADA / UTILIZADA,MARLENE MIRANDA,OPERADOR,MENDEZ URIBE JOSE SACRAMENTO,WEISER LOCK MEXICO,2026-09-21,NO,PRO-20261001-WEISER-LOCK-MEXICO-160852,PENDIENTE_FACTURAR,NO,
M-2026-012258,UTILIZADO,COMPROBADA / UTILIZADA,MARLENE MIRANDA,OPERADOR,MENDEZ URIBE JOSE SACRAMENTO,WEISER LOCK MEXICO,2026-09-21,NO,PRO-20261001-WEISER-LOCK-MEXICO-160852,PENDIENTE_FACTURAR,NO,
M-2026-012259,UTILIZADO,COMPROBADA / UTILIZADA,MARLENE MIRANDA,OPERADOR,MEDINA ARMENDARIZ LUIS ENRIQUE,DORMAKABA,2026-09-21,NO,PRO-20261001-DORMAKABA-144753,FACTURADA,SI,FLB 13143
M-2026-012260,UTILIZADO,COMPROBADA / UTILIZADA,MARLENE MIRANDA,OPERADOR,MEDINA ARMENDARIZ LUIS ENRIQUE,DORMAKABA,2026-09-21,NO,PRO-20261001-DORMAKABA-144753,FACTURADA,SI,FLB 13143
M-2026-012261,UTILIZADO,COMPROBADA / UTILIZADA,MARLENE MIRANDA,OPERADOR,MEDINA ARMENDARIZ LUIS ENRIQUE,DORMAKABA,2026-09-21,SI,PRO-20261001-DORMAKABA-144753,FACTURADA,SI,FLB 13143
M-2026-012262,UTILIZADO,COMPROBADA / UTILIZADA,MARLENE MIRANDA,OPERADOR,MEDINA ARMENDARIZ LUIS ENRIQUE,DORMAKABA,2026-09-21,NO,PRO-20261001-DORMAKABA-144753,FACTURADA,SI,FLB 13143
M-2026-012263,ASIGNADO_OPERADOR,CON MEDINA ARMENDARIZ LUIS ENRIQUE,MARLENE MIRANDA,OPERADOR,MEDINA ARMENDARIZ LUIS ENRIQUE,,,NO,,,NO,
M-2026-012264,UTILIZADO,COMPROBADA / UTILIZADA,MARLENE MIRANDA,OPERADOR,MEDINA ARMENDARIZ LUIS ENRIQUE,DORMAKABA,2026-09-24,SI,PRO-20261001-DORMAKABA-144753,FACTURADA,SI,FLB 13143
M-2026-012265,UTILIZADO,COMPROBADA / UTILIZADA,MARLENE MIRANDA,OPERADOR,ZEPEDA MORALES LUIS FERNANDO,DORMAKABA,2026-09-21,NO,PRO-20261001-DORMAKABA-144753,FACTURADA,SI,FLB 13143
M-2026-012266,UTILIZADO,COMPROBADA / UTILIZADA,MARLENE MIRANDA,OPERADOR,ZEPEDA MORALES LUIS FERNANDO,DORMAKABA,2026-09-21,NO,PRO-20261001-DORMAKABA-144753,FACTURADA,SI,FLB 13143
M-2026-012267,UTILIZADO,COMPROBADA / UTILIZADA,MARLENE MIRANDA,OPERADOR,ZEPEDA MORALES LUIS FERNANDO,DORMAKABA,2026-09-21,NO,PRO-20261001-DORMAKABA-144753,FACTURADA,SI,FLB 13143
M-2026-012268,UTILIZADO,COMPROBADA / UTILIZADA,MARLENE MIRANDA,OPERADOR,ZEPEDA MORALES LUIS FERNANDO,DORMAKABA,2026-09-21,NO,PRO-20261001-DORMAKABA-144753,FACTURADA,SI,FLB 13143
M-2026-012269,UTILIZADO,COMPROBADA / UTILIZADA,MARLENE MIRANDA,OPERADOR,ZEPEDA MORALES LUIS FERNANDO,DORMAKABA,2026-09-21,NO,PRO-20261001-DORMAKABA-144753,FACTURADA,SI,FLB 13143
M-2026-012270,UTILIZADO,COMPROBADA / UTILIZADA,MARLENE MIRANDA,OPERADOR,ZEPEDA MORALES LUIS FERNANDO,DORMAKABA,2026-09-21,NO,PRO-20261001-DORMAKABA-144753,FACTURADA,SI,FLB 13143
M-2026-012271,UTILIZADO,COMPROBADA / UTILIZADA,MARLENE MIRANDA,OPERADOR,ZEPEDA MORALES LUIS FERNANDO,DORMAKABA,2026-09-21,NO,PRO-20261001-DORMAKABA-144753,FACTURADA,SI,FLB 13143
M-2026-012272,UTILIZADO,COMPROBADA / UTILIZADA,MARLENE MIRANDA,OPERADOR,VALENZUELA CORDERO JOAQUIN,WEISER LOCK MEXICO,2026-09-22,NO,PRO-20261001-WEISER-LOCK-MEXICO-160852,PENDIENTE_FACTURAR,NO,
M-2026-012273,UTILIZADO,COMPROBADA / UTILIZADA,MARLENE MIRANDA,OPERADOR,VALENZUELA CORDERO JOAQUIN,AMPHENOL OPTIMIZE MEXICO,2026-09-22,NO,PRO-20261001-AMPHENOL-OPTIMIZE-MEXICO-135205,FACTURADA,SI,FLB13139
M-2026-012274,UTILIZADO,COMPROBADA / UTILIZADA,MARLENE MIRANDA,OPERADOR,DE LA CRUZ TAUTIMES MARTIN,DORMAKABA,2026-09-22,SI,PRO-20261001-DORMAKABA-144753,FACTURADA,SI,FLB 13143
M-2026-012275,UTILIZADO,COMPROBADA / UTILIZADA,MARLENE MIRANDA,OPERADOR,ESTRADA GARCIA JAIME,BUSSMANN,2026-09-21,NO,,,NO,
M-2026-012276,UTILIZADO,COMPROBADA / UTILIZADA,MARLENE MIRANDA,OPERADOR,ESTRADA GARCIA JAIME,ALTEX,2026-09-22,SI,PRO-2026-000006,PENDIENTE_FACTURAR,NO,
M-2026-012277,UTILIZADO,COMPROBADA / UTILIZADA,MARLENE MIRANDA,OPERADOR,ESTRADA GARCIA JAIME,MTD CONSUMER PRODUCTS MEXICO,2026-09-25,SI,PRO-20261001-MTD-CONSUMER-PRODUCTS-MEXICO-112421,FACTURADA,SI,FLB 13134
M-2026-012278,UTILIZADO,COMPROBADA / UTILIZADA,MARLENE MIRANDA,OPERADOR,ESTRADA GARCIA JAIME,MTD CONSUMER PRODUCTS MEXICO,2026-09-25,SI,PRO-20261001-MTD-CONSUMER-PRODUCTS-MEXICO-112421,FACTURADA,SI,FLB 13134
M-2026-012279,UTILIZADO,COMPROBADA / UTILIZADA,MARLENE MIRANDA,OPERADOR,ARCE BARCELO LUIS RENE,ITT ICS,2026-10-01,SI,,,NO,
M-2026-012280,UTILIZADO,COMPROBADA / UTILIZADA,MARLENE MIRANDA,OPERADOR,ARCE BARCELO LUIS RENE,ITT ICS,2026-10-01,SI,,,NO,
M-2026-012281,UTILIZADO,COMPROBADA / UTILIZADA,MARLENE MIRANDA,OPERADOR,ARCE BARCELO LUIS RENE,ITT ICS,2026-10-01,SI,,,NO,
M-2026-012282,UTILIZADO,COMPROBADA / UTILIZADA,MARLENE MIRANDA,OPERADOR,CURIEL CARRASCO PLACIDO,ITT ICS,2026-09-21,NO,,,NO,
M-2026-012283,UTILIZADO,COMPROBADA / UTILIZADA,MARLENE MIRANDA,OPERADOR,CURIEL CARRASCO PLACIDO,ITT ICS,2026-09-21,NO,,,NO,
M-2026-012284,UTILIZADO,COMPROBADA / UTILIZADA,MARLENE MIRANDA,OPERADOR,CURIEL CARRASCO PLACIDO,ITT ICS,2026-09-21,NO,,,NO,
M-2026-012285,UTILIZADO,COMPROBADA / UTILIZADA,MARLENE MIRANDA,OPERADOR,CURIEL CARRASCO PLACIDO,ITT ICS,2026-09-21,NO,,,NO,
M-2026-012286,UTILIZADO,COMPROBADA / UTILIZADA,MARLENE MIRANDA,OPERADOR,CURIEL CARRASCO PLACIDO,ITT ICS,2026-09-21,NO,,,NO,
M-2026-012287,UTILIZADO,COMPROBADA / UTILIZADA,MARLENE MIRANDA,OPERADOR,DE LA CRUZ TAUTIMES MARTIN,DORMAKABA,2026-09-23,SI,PRO-20261001-DORMAKABA-144753,FACTURADA,SI,FLB 13143
M-2026-012288,UTILIZADO,COMPROBADA / UTILIZADA,MARLENE MIRANDA,OPERADOR,DE LA CRUZ TAUTIMES MARTIN,DORMAKABA,2026-09-23,SI,PRO-20261001-DORMAKABA-144753,FACTURADA,SI,FLB 13143
M-2026-012289,UTILIZADO,COMPROBADA / UTILIZADA,MARLENE MIRANDA,OPERADOR,DE LA CRUZ TAUTIMES MARTIN,DORMAKABA,2026-09-22,SI,PRO-20261001-DORMAKABA-144753,FACTURADA,SI,FLB 13143
M-2026-012290,UTILIZADO,COMPROBADA / UTILIZADA,MARLENE MIRANDA,OPERADOR,DE LA CRUZ TAUTIMES MARTIN,DORMAKABA,2026-09-22,SI,PRO-20261001-DORMAKABA-144753,FACTURADA,SI,FLB 13143
M-2026-012291,UTILIZADO,COMPROBADA / UTILIZADA,MARLENE MIRANDA,OPERADOR,DE LA CRUZ TAUTIMES MARTIN,DORMAKABA,2026-09-22,SI,PRO-20261001-DORMAKABA-144753,FACTURADA,SI,FLB 13143
M-2026-012292,ASIGNADO_OPERADOR,CON ARROYO PERALTA ISAAC,MARLENE MIRANDA,OPERADOR,ARROYO PERALTA ISAAC,,,NO,,,NO,
M-2026-012293,UTILIZADO,COMPROBADA / UTILIZADA,MARLENE MIRANDA,OPERADOR,ARROYO PERALTA ISAAC,WEISER LOCK MEXICO,2026-09-21,SI,,,NO,
M-2026-012294,UTILIZADO,COMPROBADA / UTILIZADA,MARLENE MIRANDA,OPERADOR,ARROYO PERALTA ISAAC,WESTMED DE MEXICO,2026-09-22,SI,PRO-20261002-WESTMED-DE-MEXICO-125144,FACTURADA,SI,FLB13198
M-2026-012295,UTILIZADO,COMPROBADA / UTILIZADA,MARLENE MIRANDA,OPERADOR,ARROYO PERALTA ISAAC,PRODUCTOS PARA EL CUIDADO DE LA SALUD,2026-09-23,SI,PRO-20261003-PRODUCTOS-PARA-EL-CUIDADO-DE-LA-SALUD-121143,FACTURADA,SI,FLB 13209
M-2026-012296,UTILIZADO,COMPROBADA / UTILIZADA,MARLENE MIRANDA,OPERADOR,ARROYO PERALTA ISAAC,WESTMED DE MEXICO,2026-09-23,SI,PRO-20261002-WESTMED-DE-MEXICO-122145,FACTURADA,SI,FLB13168
M-2026-012297,UTILIZADO,COMPROBADA / UTILIZADA,MARLENE MIRANDA,OPERADOR,ARROYO PERALTA ISAAC,AMPHENOL ALDEN PRODUCTS MEXICO,2026-09-23,SI,PRO-20261002-AMPHENOL-ALDEN-PRODUCTS-MEXICO-105728,FACTURADA,SI,FLB 13149
M-2026-012298,UTILIZADO,COMPROBADA / UTILIZADA,MARLENE MIRANDA,OPERADOR,ARROYO PERALTA ISAAC,DORMAKABA,2026-09-25,SI,PRO-20261001-DORMAKABA-144753,FACTURADA,SI,FLB 13143
M-2026-012299,UTILIZADO,COMPROBADA / UTILIZADA,MARLENE MIRANDA,OPERADOR,ARROYO PERALTA ISAAC,WESTMED DE MEXICO,2026-09-24,SI,PRO-20261002-WESTMED-DE-MEXICO-122345,FACTURADA,SI,FLB13173
M-2026-012300,UTILIZADO,COMPROBADA / UTILIZADA,MARLENE MIRANDA,OPERADOR,ARROYO PERALTA ISAAC,WESTMED DE MEXICO,2026-09-24,SI,PRO-20261002-WESTMED-DE-MEXICO-124256,FACTURADA,SI,FLB13177
M-2026-012301,UTILIZADO,COMPROBADA / UTILIZADA,MARLENE MIRANDA,OPERADOR,ARROYO PERALTA ISAAC,DORMAKABA,2026-09-26,SI,PRO-20261001-DORMAKABA-144753,FACTURADA,SI,FLB 13143
M-2026-012302,UTILIZADO,COMPROBADA / UTILIZADA,MARLENE MIRANDA,OPERADOR,ARCE BARCELO LUIS RENE,ITT ICS,2026-10-01,SI,,,NO,
M-2026-012303,UTILIZADO,COMPROBADA / UTILIZADA,MARLENE MIRANDA,OPERADOR,VIZCARRA AMEZCUA BLADIMID,AMPHENOL OPTIMIZE MEXICO,2026-09-21,SI,,,NO,
M-2026-012304,UTILIZADO,COMPROBADA / UTILIZADA,MARLENE MIRANDA,OPERADOR,VIZCARRA AMEZCUA BLADIMID,WEISER LOCK MEXICO,2026-09-22,SI,PRO-20261001-WEISER-LOCK-MEXICO-160852,PENDIENTE_FACTURAR,NO,
M-2026-012305,UTILIZADO,COMPROBADA / UTILIZADA,MARLENE MIRANDA,OPERADOR,VIZCARRA AMEZCUA BLADIMID,WEISER LOCK MEXICO,2026-09-22,SI,PRO-20261001-WEISER-LOCK-MEXICO-160852,PENDIENTE_FACTURAR,NO,
M-2026-012306,UTILIZADO,COMPROBADA / UTILIZADA,MARLENE MIRANDA,OPERADOR,VIZCARRA AMEZCUA BLADIMID,WESTMED DE MEXICO,2026-09-22,SI,PRO-20261002-WESTMED-DE-MEXICO-124256,FACTURADA,SI,FLB13178
M-2026-012307,UTILIZADO,COMPROBADA / UTILIZADA,MARLENE MIRANDA,OPERADOR,VIZCARRA AMEZCUA BLADIMID,WEISER LOCK MEXICO,2026-09-22,SI,PRO-20261001-WEISER-LOCK-MEXICO-160852,PENDIENTE_FACTURAR,NO,
M-2026-012308,UTILIZADO,COMPROBADA / UTILIZADA,MARLENE MIRANDA,OPERADOR,VIZCARRA AMEZCUA BLADIMID,WEISER LOCK MEXICO,2026-09-22,SI,PRO-20261001-WEISER-LOCK-MEXICO-160852,PENDIENTE_FACTURAR,NO,
M-2026-012309,UTILIZADO,COMPROBADA / UTILIZADA,MARLENE MIRANDA,OPERADOR,VIZCARRA AMEZCUA BLADIMID,WEISER LOCK MEXICO,2026-09-22,NO,PRO-20261001-WEISER-LOCK-MEXICO-160852,PENDIENTE_FACTURAR,NO,
M-2026-012310,UTILIZADO,COMPROBADA / UTILIZADA,MARLENE MIRANDA,OPERADOR,VIZCARRA AMEZCUA BLADIMID,WEISER LOCK MEXICO,2026-09-22,SI,PRO-20261001-WEISER-LOCK-MEXICO-160852,PENDIENTE_FACTURAR,NO,
M-2026-012311,UTILIZADO,COMPROBADA / UTILIZADA,MARLENE MIRANDA,OPERADOR,CURIEL CARRASCO PLACIDO,BUSSMANN,0011-03-12,SI,PRO-20261001-BUSSMANN-140315,FACTURADA,SI,FLB12311
M-2026-012312,UTILIZADO,COMPROBADA / UTILIZADA,MARLENE MIRANDA,OPERADOR,ARCE BARCELO LUIS RENE,ITT ICS,2026-10-01,SI,,,NO,
M-2026-012313,ASIGNADO_OPERADOR,CON ROMERO IRIQUI JACOBO,MARLENE MIRANDA,OPERADOR,ROMERO IRIQUI JACOBO,,,NO,,,NO,
M-2026-012314,UTILIZADO,COMPROBADA / UTILIZADA,MARLENE MIRANDA,OPERADOR,ROMERO IRIQUI JACOBO,HUMANSCALE,2026-09-24,SI,PRO-20261001-HUMANSCALE-120536,FACTURADA,SI,FLB 13136
M-2026-012315,UTILIZADO,COMPROBADA / UTILIZADA,MARLENE MIRANDA,OPERADOR,ESTRADA GARCIA JAIME,WEISER LOCK MEXICO,2026-09-25,SI,PRO-20261001-WEISER-LOCK-MEXICO-160852,PENDIENTE_FACTURAR,NO,
M-2026-012316,UTILIZADO,COMPROBADA / UTILIZADA,MARLENE MIRANDA,OPERADOR,INZUNZA MONTOYA NOEL,AMPHENOL OPTIMIZE MEXICO,2026-09-23,SI,,,NO,
M-2026-012317,UTILIZADO,COMPROBADA / UTILIZADA,MARLENE MIRANDA,OPERADOR,MENDEZ URIBE JOSE SACRAMENTO,AMPHENOL OPTIMIZE MEXICO,2026-09-22,SI,PRO-20261001-AMPHENOL-OPTIMIZE-MEXICO-135205,FACTURADA,SI,FLB13139
M-2026-012318,UTILIZADO,COMPROBADA / UTILIZADA,MARLENE MIRANDA,OPERADOR,MENDEZ URIBE JOSE SACRAMENTO,DORMAKABA,2026-09-23,SI,PRO-20261001-DORMAKABA-144753,FACTURADA,SI,FLB 13143
M-2026-012319,UTILIZADO,COMPROBADA / UTILIZADA,MARLENE MIRANDA,OPERADOR,MENDEZ URIBE JOSE SACRAMENTO,DORMAKABA,2026-09-23,SI,PRO-20261001-DORMAKABA-144753,FACTURADA,SI,FLB 13143
M-2026-012320,UTILIZADO,COMPROBADA / UTILIZADA,MARLENE MIRANDA,OPERADOR,MENDEZ URIBE JOSE SACRAMENTO,DORMAKABA,2026-09-23,SI,PRO-20261001-DORMAKABA-144753,FACTURADA,SI,FLB 13143
M-2026-012321,UTILIZADO,COMPROBADA / UTILIZADA,MARLENE MIRANDA,OPERADOR,MARQUEZ ROMERO OMAR HORACIO,WESTMED DE MEXICO,2026-09-22,SI,PRO-20261002-WESTMED-DE-MEXICO-124256,FACTURADA,SI,FLB13180
M-2026-012322,UTILIZADO,COMPROBADA / UTILIZADA,MARLENE MIRANDA,OPERADOR,MARQUEZ ROMERO OMAR HORACIO,WESTMED DE MEXICO,2026-09-22,SI,PRO-20261002-WESTMED-DE-MEXICO-124256,FACTURADA,SI,FLB13183
M-2026-012323,UTILIZADO,COMPROBADA / UTILIZADA,MARLENE MIRANDA,OPERADOR,MARQUEZ ROMERO OMAR HORACIO,AVENT,2026-09-22,SI,,,NO,
M-2026-012324,UTILIZADO,COMPROBADA / UTILIZADA,MARLENE MIRANDA,OPERADOR,MARQUEZ ROMERO OMAR HORACIO,PRODUCTOS PARA EL CUIDADO DE LA SALUD,2026-09-22,SI,PRO-20261003-PRODUCTOS-PARA-EL-CUIDADO-DE-LA-SALUD-121143,FACTURADA,SI,FLB 13209
M-2026-012325,UTILIZADO,COMPROBADA / UTILIZADA,MARLENE MIRANDA,OPERADOR,MARQUEZ ROMERO OMAR HORACIO,WESTMED DE MEXICO,2026-09-23,SI,PRO-20261002-WESTMED-DE-MEXICO-124256,FACTURADA,SI,FLB13185
M-2026-012326,UTILIZADO,COMPROBADA / UTILIZADA,MARLENE MIRANDA,OPERADOR,MARQUEZ ROMERO OMAR HORACIO,PRODUCTOS PARA EL CUIDADO DE LA SALUD,2026-09-24,SI,PRO-20261003-PRODUCTOS-PARA-EL-CUIDADO-DE-LA-SALUD-121143,FACTURADA,SI,FLB 13209
M-2026-012327,UTILIZADO,COMPROBADA / UTILIZADA,MARLENE MIRANDA,OPERADOR,PEREZ CHAVEZ CARLOS GERALDO,AMPHENOL SAA,2026-10-02,SI,,,NO,
M-2026-012328,UTILIZADO,COMPROBADA / UTILIZADA,MARLENE MIRANDA,OPERADOR,PEREZ CHAVEZ CARLOS GERALDO,AMPHENOL SAA,2026-10-02,SI,,,NO,
M-2026-012329,ASIGNADO_OPERADOR,CON ZEPEDA MORALES LUIS FERNANDO,MARLENE MIRANDA,OPERADOR,ZEPEDA MORALES LUIS FERNANDO,,,NO,,,NO,
M-2026-012330,ASIGNADO_OPERADOR,CON ZEPEDA MORALES LUIS FERNANDO,MARLENE MIRANDA,OPERADOR,ZEPEDA MORALES LUIS FERNANDO,,,NO,,,NO,
M-2026-012331,UTILIZADO,COMPROBADA / UTILIZADA,MARLENE MIRANDA,OPERADOR,PEREZ REYES JOSE GERARDO,WESTMED DE MEXICO,2026-09-25,SI,PRO-20261002-WESTMED-DE-MEXICO-124256,FACTURADA,SI,FLB13186
M-2026-012332,UTILIZADO,COMPROBADA / UTILIZADA,MARLENE MIRANDA,OPERADOR,PEREZ REYES JOSE GERARDO,AMPHENOL OPTIMIZE MEXICO,2026-09-25,SI,,,NO,
M-2026-012333,UTILIZADO,COMPROBADA / UTILIZADA,MARLENE MIRANDA,OPERADOR,PEREZ REYES JOSE GERARDO,AMPHENOL OPTIMIZE MEXICO,2026-09-25,SI,,,NO,
M-2026-012334,UTILIZADO,COMPROBADA / UTILIZADA,MARLENE MIRANDA,OPERADOR,PEREZ REYES JOSE GERARDO,EDWARDS VACCUM,2026-09-26,SI,,,NO,
M-2026-012335,UTILIZADO,COMPROBADA / UTILIZADA,MARLENE MIRANDA,OPERADOR,PEREZ REYES JOSE GERARDO,EDWARDS VACCUM,2026-09-26,SI,,,NO,
M-2026-012336,ASIGNADO_OPERADOR,CON MARIA,MARLENE MIRANDA,OPERADOR,MARIA,,,NO,,,NO,
M-2026-012337,UTILIZADO,COMPROBADA / UTILIZADA,MARLENE MIRANDA,OPERADOR,PADILLA ORTIZ RAUL FRANCISCO,INTEGRATED CABLE ASSEMBLY HOLDINGS,2026-09-24,SI,PRO-20261001-INTEGRATED-CABLE-ASSEMBLY-HOLDINGS-143725,FACTURADA,SI,FLB13145
M-2026-012338,UTILIZADO,COMPROBADA / UTILIZADA,MARLENE MIRANDA,OPERADOR,PADILLA ORTIZ RAUL FRANCISCO,K-C AFC MANUFACTURING,2026-09-25,SI,PRO-20261001-K-C-AFC-MANUFACTURING-151250,FACTURADA,SI,FLB 13144
M-2026-012339,UTILIZADO,COMPROBADA / UTILIZADA,MARLENE MIRANDA,OPERADOR,ROMERO GALINDO FRANCISCO RAMON,DORMAKABA,2026-09-25,SI,PRO-20261001-DORMAKABA-144753,FACTURADA,SI,FLB 13143
M-2026-012340,UTILIZADO,COMPROBADA / UTILIZADA,MARLENE MIRANDA,OPERADOR,GAXIOLA WAR JOEL ALFREDO,WEISER LOCK MEXICO,2026-10-02,SI,,,NO,
M-2026-012341,ASIGNADO_OPERADOR,CON MARIA,MARLENE MIRANDA,OPERADOR,MARIA,,,NO,,,NO,
M-2026-012342,UTILIZADO,COMPROBADA / UTILIZADA,MARLENE MIRANDA,OPERADOR,MENDEZ URIBE JOSE SACRAMENTO,AMPHENOL ALDEN PRODUCTS MEXICO,2026-09-24,SI,PRO-20261002-AMPHENOL-ALDEN-PRODUCTS-MEXICO-105728,FACTURADA,SI,FLB 13149
M-2026-012343,UTILIZADO,COMPROBADA / UTILIZADA,MARLENE MIRANDA,OPERADOR,MENDEZ URIBE JOSE SACRAMENTO,PRODUCTOS PARA EL CUIDADO DE LA SALUD,2026-09-24,SI,PRO-20261003-PRODUCTOS-PARA-EL-CUIDADO-DE-LA-SALUD-121143,FACTURADA,SI,FLB 13209
M-2026-012344,ASIGNADO_OPERADOR,CON MARIA,MARLENE MIRANDA,OPERADOR,MARIA,,,NO,,,NO,
M-2026-012345,UTILIZADO,COMPROBADA / UTILIZADA,MARLENE MIRANDA,OPERADOR,CURIEL CARRASCO PLACIDO,ITT ICS,2026-09-22,SI,,,NO,
M-2026-012346,UTILIZADO,COMPROBADA / UTILIZADA,MARLENE MIRANDA,OPERADOR,CURIEL CARRASCO PLACIDO,ITT CT,2026-09-21,SI,,,NO,
M-2026-012347,UTILIZADO,COMPROBADA / UTILIZADA,MARLENE MIRANDA,OPERADOR,CURIEL CARRASCO PLACIDO,ITT ICS,2026-09-22,SI,,,NO,
M-2026-012348,UTILIZADO,COMPROBADA / UTILIZADA,MARLENE MIRANDA,OPERADOR,CURIEL CARRASCO PLACIDO,ITT ICS,2026-09-22,SI,,,NO,
M-2026-012349,UTILIZADO,COMPROBADA / UTILIZADA,MARLENE MIRANDA,OPERADOR,CURIEL CARRASCO PLACIDO,ITT CT,2026-09-22,SI,,,NO,
M-2026-012350,UTILIZADO,COMPROBADA / UTILIZADA,MARLENE MIRANDA,OPERADOR,MEDINA ARMENDARIZ LUIS ENRIQUE,DORMAKABA,2026-09-24,SI,PRO-20261001-DORMAKABA-144753,FACTURADA,SI,FLB 13143
M-2026-012351,UTILIZADO,COMPROBADA / UTILIZADA,MARLENE MIRANDA,OPERADOR,VALENZUELA VERDUZCO RICARDO,ITT ICS,2026-09-24,SI,,,NO,
M-2026-012352,UTILIZADO,COMPROBADA / UTILIZADA,MARLENE MIRANDA,OPERADOR,LEAL IBAL JOSE LUIS,WESTMED DE MEXICO,2026-09-21,SI,PRO-20261002-WESTMED-DE-MEXICO-124256,FACTURADA,SI,FLB13187
M-2026-012353,UTILIZADO,COMPROBADA / UTILIZADA,MARLENE MIRANDA,OPERADOR,LEAL IBAL JOSE LUIS,AVENT,2026-09-23,SI,PRO-20261002-AVENT-154700,FACTURADA,SI,FLB 13203
M-2026-012354,UTILIZADO,COMPROBADA / UTILIZADA,MARLENE MIRANDA,OPERADOR,LEAL IBAL JOSE LUIS,WESTMED DE MEXICO,2026-09-23,SI,PRO-20261002-WESTMED-DE-MEXICO-124256,FACTURADA,SI,FLB13188
M-2026-012355,UTILIZADO,COMPROBADA / UTILIZADA,MARLENE MIRANDA,OPERADOR,LEAL IBAL JOSE LUIS,EDWARDS VACCUM,2026-09-24,SI,,,NO,
M-2026-012356,UTILIZADO,COMPROBADA / UTILIZADA,MARLENE MIRANDA,OPERADOR,LEAL IBAL JOSE LUIS,EDWARDS VACCUM,2026-09-24,SI,,,NO,
M-2026-012357,UTILIZADO,COMPROBADA / UTILIZADA,MARLENE MIRANDA,OPERADOR,ZEPEDA MORALES LUIS FERNANDO,DORMAKABA,2026-09-22,SI,PRO-20261001-DORMAKABA-144753,FACTURADA,SI,FLB 13143
M-2026-012358,UTILIZADO,COMPROBADA / UTILIZADA,MARLENE MIRANDA,OPERADOR,ZEPEDA MORALES LUIS FERNANDO,DORMAKABA,2026-09-22,SI,PRO-20261001-DORMAKABA-144753,FACTURADA,SI,FLB 13143
M-2026-012359,UTILIZADO,COMPROBADA / UTILIZADA,MARLENE MIRANDA,OPERADOR,ZEPEDA MORALES LUIS FERNANDO,DORMAKABA,2026-09-22,SI,PRO-20261001-DORMAKABA-144753,FACTURADA,SI,FLB 13143
M-2026-012360,UTILIZADO,COMPROBADA / UTILIZADA,MARLENE MIRANDA,OPERADOR,ZEPEDA MORALES LUIS FERNANDO,DORMAKABA,2026-09-22,SI,PRO-20261001-DORMAKABA-144753,FACTURADA,SI,FLB 13143
M-2026-012361,UTILIZADO,COMPROBADA / UTILIZADA,MARLENE MIRANDA,OPERADOR,ZEPEDA MORALES LUIS FERNANDO,PRODUCTOS PARA EL CUIDADO DE LA SALUD,2026-09-23,SI,PRO-20261003-PRODUCTOS-PARA-EL-CUIDADO-DE-LA-SALUD-121143,FACTURADA,SI,FLB 13209
M-2026-012362,UTILIZADO,COMPROBADA / UTILIZADA,MARLENE MIRANDA,OPERADOR,ZEPEDA MORALES LUIS FERNANDO,K-C AFC MANUFACTURING,2026-09-24,SI,PRO-20261001-K-C-AFC-MANUFACTURING-151250,FACTURADA,SI,FLB 13144
M-2026-012363,UTILIZADO,COMPROBADA / UTILIZADA,MARLENE MIRANDA,OPERADOR,ZEPEDA MORALES LUIS FERNANDO,K-C AFC MANUFACTURING,2026-09-24,SI,PRO-20261001-K-C-AFC-MANUFACTURING-151250,FACTURADA,SI,FLB 13144
M-2026-012364,UTILIZADO,COMPROBADA / UTILIZADA,MARLENE MIRANDA,OPERADOR,ORTIZ GARCIA CANDELARIO,WEISER LOCK MEXICO,2026-09-23,SI,PRO-20261001-WEISER-LOCK-MEXICO-160852,PENDIENTE_FACTURAR,NO,
M-2026-012365,UTILIZADO,COMPROBADA / UTILIZADA,MARLENE MIRANDA,OPERADOR,ORTIZ GARCIA CANDELARIO,INTEGRATED CABLE ASSEMBLY HOLDINGS,2026-09-23,SI,PRO-20261001-INTEGRATED-CABLE-ASSEMBLY-HOLDINGS-143725,FACTURADA,SI,FLB13145
M-2026-012366,UTILIZADO,COMPROBADA / UTILIZADA,MARLENE MIRANDA,OPERADOR,ORTIZ GARCIA CANDELARIO,AVENT,2026-09-24,NO,PRO-20261002-AVENT-122951,FACTURADA,SI,FLB 13182
M-2026-012367,UTILIZADO,COMPROBADA / UTILIZADA,MARLENE MIRANDA,OPERADOR,ORTIZ GARCIA CANDELARIO,PRODUCTOS PARA EL CUIDADO DE LA SALUD,2026-09-25,SI,PRO-20261003-PRODUCTOS-PARA-EL-CUIDADO-DE-LA-SALUD-121143,FACTURADA,SI,FLB 13209
M-2026-012368,UTILIZADO,COMPROBADA / UTILIZADA,MARLENE MIRANDA,OPERADOR,ORTIZ GARCIA CANDELARIO,WEISER LOCK MEXICO,2026-09-25,SI,PRO-20261001-WEISER-LOCK-MEXICO-160852,PENDIENTE_FACTURAR,NO,
M-2026-012369,UTILIZADO,COMPROBADA / UTILIZADA,MARLENE MIRANDA,OPERADOR,ORTIZ GARCIA CANDELARIO,WEISER LOCK MEXICO,2026-09-24,SI,PRO-20261001-WEISER-LOCK-MEXICO-160852,PENDIENTE_FACTURAR,NO,
M-2026-012370,UTILIZADO,COMPROBADA / UTILIZADA,MARLENE MIRANDA,OPERADOR,ARCE BARCELO LUIS RENE,MTD CONSUMER PRODUCTS MEXICO,2026-09-28,SI,,,NO,
M-2026-012371,UTILIZADO,COMPROBADA / UTILIZADA,MARLENE MIRANDA,OPERADOR,ARCE BARCELO LUIS RENE,ITT ICS,2026-09-29,SI,,,NO,
M-2026-012372,UTILIZADO,COMPROBADA / UTILIZADA,MARLENE MIRANDA,OPERADOR,ARCE BARCELO LUIS RENE,ITT ICS,2026-09-29,SI,,,NO,
M-2026-012373,UTILIZADO,COMPROBADA / UTILIZADA,MARLENE MIRANDA,OPERADOR,ARCE BARCELO LUIS RENE,ITT ICS,2026-09-30,SI,,,NO,
M-2026-012374,UTILIZADO,COMPROBADA / UTILIZADA,MARLENE MIRANDA,OPERADOR,ARCE BARCELO LUIS RENE,ITT ICS,2026-09-30,SI,,,NO,
M-2026-012375,UTILIZADO,COMPROBADA / UTILIZADA,MARLENE MIRANDA,OPERADOR,ARCE BARCELO LUIS RENE,ITT ICS,2026-09-30,SI,,,NO,
M-2026-012376,UTILIZADO,COMPROBADA / UTILIZADA,MARLENE MIRANDA,OPERADOR,ARCE BARCELO LUIS RENE,ITT ICS,2026-09-29,SI,,,NO,
M-2026-012377,UTILIZADO,COMPROBADA / UTILIZADA,MARLENE MIRANDA,OPERADOR,ARCE BARCELO LUIS RENE,ITT ICS,2026-09-29,SI,,,NO,
M-2026-012378,UTILIZADO,COMPROBADA / UTILIZADA,MARLENE MIRANDA,OPERADOR,ARCE BARCELO LUIS RENE,ITT ICS,2026-09-29,SI,,,NO,
M-2026-012379,UTILIZADO,COMPROBADA / UTILIZADA,MARLENE MIRANDA,OPERADOR,ARCE BARCELO LUIS RENE,ITT ICS,2026-09-29,SI,,,NO,
M-2026-012380,UTILIZADO,COMPROBADA / UTILIZADA,MARLENE MIRANDA,OPERADOR,ARROYO PERALTA ISAAC,PRODUCTOS PARA EL CUIDADO DE LA SALUD,2026-09-28,SI,,,NO,
M-2026-012381,UTILIZADO,COMPROBADA / UTILIZADA,MARLENE MIRANDA,OPERADOR,ARROYO PERALTA ISAAC,ITT BIW,2026-09-30,SI,,,NO,
M-2026-012382,UTILIZADO,COMPROBADA / UTILIZADA,MARLENE MIRANDA,OPERADOR,ARROYO PERALTA ISAAC,MTD CONSUMER PRODUCTS MEXICO,2026-09-30,SI,,,NO,
M-2026-012383,UTILIZADO,COMPROBADA / UTILIZADA,MARLENE MIRANDA,OPERADOR,ARROYO PERALTA ISAAC,ITT CT,2026-10-01,SI,,,NO,
M-2026-012384,UTILIZADO,COMPROBADA / UTILIZADA,MARLENE MIRANDA,OPERADOR,ARROYO PERALTA ISAAC,ITT CT,2026-10-01,SI,,,NO,
M-2026-012385,UTILIZADO,COMPROBADA / UTILIZADA,MARLENE MIRANDA,OPERADOR,ARROYO PERALTA ISAAC,ITT CT,2026-10-02,SI,,,NO,
M-2026-012386,UTILIZADO,COMPROBADA / UTILIZADA,MARLENE MIRANDA,OPERADOR,ARROYO PERALTA ISAAC,MTD CONSUMER PRODUCTS MEXICO,2026-09-28,SI,,,NO,
M-2026-012387,UTILIZADO,COMPROBADA / UTILIZADA,MARLENE MIRANDA,OPERADOR,ARROYO PERALTA ISAAC,ITT ICS,2026-10-02,SI,,,NO,
M-2026-012388,UTILIZADO,COMPROBADA / UTILIZADA,MARLENE MIRANDA,OPERADOR,ARROYO PERALTA ISAAC,ITT CT,2026-10-02,SI,,,NO,
M-2026-012389,ASIGNADO_OPERADOR,CON ARROYO PERALTA ISAAC,MARLENE MIRANDA,OPERADOR,ARROYO PERALTA ISAAC,,,NO,,,NO,
M-2026-012390,UTILIZADO,COMPROBADA / UTILIZADA,MARLENE MIRANDA,OPERADOR,ARVIZU VAZQUEZ MARIO ALBERTO,ITT ICS,2026-09-30,SI,,,NO,
M-2026-012391,UTILIZADO,COMPROBADA / UTILIZADA,MARLENE MIRANDA,OPERADOR,ARVIZU VAZQUEZ MARIO ALBERTO,ITT ICS,2026-10-01,SI,,,NO,
M-2026-012392,UTILIZADO,COMPROBADA / UTILIZADA,MARLENE MIRANDA,OPERADOR,ARVIZU VAZQUEZ MARIO ALBERTO,ITT ICS,2026-10-01,SI,,,NO,
M-2026-012393,ASIGNADO_OPERADOR,CON ARVIZU VAZQUEZ MARIO ALBERTO,MARLENE MIRANDA,OPERADOR,ARVIZU VAZQUEZ MARIO ALBERTO,,,NO,,,NO,
M-2026-012394,ASIGNADO_OPERADOR,CON ARVIZU VAZQUEZ MARIO ALBERTO,MARLENE MIRANDA,OPERADOR,ARVIZU VAZQUEZ MARIO ALBERTO,,,NO,,,NO,
M-2026-012395,ASIGNADO_OPERADOR,CON ARVIZU VAZQUEZ MARIO ALBERTO,MARLENE MIRANDA,OPERADOR,ARVIZU VAZQUEZ MARIO ALBERTO,,,NO,,,NO,
M-2026-012396,ASIGNADO_OPERADOR,CON ARVIZU VAZQUEZ MARIO ALBERTO,MARLENE MIRANDA,OPERADOR,ARVIZU VAZQUEZ MARIO ALBERTO,,,NO,,,NO,
M-2026-012397,ASIGNADO_OPERADOR,CON ARVIZU VAZQUEZ MARIO ALBERTO,MARLENE MIRANDA,OPERADOR,ARVIZU VAZQUEZ MARIO ALBERTO,,,NO,,,NO,
M-2026-012398,ASIGNADO_OPERADOR,CON ARVIZU VAZQUEZ MARIO ALBERTO,MARLENE MIRANDA,OPERADOR,ARVIZU VAZQUEZ MARIO ALBERTO,,,NO,,,NO,
M-2026-012399,ASIGNADO_OPERADOR,CON ARVIZU VAZQUEZ MARIO ALBERTO,MARLENE MIRANDA,OPERADOR,ARVIZU VAZQUEZ MARIO ALBERTO,,,NO,,,NO,
M-2026-012400,UTILIZADO,COMPROBADA / UTILIZADA,MARLENE MIRANDA,OPERADOR,CASTELLANOS ROSAS CESAR ANDREI,WESTMED DE MEXICO,2026-09-29,SI,,,NO,
M-2026-012401,UTILIZADO,COMPROBADA / UTILIZADA,MARLENE MIRANDA,OPERADOR,CASTELLANOS ROSAS CESAR ANDREI,HUMANSCALE,2026-09-29,SI,,,NO,
M-2026-012402,UTILIZADO,COMPROBADA / UTILIZADA,MARLENE MIRANDA,OPERADOR,CASTELLANOS ROSAS CESAR ANDREI,WEISER LOCK MEXICO,2026-10-01,SI,,,NO,
M-2026-012403,UTILIZADO,COMPROBADA / UTILIZADA,MARLENE MIRANDA,OPERADOR,CASTELLANOS ROSAS CESAR ANDREI,WEISER LOCK MEXICO,2026-10-01,SI,,,NO,
M-2026-012404,UTILIZADO,COMPROBADA / UTILIZADA,MARLENE MIRANDA,OPERADOR,CASTELLANOS ROSAS CESAR ANDREI,EDWARDS VACCUM,2026-10-01,SI,,,NO,
M-2026-012405,ASIGNADO_OPERADOR,CON CASTELLANOS ROSAS CESAR ANDREI,MARLENE MIRANDA,OPERADOR,CASTELLANOS ROSAS CESAR ANDREI,,,NO,,,NO,
M-2026-012406,ASIGNADO_OPERADOR,CON CASTELLANOS ROSAS CESAR ANDREI,MARLENE MIRANDA,OPERADOR,CASTELLANOS ROSAS CESAR ANDREI,,,NO,,,NO,
M-2026-012407,ASIGNADO_OPERADOR,CON CASTELLANOS ROSAS CESAR ANDREI,MARLENE MIRANDA,OPERADOR,CASTELLANOS ROSAS CESAR ANDREI,,,NO,,,NO,
M-2026-012408,ASIGNADO_OPERADOR,CON CASTELLANOS ROSAS CESAR ANDREI,MARLENE MIRANDA,OPERADOR,CASTELLANOS ROSAS CESAR ANDREI,,,NO,,,NO,
M-2026-012409,ASIGNADO_OPERADOR,CON CASTELLANOS ROSAS CESAR ANDREI,MARLENE MIRANDA,OPERADOR,CASTELLANOS ROSAS CESAR ANDREI,,,NO,,,NO,
M-2026-012410,UTILIZADO,COMPROBADA / UTILIZADA,MARLENE MIRANDA,OPERADOR,CASTRO GUZMAN SALVADOR,AMPHENOL OPTIMIZE MEXICO,2026-09-28,SI,,,NO,
M-2026-012411,UTILIZADO,COMPROBADA / UTILIZADA,MARLENE MIRANDA,OPERADOR,CASTRO GUZMAN SALVADOR,PRODUCTOS PARA EL CUIDADO DE LA SALUD,2026-09-29,SI,,,NO,
M-2026-012412,UTILIZADO,COMPROBADA / UTILIZADA,MARLENE MIRANDA,OPERADOR,CASTRO GUZMAN SALVADOR,PRODUCTOS PARA EL CUIDADO DE LA SALUD,2026-09-29,SI,,,NO,
M-2026-012413,UTILIZADO,COMPROBADA / UTILIZADA,MARLENE MIRANDA,OPERADOR,CASTRO GUZMAN SALVADOR,HUMANSCALE,2026-09-30,SI,,,NO,
M-2026-012414,UTILIZADO,COMPROBADA / UTILIZADA,MARLENE MIRANDA,OPERADOR,CASTRO GUZMAN SALVADOR,HUMANSCALE,2026-09-30,SI,,,NO,
M-2026-012415,UTILIZADO,COMPROBADA / UTILIZADA,MARLENE MIRANDA,OPERADOR,CASTRO GUZMAN SALVADOR,AMPHENOL SAA,2026-10-01,SI,,,NO,
M-2026-012416,UTILIZADO,COMPROBADA / UTILIZADA,MARLENE MIRANDA,OPERADOR,CASTRO GUZMAN SALVADOR,AMPHENOL AHPS,2026-10-01,SI,,,NO,
M-2026-012417,UTILIZADO,COMPROBADA / UTILIZADA,MARLENE MIRANDA,OPERADOR,CASTRO GUZMAN SALVADOR,AMPHENOL AHPS,2026-10-01,SI,,,NO,
M-2026-012418,UTILIZADO,COMPROBADA / UTILIZADA,MARLENE MIRANDA,OPERADOR,CASTRO GUZMAN SALVADOR,AMPHENOL OPTIMIZE MEXICO,2026-10-01,SI,,,NO,
M-2026-012419,UTILIZADO,COMPROBADA / UTILIZADA,MARLENE MIRANDA,OPERADOR,CASTRO GUZMAN SALVADOR,EDWARDS VACCUM,2026-10-03,SI,,,NO,
M-2026-012420,UTILIZADO,COMPROBADA / UTILIZADA,MARLENE MIRANDA,OPERADOR,CURIEL CARRASCO PLACIDO,WEISER LOCK MEXICO,2026-09-28,SI,,,NO,
M-2026-012421,UTILIZADO,COMPROBADA / UTILIZADA,MARLENE MIRANDA,OPERADOR,CURIEL CARRASCO PLACIDO,WEISER LOCK MEXICO,2026-09-28,SI,,,NO,
M-2026-012422,UTILIZADO,COMPROBADA / UTILIZADA,MARLENE MIRANDA,OPERADOR,CURIEL CARRASCO PLACIDO,WEISER LOCK MEXICO,2026-09-28,SI,,,NO,
M-2026-012423,UTILIZADO,COMPROBADA / UTILIZADA,MARLENE MIRANDA,OPERADOR,CURIEL CARRASCO PLACIDO,WEISER LOCK MEXICO,2026-09-29,SI,,,NO,
M-2026-012424,UTILIZADO,COMPROBADA / UTILIZADA,MARLENE MIRANDA,OPERADOR,CURIEL CARRASCO PLACIDO,WEISER LOCK MEXICO,2026-10-29,SI,,,NO,
M-2026-012425,UTILIZADO,COMPROBADA / UTILIZADA,MARLENE MIRANDA,OPERADOR,CURIEL CARRASCO PLACIDO,WEISER LOCK MEXICO,2026-09-30,NO,,,NO,
M-2026-012426,UTILIZADO,COMPROBADA / UTILIZADA,MARLENE MIRANDA,OPERADOR,CURIEL CARRASCO PLACIDO,WEISER LOCK MEXICO,2026-09-30,SI,,,NO,
M-2026-012427,UTILIZADO,COMPROBADA / UTILIZADA,MARLENE MIRANDA,OPERADOR,CURIEL CARRASCO PLACIDO,WEISER LOCK MEXICO,2026-09-30,SI,,,NO,
M-2026-012428,UTILIZADO,COMPROBADA / UTILIZADA,MARLENE MIRANDA,OPERADOR,CURIEL CARRASCO PLACIDO,WEISER LOCK MEXICO,2026-10-01,SI,,,NO,
M-2026-012429,UTILIZADO,COMPROBADA / UTILIZADA,MARLENE MIRANDA,OPERADOR,CURIEL CARRASCO PLACIDO,WEISER LOCK MEXICO,2026-10-01,SI,,,NO,
M-2026-012430,UTILIZADO,COMPROBADA / UTILIZADA,MARLENE MIRANDA,OPERADOR,DE LA CRUZ TAUTIMES MARTIN,ITT CT,2026-09-28,SI,,,NO,
M-2026-012431,UTILIZADO,COMPROBADA / UTILIZADA,MARLENE MIRANDA,OPERADOR,DE LA CRUZ TAUTIMES MARTIN,ITT CT,2026-09-28,SI,,,NO,
M-2026-012432,UTILIZADO,COMPROBADA / UTILIZADA,MARLENE MIRANDA,OPERADOR,DE LA CRUZ TAUTIMES MARTIN,ITT CT,2026-09-28,SI,,,NO,
M-2026-012433,UTILIZADO,COMPROBADA / UTILIZADA,MARLENE MIRANDA,OPERADOR,DE LA CRUZ TAUTIMES MARTIN,ITT CT,2026-09-28,SI,,,NO,
M-2026-012434,UTILIZADO,COMPROBADA / UTILIZADA,MARLENE MIRANDA,OPERADOR,DE LA CRUZ TAUTIMES MARTIN,DORMAKABA,2026-10-02,SI,,,NO,
M-2026-012435,UTILIZADO,COMPROBADA / UTILIZADA,MARLENE MIRANDA,OPERADOR,DE LA CRUZ TAUTIMES MARTIN,DORMAKABA,2026-10-02,SI,,,NO,
M-2026-012436,UTILIZADO,COMPROBADA / UTILIZADA,MARLENE MIRANDA,OPERADOR,DE LA CRUZ TAUTIMES MARTIN,DORMAKABA,2026-10-02,SI,,,NO,
M-2026-012437,UTILIZADO,COMPROBADA / UTILIZADA,MARLENE MIRANDA,OPERADOR,DE LA CRUZ TAUTIMES MARTIN,DORMAKABA,2026-10-02,SI,,,NO,
M-2026-012438,UTILIZADO,COMPROBADA / UTILIZADA,MARLENE MIRANDA,OPERADOR,DE LA CRUZ TAUTIMES MARTIN,DORMAKABA,2026-10-02,SI,,,NO,
M-2026-012439,UTILIZADO,COMPROBADA / UTILIZADA,MARLENE MIRANDA,OPERADOR,DE LA CRUZ TAUTIMES MARTIN,ITT ICS,2026-10-03,SI,,,NO,
M-2026-012440,ASIGNADO_OPERADOR,CON DELGADO SEDANO GABRIEL ADRIAN,MARLENE MIRANDA,OPERADOR,DELGADO SEDANO GABRIEL ADRIAN,,,NO,,,NO,
M-2026-012441,ASIGNADO_OPERADOR,CON DELGADO SEDANO GABRIEL ADRIAN,MARLENE MIRANDA,OPERADOR,DELGADO SEDANO GABRIEL ADRIAN,,,NO,,,NO,
M-2026-012442,ASIGNADO_OPERADOR,CON DELGADO SEDANO GABRIEL ADRIAN,MARLENE MIRANDA,OPERADOR,DELGADO SEDANO GABRIEL ADRIAN,,,NO,,,NO,
M-2026-012443,ASIGNADO_OPERADOR,CON DELGADO SEDANO GABRIEL ADRIAN,MARLENE MIRANDA,OPERADOR,DELGADO SEDANO GABRIEL ADRIAN,,,NO,,,NO,
M-2026-012444,ASIGNADO_OPERADOR,CON DELGADO SEDANO GABRIEL ADRIAN,MARLENE MIRANDA,OPERADOR,DELGADO SEDANO GABRIEL ADRIAN,,,NO,,,NO,
M-2026-012445,ASIGNADO_OPERADOR,CON DELGADO SEDANO GABRIEL ADRIAN,MARLENE MIRANDA,OPERADOR,DELGADO SEDANO GABRIEL ADRIAN,,,NO,,,NO,
M-2026-012446,ASIGNADO_OPERADOR,CON DELGADO SEDANO GABRIEL ADRIAN,MARLENE MIRANDA,OPERADOR,DELGADO SEDANO GABRIEL ADRIAN,,,NO,,,NO,
M-2026-012447,ASIGNADO_OPERADOR,CON DELGADO SEDANO GABRIEL ADRIAN,MARLENE MIRANDA,OPERADOR,DELGADO SEDANO GABRIEL ADRIAN,,,NO,,,NO,
M-2026-012448,ASIGNADO_OPERADOR,CON DELGADO SEDANO GABRIEL ADRIAN,MARLENE MIRANDA,OPERADOR,DELGADO SEDANO GABRIEL ADRIAN,,,NO,,,NO,
M-2026-012449,ASIGNADO_OPERADOR,CON DELGADO SEDANO GABRIEL ADRIAN,MARLENE MIRANDA,OPERADOR,DELGADO SEDANO GABRIEL ADRIAN,,,NO,,,NO,
M-2026-012450,UTILIZADO,COMPROBADA / UTILIZADA,MARLENE MIRANDA,OPERADOR,ESTRADA GARCIA JAIME,DORMAKABA,2026-09-29,SI,,,NO,
M-2026-012451,UTILIZADO,COMPROBADA / UTILIZADA,MARLENE MIRANDA,OPERADOR,ESTRADA GARCIA JAIME,AVENT,2026-09-30,SI,,,NO,
M-2026-012452,ASIGNADO_OPERADOR,CON ESTRADA GARCIA JAIME,MARLENE MIRANDA,OPERADOR,ESTRADA GARCIA JAIME,,,NO,,,NO,
M-2026-012453,ASIGNADO_OPERADOR,CON ESTRADA GARCIA JAIME,MARLENE MIRANDA,OPERADOR,ESTRADA GARCIA JAIME,,,NO,,,NO,
M-2026-012454,ASIGNADO_OPERADOR,CON ESTRADA GARCIA JAIME,MARLENE MIRANDA,OPERADOR,ESTRADA GARCIA JAIME,,,NO,,,NO,
M-2026-012455,ASIGNADO_OPERADOR,CON ESTRADA GARCIA JAIME,MARLENE MIRANDA,OPERADOR,ESTRADA GARCIA JAIME,,,NO,,,NO,
M-2026-012456,ASIGNADO_OPERADOR,CON ESTRADA GARCIA JAIME,MARLENE MIRANDA,OPERADOR,ESTRADA GARCIA JAIME,,,NO,,,NO,
M-2026-012457,ASIGNADO_OPERADOR,CON ESTRADA GARCIA JAIME,MARLENE MIRANDA,OPERADOR,ESTRADA GARCIA JAIME,,,NO,,,NO,
M-2026-012458,ASIGNADO_OPERADOR,CON ESTRADA GARCIA JAIME,MARLENE MIRANDA,OPERADOR,ESTRADA GARCIA JAIME,,,NO,,,NO,
M-2026-012459,ASIGNADO_OPERADOR,CON ESTRADA GARCIA JAIME,MARLENE MIRANDA,OPERADOR,ESTRADA GARCIA JAIME,,,NO,,,NO,
M-2026-012460,UTILIZADO,COMPROBADA / UTILIZADA,MARLENE MIRANDA,OPERADOR,FLORES ARIAS ADRIAN,EDWARDS VACCUM,2026-09-28,SI,,,NO,
M-2026-012461,UTILIZADO,COMPROBADA / UTILIZADA,MARLENE MIRANDA,OPERADOR,FLORES ARIAS ADRIAN,AMPHENOL OPTIMIZE MEXICO,2026-09-30,SI,,,NO,
M-2026-012462,UTILIZADO,COMPROBADA / UTILIZADA,MARLENE MIRANDA,OPERADOR,FLORES ARIAS ADRIAN,AMPHENOL OPTIMIZE MEXICO,2026-09-30,SI,,,NO,
M-2026-012463,ASIGNADO_OPERADOR,CON FLORES ARIAS ADRIAN,MARLENE MIRANDA,OPERADOR,FLORES ARIAS ADRIAN,,,NO,,,NO,
M-2026-012464,ASIGNADO_OPERADOR,CON FLORES ARIAS ADRIAN,MARLENE MIRANDA,OPERADOR,FLORES ARIAS ADRIAN,,,NO,,,NO,
M-2026-012465,ASIGNADO_OPERADOR,CON FLORES ARIAS ADRIAN,MARLENE MIRANDA,OPERADOR,FLORES ARIAS ADRIAN,,,NO,,,NO,
M-2026-012466,ASIGNADO_OPERADOR,CON FLORES ARIAS ADRIAN,MARLENE MIRANDA,OPERADOR,FLORES ARIAS ADRIAN,,,NO,,,NO,
M-2026-012467,ASIGNADO_OPERADOR,CON FLORES ARIAS ADRIAN,MARLENE MIRANDA,OPERADOR,FLORES ARIAS ADRIAN,,,NO,,,NO,
M-2026-012468,ASIGNADO_OPERADOR,CON FLORES ARIAS ADRIAN,MARLENE MIRANDA,OPERADOR,FLORES ARIAS ADRIAN,,,NO,,,NO,
M-2026-012469,ASIGNADO_OPERADOR,CON FLORES ARIAS ADRIAN,MARLENE MIRANDA,OPERADOR,FLORES ARIAS ADRIAN,,,NO,,,NO,
M-2026-012470,UTILIZADO,COMPROBADA / UTILIZADA,MARLENE MIRANDA,OPERADOR,GAXIOLA WAR JOEL ALFREDO,WEISER LOCK MEXICO,2026-09-28,SI,,,NO,
M-2026-012471,UTILIZADO,COMPROBADA / UTILIZADA,MARLENE MIRANDA,OPERADOR,GAXIOLA WAR JOEL ALFREDO,PRODUCTOS PARA EL CUIDADO DE LA SALUD,2026-09-28,SI,,,NO,
M-2026-012472,UTILIZADO,COMPROBADA / UTILIZADA,MARLENE MIRANDA,OPERADOR,GAXIOLA WAR JOEL ALFREDO,WEISER LOCK MEXICO,2026-09-28,SI,,,NO,
M-2026-012473,UTILIZADO,COMPROBADA / UTILIZADA,MARLENE MIRANDA,OPERADOR,GAXIOLA WAR JOEL ALFREDO,EDWARDS VACCUM,2026-09-28,SI,,,NO,
M-2026-012474,UTILIZADO,COMPROBADA / UTILIZADA,MARLENE MIRANDA,OPERADOR,INZUNZA MONTOYA NOEL,PRODUCTOS PARA EL CUIDADO DE LA SALUD,2026-09-28,SI,,,NO,
M-2026-012475,UTILIZADO,COMPROBADA / UTILIZADA,MARLENE MIRANDA,OPERADOR,INZUNZA MONTOYA NOEL,PRODUCTOS PARA EL CUIDADO DE LA SALUD,2026-09-28,SI,,,NO,
M-2026-012476,UTILIZADO,COMPROBADA / UTILIZADA,MARLENE MIRANDA,OPERADOR,INZUNZA MONTOYA NOEL,WESTMED DE MEXICO,2026-09-28,SI,PRO-20261002-WESTMED-DE-MEXICO-124256,FACTURADA,SI,FLB13189
M-2026-012477,UTILIZADO,COMPROBADA / UTILIZADA,MARLENE MIRANDA,OPERADOR,INZUNZA MONTOYA NOEL,AMPHENOL OPTIMIZE MEXICO,2026-09-28,SI,,,NO,
M-2026-012478,UTILIZADO,COMPROBADA / UTILIZADA,MARLENE MIRANDA,OPERADOR,INZUNZA MONTOYA NOEL,WESTMED DE MEXICO,2026-09-29,SI,PRO-20261002-WESTMED-DE-MEXICO-111711,FACTURADA,SI,FLB13150
M-2026-012479,UTILIZADO,COMPROBADA / UTILIZADA,MARLENE MIRANDA,OPERADOR,INZUNZA MONTOYA NOEL,WESTMED DE MEXICO,2026-09-29,SI,PRO-20261002-WESTMED-DE-MEXICO-120711,FACTURADA,SI,FLB 13163
M-2026-012480,UTILIZADO,COMPROBADA / UTILIZADA,MARLENE MIRANDA,OPERADOR,HERNANDEZ ARIAS HUGO,WESTMED DE MEXICO,2026-09-28,SI,PRO-20261002-WESTMED-DE-MEXICO-124256,FACTURADA,SI,FLB13190
M-2026-012481,UTILIZADO,COMPROBADA / UTILIZADA,MARLENE MIRANDA,OPERADOR,HERNANDEZ ARIAS HUGO,WESTMED DE MEXICO,2026-09-28,SI,PRO-20261002-WESTMED-DE-MEXICO-124256,FACTURADA,SI,FLB13191
M-2026-012482,UTILIZADO,COMPROBADA / UTILIZADA,MARLENE MIRANDA,OPERADOR,HERNANDEZ ARIAS HUGO,BECTON SUR,2026-09-29,SI,,,NO,
M-2026-012483,UTILIZADO,COMPROBADA / UTILIZADA,MARLENE MIRANDA,OPERADOR,HERNANDEZ ARIAS HUGO,BECTON SUR,2026-09-29,SI,,,NO,
M-2026-012484,UTILIZADO,COMPROBADA / UTILIZADA,MARLENE MIRANDA,OPERADOR,HERNANDEZ ARIAS HUGO,WEISER LOCK MEXICO,2026-09-30,SI,,,NO,
M-2026-012485,UTILIZADO,COMPROBADA / UTILIZADA,MARLENE MIRANDA,OPERADOR,HERNANDEZ ARIAS HUGO,WEISER LOCK MEXICO,2026-09-30,NO,,,NO,
M-2026-012486,UTILIZADO,COMPROBADA / UTILIZADA,MARLENE MIRANDA,OPERADOR,HERNANDEZ ARIAS HUGO,WEISER LOCK MEXICO,2026-09-30,SI,,,NO,
M-2026-012487,UTILIZADO,COMPROBADA / UTILIZADA,MARLENE MIRANDA,OPERADOR,HERNANDEZ ARIAS HUGO,BECTON SUR,2026-10-01,SI,,,NO,
M-2026-012488,UTILIZADO,COMPROBADA / UTILIZADA,MARLENE MIRANDA,OPERADOR,HERNANDEZ ARIAS HUGO,BECTON SUR,2026-10-01,SI,,,NO,
M-2026-012489,UTILIZADO,COMPROBADA / UTILIZADA,MARLENE MIRANDA,OPERADOR,HERNANDEZ ARIAS HUGO,WESTMED DE MEXICO,2026-10-01,SI,,,NO,
M-2026-012490,UTILIZADO,COMPROBADA / UTILIZADA,MARLENE MIRANDA,OPERADOR,INZUNZA MONTOYA NOEL,WESTMED DE MEXICO,2026-09-29,SI,PRO-20261002-WESTMED-DE-MEXICO-120304,FACTURADA,SI,FLB 13157
M-2026-012491,UTILIZADO,COMPROBADA / UTILIZADA,MARLENE MIRANDA,OPERADOR,INZUNZA MONTOYA NOEL,BADGER METER DE MEXICO,2026-10-01,SI,PRO-20261003-BADGER-METER-DE-MEXICO-125619,FACTURADA,SI,FLB13210
M-2026-012492,UTILIZADO,COMPROBADA / UTILIZADA,MARLENE MIRANDA,OPERADOR,INZUNZA MONTOYA NOEL,BADGER METER DE MEXICO,2026-10-01,SI,,,NO,
M-2026-012493,UTILIZADO,COMPROBADA / UTILIZADA,MARLENE MIRANDA,OPERADOR,INZUNZA MONTOYA NOEL,MTD CONSUMER PRODUCTS MEXICO,2026-10-02,SI,,,NO,
M-2026-012494,UTILIZADO,COMPROBADA / UTILIZADA,MARLENE MIRANDA,OPERADOR,INZUNZA MONTOYA NOEL,AMPHENOL OPTIMIZE MEXICO,2026-09-26,SI,,,NO,
M-2026-012495,UTILIZADO,COMPROBADA / UTILIZADA,MARLENE MIRANDA,OPERADOR,INZUNZA MONTOYA NOEL,AMPHENOL OPTIMIZE MEXICO,2026-09-26,SI,,,NO,
M-2026-012496,UTILIZADO,COMPROBADA / UTILIZADA,MARLENE MIRANDA,OPERADOR,QUIÑONES ARENAS JESUS ALEJANDRO,AMPHENOL OPTIMIZE MEXICO,2026-09-25,SI,,,NO,
M-2026-012497,UTILIZADO,COMPROBADA / UTILIZADA,MARLENE MIRANDA,OPERADOR,QUIÑONES ARENAS JESUS ALEJANDRO,AMPHENOL OPTIMIZE MEXICO,2026-09-25,SI,,,NO,
M-2026-012498,UTILIZADO,COMPROBADA / UTILIZADA,MARLENE MIRANDA,OPERADOR,QUIÑONES ARENAS JESUS ALEJANDRO,AMPHENOL ALDEN PRODUCTS MEXICO,2026-09-25,SI,PRO-20261002-AMPHENOL-ALDEN-PRODUCTS-MEXICO-105728,FACTURADA,SI,FLB 13149
M-2026-012499,UTILIZADO,COMPROBADA / UTILIZADA,MARLENE MIRANDA,OPERADOR,QUIÑONES ARENAS JESUS ALEJANDRO,AMPHENOL ALDEN PRODUCTS MEXICO,2026-09-25,SI,PRO-20261002-AMPHENOL-ALDEN-PRODUCTS-MEXICO-105728,FACTURADA,SI,FLB 13149
M-2026-012500,UTILIZADO,COMPROBADA / UTILIZADA,MARLENE MIRANDA,OPERADOR,QUIÑONES ARENAS JESUS ALEJANDRO,AMPHENOL AHPSD,2026-09-25,SI,PRO-20261001-AMPHENOL-AHPSD-135612,FACTURADA,SI,FLB13140
M-2026-012501,UTILIZADO,COMPROBADA / UTILIZADA,MARLENE MIRANDA,OPERADOR,QUIÑONES ARENAS JESUS ALEJANDRO,AMPHENOL OPTIMIZE MEXICO,2026-09-26,SI,,,NO,
M-2026-012502,UTILIZADO,COMPROBADA / UTILIZADA,MARLENE MIRANDA,OPERADOR,QUIÑONES ARENAS JESUS ALEJANDRO,INTEGRATED CABLE ASSEMBLY HOLDINGS,2026-09-29,SI,,,NO,
M-2026-012503,UTILIZADO,COMPROBADA / UTILIZADA,MARLENE MIRANDA,OPERADOR,QUIÑONES ARENAS JESUS ALEJANDRO,INTEGRATED CABLE ASSEMBLY HOLDINGS,2026-09-29,SI,,,NO,
M-2026-012504,UTILIZADO,COMPROBADA / UTILIZADA,MARLENE MIRANDA,OPERADOR,QUIÑONES ARENAS JESUS ALEJANDRO,HUMANSCALE,2026-09-28,SI,,,NO,
M-2026-012505,UTILIZADO,COMPROBADA / UTILIZADA,MARLENE MIRANDA,OPERADOR,QUIÑONES ARENAS JESUS ALEJANDRO,HUMANSCALE,2026-09-28,SI,,,NO,
M-2026-012506,ASIGNADO_OPERADOR,CON ROMERO GALINDO FRANCISCO RAMON,MARLENE MIRANDA,OPERADOR,ROMERO GALINDO FRANCISCO RAMON,,,NO,,,NO,
M-2026-012507,ASIGNADO_OPERADOR,CON ROMERO GALINDO FRANCISCO RAMON,MARLENE MIRANDA,OPERADOR,ROMERO GALINDO FRANCISCO RAMON,,,NO,,,NO,
M-2026-012508,ASIGNADO_OPERADOR,CON ROMERO GALINDO FRANCISCO RAMON,MARLENE MIRANDA,OPERADOR,ROMERO GALINDO FRANCISCO RAMON,,,NO,,,NO,
M-2026-012509,ASIGNADO_OPERADOR,CON ROMERO GALINDO FRANCISCO RAMON,MARLENE MIRANDA,OPERADOR,ROMERO GALINDO FRANCISCO RAMON,,,NO,,,NO,
M-2026-012510,ASIGNADO_OPERADOR,CON ROMERO GALINDO FRANCISCO RAMON,MARLENE MIRANDA,OPERADOR,ROMERO GALINDO FRANCISCO RAMON,,,NO,,,NO,
M-2026-012511,ASIGNADO_OPERADOR,CON ROMERO GALINDO FRANCISCO RAMON,MARLENE MIRANDA,OPERADOR,ROMERO GALINDO FRANCISCO RAMON,,,NO,,,NO,
M-2026-012512,ASIGNADO_OPERADOR,CON ROMERO GALINDO FRANCISCO RAMON,MARLENE MIRANDA,OPERADOR,ROMERO GALINDO FRANCISCO RAMON,,,NO,,,NO,
M-2026-012513,ASIGNADO_OPERADOR,CON ROMERO GALINDO FRANCISCO RAMON,MARLENE MIRANDA,OPERADOR,ROMERO GALINDO FRANCISCO RAMON,,,NO,,,NO,
M-2026-012514,ASIGNADO_OPERADOR,CON ROMERO GALINDO FRANCISCO RAMON,MARLENE MIRANDA,OPERADOR,ROMERO GALINDO FRANCISCO RAMON,,,NO,,,NO,
M-2026-012515,ASIGNADO_OPERADOR,CON ROMERO GALINDO FRANCISCO RAMON,MARLENE MIRANDA,OPERADOR,ROMERO GALINDO FRANCISCO RAMON,,,NO,,,NO,
M-2026-012516,CANCELADO,CANCELADA,MARLENE MIRANDA,OPERADOR,ORNELAS MANJARREZ JESUS EMILIO,,2026-10-03,NO,,,NO,
M-2026-012517,UTILIZADO,COMPROBADA / UTILIZADA,MARLENE MIRANDA,OPERADOR,ORNELAS MANJARREZ JESUS EMILIO,AMPHENOL ONANON,2026-10-02,SI,,,NO,
M-2026-012518,CANCELADO,CANCELADA,MARLENE MIRANDA,OPERADOR,ORNELAS MANJARREZ JESUS EMILIO,,2026-09-29,NO,,,NO,
M-2026-012519,UTILIZADO,COMPROBADA / UTILIZADA,MARLENE MIRANDA,OPERADOR,ORNELAS MANJARREZ JESUS EMILIO,DORMAKABA,2026-09-26,SI,PRO-20261001-DORMAKABA-144753,FACTURADA,SI,FLB 13143
M-2026-012520,UTILIZADO,COMPROBADA / UTILIZADA,MARLENE MIRANDA,OPERADOR,ORTIZ GARCIA CANDELARIO,AMPHENOL AHPSD,2026-09-26,SI,,,NO,
M-2026-012521,UTILIZADO,COMPROBADA / UTILIZADA,MARLENE MIRANDA,OPERADOR,ORTIZ GARCIA CANDELARIO,AMPHENOL AHPSD,2026-09-28,SI,,,NO,
M-2026-012522,UTILIZADO,COMPROBADA / UTILIZADA,MARLENE MIRANDA,OPERADOR,ORTIZ GARCIA CANDELARIO,AMPHENOL OPTIMIZE MEXICO,2026-09-28,SI,,,NO,
M-2026-012523,UTILIZADO,COMPROBADA / UTILIZADA,MARLENE MIRANDA,OPERADOR,ORTIZ GARCIA CANDELARIO,AMPHENOL OPTIMIZE MEXICO,2026-09-28,SI,,,NO,
M-2026-012524,UTILIZADO,COMPROBADA / UTILIZADA,MARLENE MIRANDA,OPERADOR,ORTIZ GARCIA CANDELARIO,PRODUCTOS PARA EL CUIDADO DE LA SALUD,2026-09-28,SI,,,NO,
M-2026-012525,UTILIZADO,COMPROBADA / UTILIZADA,MARLENE MIRANDA,OPERADOR,ORTIZ GARCIA CANDELARIO,ASSA ABLOY MEXICALI,2026-09-28,SI,,,NO,
M-2026-012526,UTILIZADO,COMPROBADA / UTILIZADA,MARLENE MIRANDA,OPERADOR,ORTIZ GARCIA CANDELARIO,ASSA ABLOY MEXICALI,2026-09-28,SI,,,NO,
M-2026-012527,ASIGNADO_OPERADOR,CON ORTIZ GARCIA CANDELARIO,MARLENE MIRANDA,OPERADOR,ORTIZ GARCIA CANDELARIO,,,NO,,,NO,
M-2026-012528,UTILIZADO,COMPROBADA / UTILIZADA,MARLENE MIRANDA,OPERADOR,ORTIZ GARCIA CANDELARIO,AVENT,2026-09-29,SI,,,NO,
M-2026-012529,UTILIZADO,COMPROBADA / UTILIZADA,MARLENE MIRANDA,OPERADOR,ORTIZ GARCIA CANDELARIO,AVENT,2026-09-29,SI,,,NO,
M-2026-012530,UTILIZADO,COMPROBADA / UTILIZADA,MARLENE MIRANDA,OPERADOR,VALENZUELA VERDUZCO RICARDO,ITT ICS,2026-10-02,SI,,,NO,
M-2026-012531,UTILIZADO,COMPROBADA / UTILIZADA,MARLENE MIRANDA,OPERADOR,VALENZUELA VERDUZCO RICARDO,ITT ICS,2026-10-02,SI,,,NO,
M-2026-012532,UTILIZADO,COMPROBADA / UTILIZADA,MARLENE MIRANDA,OPERADOR,VALENZUELA VERDUZCO RICARDO,ITT ICS,2026-10-02,SI,,,NO,
M-2026-012533,UTILIZADO,COMPROBADA / UTILIZADA,MARLENE MIRANDA,OPERADOR,VALENZUELA VERDUZCO RICARDO,ITT ICS,2026-10-02,SI,,,NO,
M-2026-012534,UTILIZADO,COMPROBADA / UTILIZADA,MARLENE MIRANDA,OPERADOR,VALENZUELA VERDUZCO RICARDO,ITT ICS,2026-10-03,SI,,,NO,
M-2026-012535,UTILIZADO,COMPROBADA / UTILIZADA,MARLENE MIRANDA,OPERADOR,VALENZUELA VERDUZCO RICARDO,AMPHENOL SAA,2026-09-30,SI,,,NO,
M-2026-012536,UTILIZADO,COMPROBADA / UTILIZADA,MARLENE MIRANDA,OPERADOR,VALENZUELA VERDUZCO RICARDO,AMPHENOL SAA,2026-09-29,SI,,,NO,
M-2026-012537,UTILIZADO,COMPROBADA / UTILIZADA,MARLENE MIRANDA,OPERADOR,VALENZUELA VERDUZCO RICARDO,AMPHENOL OPTIMIZE MEXICO,2026-09-28,SI,,,NO,
M-2026-012538,UTILIZADO,COMPROBADA / UTILIZADA,MARLENE MIRANDA,OPERADOR,VALENZUELA VERDUZCO RICARDO,DORMAKABA,2026-09-28,SI,,,NO,
M-2026-012539,UTILIZADO,COMPROBADA / UTILIZADA,MARLENE MIRANDA,OPERADOR,VALENZUELA VERDUZCO RICARDO,DORMAKABA,2026-09-28,SI,,,NO,
M-2026-012540,UTILIZADO,COMPROBADA / UTILIZADA,MARLENE MIRANDA,OPERADOR,VIZCARRA AMEZCUA BLADIMID,WEISER LOCK MEXICO,2026-09-28,SI,,,NO,
M-2026-012541,UTILIZADO,COMPROBADA / UTILIZADA,MARLENE MIRANDA,OPERADOR,VIZCARRA AMEZCUA BLADIMID,WEISER LOCK MEXICO,2026-09-28,SI,,,NO,
M-2026-012542,UTILIZADO,COMPROBADA / UTILIZADA,MARLENE MIRANDA,OPERADOR,VIZCARRA AMEZCUA BLADIMID,INTEGRATED CABLE ASSEMBLY HOLDINGS,2026-09-29,SI,,,NO,
M-2026-012543,UTILIZADO,COMPROBADA / UTILIZADA,MARLENE MIRANDA,OPERADOR,VIZCARRA AMEZCUA BLADIMID,ASSA ABLOY MEXICALI,2026-09-29,SI,,,NO,
M-2026-012544,UTILIZADO,COMPROBADA / UTILIZADA,MARLENE MIRANDA,OPERADOR,VIZCARRA AMEZCUA BLADIMID,AVENT,2026-09-30,SI,,,NO,
M-2026-012545,ASIGNADO_OPERADOR,CON VIZCARRA AMEZCUA BLADIMID,MARLENE MIRANDA,OPERADOR,VIZCARRA AMEZCUA BLADIMID,,,NO,,,NO,
M-2026-012546,ASIGNADO_OPERADOR,CON VIZCARRA AMEZCUA BLADIMID,MARLENE MIRANDA,OPERADOR,VIZCARRA AMEZCUA BLADIMID,,,NO,,,NO,
M-2026-012547,ASIGNADO_OPERADOR,CON VIZCARRA AMEZCUA BLADIMID,MARLENE MIRANDA,OPERADOR,VIZCARRA AMEZCUA BLADIMID,,,NO,,,NO,
M-2026-012548,ASIGNADO_OPERADOR,CON VIZCARRA AMEZCUA BLADIMID,MARLENE MIRANDA,OPERADOR,VIZCARRA AMEZCUA BLADIMID,,,NO,,,NO,
M-2026-012549,ASIGNADO_OPERADOR,CON VIZCARRA AMEZCUA BLADIMID,MARLENE MIRANDA,OPERADOR,VIZCARRA AMEZCUA BLADIMID,,,NO,,,NO,
M-2026-012550,ASIGNADO_OPERADOR,CON MOLINA CORONADO IVAN,MARLENE MIRANDA,OPERADOR,MOLINA CORONADO IVAN,,,NO,,,NO,
M-2026-012551,UTILIZADO,COMPROBADA / UTILIZADA,MARLENE MIRANDA,OPERADOR,PEREZ CHAVEZ CARLOS GERALDO,AMPHENOL OPTIMIZE MEXICO,2026-09-28,SI,,,NO,
M-2026-012552,UTILIZADO,COMPROBADA / UTILIZADA,MARLENE MIRANDA,OPERADOR,PEREZ CHAVEZ CARLOS GERALDO,AMPHENOL OPTIMIZE MEXICO,2026-09-28,SI,,,NO,
M-2026-012553,UTILIZADO,COMPROBADA / UTILIZADA,MARLENE MIRANDA,OPERADOR,PEREZ CHAVEZ CARLOS GERALDO,AMPHENOL OPTIMIZE MEXICO,2026-09-28,SI,,,NO,
M-2026-012554,UTILIZADO,COMPROBADA / UTILIZADA,MARLENE MIRANDA,OPERADOR,PEREZ CHAVEZ CARLOS GERALDO,AMPHENOL OPTIMIZE MEXICO,2026-09-29,SI,,,NO,
M-2026-012555,UTILIZADO,COMPROBADA / UTILIZADA,MARLENE MIRANDA,OPERADOR,PEREZ CHAVEZ CARLOS GERALDO,WESTMED DE MEXICO,2026-09-29,NO,PRO-20261002-WESTMED-DE-MEXICO-120917,FACTURADA,SI,FLB 13164
M-2026-012556,UTILIZADO,COMPROBADA / UTILIZADA,MARLENE MIRANDA,OPERADOR,PEREZ CHAVEZ CARLOS GERALDO,AMPHENOL ALDEN PRODUCTS MEXICO,2026-09-30,SI,,,NO,
M-2026-012557,UTILIZADO,COMPROBADA / UTILIZADA,MARLENE MIRANDA,OPERADOR,PEREZ CHAVEZ CARLOS GERALDO,AMPHENOL ALDEN PRODUCTS MEXICO,2026-09-30,SI,,,NO,
M-2026-012558,UTILIZADO,COMPROBADA / UTILIZADA,MARLENE MIRANDA,OPERADOR,PEREZ CHAVEZ CARLOS GERALDO,HUMANSCALE,2026-10-01,SI,,,NO,
M-2026-012559,UTILIZADO,COMPROBADA / UTILIZADA,MARLENE MIRANDA,OPERADOR,PEREZ CHAVEZ CARLOS GERALDO,INTEGRATED CABLE ASSEMBLY HOLDINGS,2026-10-01,SI,,,NO,
M-2026-012560,UTILIZADO,COMPROBADA / UTILIZADA,MARLENE MIRANDA,OPERADOR,PEREZ CHAVEZ CARLOS GERALDO,PRODUCTOS PARA EL CUIDADO DE LA SALUD,2026-10-02,SI,,,NO,
M-2026-012561,UTILIZADO,COMPROBADA / UTILIZADA,MARLENE MIRANDA,OPERADOR,MEDINA ARMENDARIZ LUIS ENRIQUE,DORMAKABA,2026-09-29,SI,,,NO,
M-2026-012562,UTILIZADO,COMPROBADA / UTILIZADA,MARLENE MIRANDA,OPERADOR,MEDINA ARMENDARIZ LUIS ENRIQUE,DORMAKABA,2026-09-29,SI,,,NO,
M-2026-012563,UTILIZADO,COMPROBADA / UTILIZADA,MARLENE MIRANDA,OPERADOR,MEDINA ARMENDARIZ LUIS ENRIQUE,DORMAKABA,2026-09-29,SI,,,NO,
M-2026-012564,UTILIZADO,COMPROBADA / UTILIZADA,MARLENE MIRANDA,OPERADOR,MEDINA ARMENDARIZ LUIS ENRIQUE,DORMAKABA,2026-09-29,SI,,,NO,
M-2026-012565,UTILIZADO,COMPROBADA / UTILIZADA,MARLENE MIRANDA,OPERADOR,MEDINA ARMENDARIZ LUIS ENRIQUE,DORMAKABA,2026-09-29,SI,,,NO,
M-2026-012566,UTILIZADO,COMPROBADA / UTILIZADA,MARLENE MIRANDA,OPERADOR,MEDINA ARMENDARIZ LUIS ENRIQUE,DORMAKABA,2026-09-29,SI,,,NO,
M-2026-012567,UTILIZADO,COMPROBADA / UTILIZADA,MARLENE MIRANDA,OPERADOR,MEDINA ARMENDARIZ LUIS ENRIQUE,DORMAKABA,2026-09-29,SI,,,NO,
M-2026-012568,UTILIZADO,COMPROBADA / UTILIZADA,MARLENE MIRANDA,OPERADOR,MEDINA ARMENDARIZ LUIS ENRIQUE,AMPHENOL OPTIMIZE MEXICO,2026-09-30,SI,,,NO,
M-2026-012569,UTILIZADO,COMPROBADA / UTILIZADA,MARLENE MIRANDA,OPERADOR,MEDINA ARMENDARIZ LUIS ENRIQUE,WESTMED DE MEXICO,2026-10-01,SI,,,NO,
M-2026-012570,ASIGNADO_OPERADOR,CON MEDINA ARMENDARIZ LUIS ENRIQUE,MARLENE MIRANDA,OPERADOR,MEDINA ARMENDARIZ LUIS ENRIQUE,,,NO,,,NO,
M-2026-012571,UTILIZADO,COMPROBADA / UTILIZADA,MARLENE MIRANDA,OPERADOR,LEAL IBAL JOSE LUIS,PRODUCTOS PARA EL CUIDADO DE LA SALUD,2026-09-28,SI,,,NO,
M-2026-012572,UTILIZADO,COMPROBADA / UTILIZADA,MARLENE MIRANDA,OPERADOR,LEAL IBAL JOSE LUIS,MTD CONSUMER PRODUCTS MEXICO,2026-09-28,SI,,,NO,
M-2026-012573,UTILIZADO,COMPROBADA / UTILIZADA,MARLENE MIRANDA,OPERADOR,LEAL IBAL JOSE LUIS,EDWARDS VACCUM,2026-09-29,SI,,,NO,
M-2026-012574,UTILIZADO,COMPROBADA / UTILIZADA,MARLENE MIRANDA,OPERADOR,LEAL IBAL JOSE LUIS,EDWARDS VACCUM,2026-09-29,SI,,,NO,
M-2026-012575,UTILIZADO,COMPROBADA / UTILIZADA,MARLENE MIRANDA,OPERADOR,LEAL IBAL JOSE LUIS,DORMAKABA,2026-09-30,SI,,,NO,
M-2026-012576,UTILIZADO,COMPROBADA / UTILIZADA,MARLENE MIRANDA,OPERADOR,LEAL IBAL JOSE LUIS,DORMAKABA,2026-09-30,SI,,,NO,
M-2026-012577,UTILIZADO,COMPROBADA / UTILIZADA,MARLENE MIRANDA,OPERADOR,LEAL IBAL JOSE LUIS,DORMAKABA,2026-09-30,SI,,,NO,
M-2026-012578,UTILIZADO,COMPROBADA / UTILIZADA,MARLENE MIRANDA,OPERADOR,LEAL IBAL JOSE LUIS,DORMAKABA,2026-09-30,SI,,,NO,
M-2026-012579,UTILIZADO,COMPROBADA / UTILIZADA,MARLENE MIRANDA,OPERADOR,LEAL IBAL JOSE LUIS,DORMAKABA,2026-09-30,SI,,,NO,
M-2026-012580,UTILIZADO,COMPROBADA / UTILIZADA,MARLENE MIRANDA,OPERADOR,LEAL IBAL JOSE LUIS,WESTMED DE MEXICO,2026-10-01,SI,,,NO,
M-2026-012581,ASIGNADO_OPERADOR,CON DE LEON HERNANDEZ ABRAHAM,MARLENE MIRANDA,OPERADOR,DE LEON HERNANDEZ ABRAHAM,,,NO,,,NO,
M-2026-012582,ASIGNADO_OPERADOR,CON DE LEON HERNANDEZ ABRAHAM,MARLENE MIRANDA,OPERADOR,DE LEON HERNANDEZ ABRAHAM,,,NO,,,NO,
M-2026-012583,ASIGNADO_OPERADOR,CON DE LEON HERNANDEZ ABRAHAM,MARLENE MIRANDA,OPERADOR,DE LEON HERNANDEZ ABRAHAM,,,NO,,,NO,
M-2026-012584,ASIGNADO_OPERADOR,CON DE LEON HERNANDEZ ABRAHAM,MARLENE MIRANDA,OPERADOR,DE LEON HERNANDEZ ABRAHAM,,,NO,,,NO,
M-2026-012585,ASIGNADO_OPERADOR,CON DE LEON HERNANDEZ ABRAHAM,MARLENE MIRANDA,OPERADOR,DE LEON HERNANDEZ ABRAHAM,,,NO,,,NO,
M-2026-012586,ASIGNADO_OPERADOR,CON DE LEON HERNANDEZ ABRAHAM,MARLENE MIRANDA,OPERADOR,DE LEON HERNANDEZ ABRAHAM,,,NO,,,NO,
M-2026-012587,ASIGNADO_OPERADOR,CON DE LEON HERNANDEZ ABRAHAM,MARLENE MIRANDA,OPERADOR,DE LEON HERNANDEZ ABRAHAM,,,NO,,,NO,
M-2026-012588,ASIGNADO_OPERADOR,CON DE LEON HERNANDEZ ABRAHAM,MARLENE MIRANDA,OPERADOR,DE LEON HERNANDEZ ABRAHAM,,,NO,,,NO,
M-2026-012589,ASIGNADO_OPERADOR,CON DE LEON HERNANDEZ ABRAHAM,MARLENE MIRANDA,OPERADOR,DE LEON HERNANDEZ ABRAHAM,,,NO,,,NO,
M-2026-012590,ASIGNADO_OPERADOR,CON DE LEON HERNANDEZ ABRAHAM,MARLENE MIRANDA,OPERADOR,DE LEON HERNANDEZ ABRAHAM,,,NO,,,NO,
M-2026-012591,UTILIZADO,COMPROBADA / UTILIZADA,MARLENE MIRANDA,OPERADOR,MARQUEZ ROMERO OMAR HORACIO,BECTON SUR,2026-09-29,SI,,,NO,
M-2026-012592,UTILIZADO,COMPROBADA / UTILIZADA,MARLENE MIRANDA,OPERADOR,MARQUEZ ROMERO OMAR HORACIO,BECTON DICKINSON INFUSION THERAPY SYSTEMS INC,2026-09-28,SI,,,NO,
M-2026-012593,UTILIZADO,COMPROBADA / UTILIZADA,MARLENE MIRANDA,OPERADOR,MARQUEZ ROMERO OMAR HORACIO,WEISER LOCK MEXICO,2026-09-29,SI,,,NO,
M-2026-012594,UTILIZADO,COMPROBADA / UTILIZADA,MARLENE MIRANDA,OPERADOR,MARQUEZ ROMERO OMAR HORACIO,WEISER LOCK MEXICO,2026-09-29,SI,,,NO,
M-2026-012595,UTILIZADO,COMPROBADA / UTILIZADA,MARLENE MIRANDA,OPERADOR,MARQUEZ ROMERO OMAR HORACIO,PRODUCTOS PARA EL CUIDADO DE LA SALUD,2026-09-30,SI,,,NO,
M-2026-012596,UTILIZADO,COMPROBADA / UTILIZADA,MARLENE MIRANDA,OPERADOR,MARQUEZ ROMERO OMAR HORACIO,PRODUCTOS PARA EL CUIDADO DE LA SALUD,2026-09-30,SI,,,NO,
M-2026-012597,UTILIZADO,COMPROBADA / UTILIZADA,MARLENE MIRANDA,OPERADOR,MARQUEZ ROMERO OMAR HORACIO,NORTH AMERICAN INTERCONNECT,2026-09-30,SI,,,NO,
M-2026-012598,UTILIZADO,COMPROBADA / UTILIZADA,MARLENE MIRANDA,OPERADOR,MARQUEZ ROMERO OMAR HORACIO,BECTON SUR,2026-10-01,SI,,,NO,
M-2026-012599,ASIGNADO_OPERADOR,CON MARQUEZ ROMERO OMAR HORACIO,MARLENE MIRANDA,OPERADOR,MARQUEZ ROMERO OMAR HORACIO,,,NO,,,NO,
M-2026-012600,ASIGNADO_OPERADOR,CON MARQUEZ ROMERO OMAR HORACIO,MARLENE MIRANDA,OPERADOR,MARQUEZ ROMERO OMAR HORACIO,,,NO,,,NO,
M-2026-012601,UTILIZADO,COMPROBADA / UTILIZADA,MARLENE MIRANDA,OPERADOR,GAXIOLA WAR JOEL ALFREDO,WEISER LOCK MEXICO,2026-09-28,SI,,,NO,
M-2026-012602,UTILIZADO,COMPROBADA / UTILIZADA,MARLENE MIRANDA,OPERADOR,GAXIOLA WAR JOEL ALFREDO,WEISER LOCK MEXICO,2026-09-28,SI,,,NO,
M-2026-012603,UTILIZADO,COMPROBADA / UTILIZADA,MARLENE MIRANDA,OPERADOR,GAXIOLA WAR JOEL ALFREDO,WESTMED DE MEXICO,2026-09-29,SI,PRO-20261002-WESTMED-DE-MEXICO-121145,FACTURADA,SI,FLB 13165
M-2026-012604,UTILIZADO,COMPROBADA / UTILIZADA,MARLENE MIRANDA,OPERADOR,GAXIOLA WAR JOEL ALFREDO,AMPHENOL OPTIMIZE MEXICO,2026-09-29,SI,,,NO,
M-2026-012605,UTILIZADO,COMPROBADA / UTILIZADA,MARLENE MIRANDA,OPERADOR,GAXIOLA WAR JOEL ALFREDO,WESTMED DE MEXICO,2026-09-29,SI,PRO-20261002-WESTMED-DE-MEXICO-121526,FACTURADA,SI,FLB 13166
M-2026-012606,UTILIZADO,COMPROBADA / UTILIZADA,MARLENE MIRANDA,OPERADOR,PEREZ REYES JOSE GERARDO,ITT ICS,2026-09-28,SI,,,NO,
M-2026-012607,UTILIZADO,COMPROBADA / UTILIZADA,MARLENE MIRANDA,OPERADOR,PEREZ REYES JOSE GERARDO,ITT ICS,2026-09-29,SI,,,NO,
M-2026-012608,UTILIZADO,COMPROBADA / UTILIZADA,MARLENE MIRANDA,OPERADOR,PEREZ REYES JOSE GERARDO,ITT ICS,2026-09-28,SI,,,NO,
M-2026-012609,UTILIZADO,COMPROBADA / UTILIZADA,MARLENE MIRANDA,OPERADOR,PEREZ REYES JOSE GERARDO,INTEGRATED CABLE ASSEMBLY HOLDINGS,2026-09-29,SI,,,NO,
M-2026-012610,UTILIZADO,COMPROBADA / UTILIZADA,MARLENE MIRANDA,OPERADOR,PEREZ REYES JOSE GERARDO,EDWARDS VACCUM,2026-09-29,SI,,,NO,
M-2026-012611,UTILIZADO,COMPROBADA / UTILIZADA,MARLENE MIRANDA,OPERADOR,PEREZ REYES JOSE GERARDO,EDWARDS VACCUM,2026-09-29,SI,,,NO,
M-2026-012612,UTILIZADO,COMPROBADA / UTILIZADA,MARLENE MIRANDA,OPERADOR,PEREZ REYES JOSE GERARDO,AVENT,2026-09-30,SI,,,NO,
M-2026-012613,UTILIZADO,COMPROBADA / UTILIZADA,MARLENE MIRANDA,OPERADOR,PEREZ REYES JOSE GERARDO,BECTON DICKINSON INFUSION THERAPY SYSTEMS INC,2026-09-30,SI,,,NO,
M-2026-012614,UTILIZADO,COMPROBADA / UTILIZADA,MARLENE MIRANDA,OPERADOR,PEREZ REYES JOSE GERARDO,AVENT,2026-09-30,SI,,,NO,
M-2026-012615,UTILIZADO,COMPROBADA / UTILIZADA,MARLENE MIRANDA,OPERADOR,PEREZ REYES JOSE GERARDO,BECTON SUR,2026-10-01,SI,,,NO,
M-2026-012616,UTILIZADO,COMPROBADA / UTILIZADA,MARLENE MIRANDA,OPERADOR,QUIÑONES ARENAS JESUS ALEJANDRO,INTEGRATED CABLE ASSEMBLY HOLDINGS,2026-09-28,SI,,,NO,
M-2026-012617,UTILIZADO,COMPROBADA / UTILIZADA,MARLENE MIRANDA,OPERADOR,QUIÑONES ARENAS JESUS ALEJANDRO,INTEGRATED CABLE ASSEMBLY HOLDINGS,2026-09-29,SI,,,NO,
M-2026-012618,UTILIZADO,COMPROBADA / UTILIZADA,MARLENE MIRANDA,OPERADOR,QUIÑONES ARENAS JESUS ALEJANDRO,INTEGRATED CABLE ASSEMBLY HOLDINGS,2026-09-29,SI,,,NO,
M-2026-012619,UTILIZADO,COMPROBADA / UTILIZADA,MARLENE MIRANDA,OPERADOR,QUIÑONES ARENAS JESUS ALEJANDRO,INTEGRATED CABLE ASSEMBLY HOLDINGS,2026-09-29,SI,,,NO,
M-2026-012620,UTILIZADO,COMPROBADA / UTILIZADA,MARLENE MIRANDA,OPERADOR,QUIÑONES ARENAS JESUS ALEJANDRO,INTEGRATED CABLE ASSEMBLY HOLDINGS,2026-09-29,SI,,,NO,
M-2026-012621,UTILIZADO,COMPROBADA / UTILIZADA,MARLENE MIRANDA,OPERADOR,QUIÑONES ARENAS JESUS ALEJANDRO,ALTEX,2026-09-29,SI,,,NO,
M-2026-012622,UTILIZADO,COMPROBADA / UTILIZADA,MARLENE MIRANDA,OPERADOR,ZEPEDA MORALES LUIS FERNANDO,AMPHENOL OPTIMIZE MEXICO,2026-09-28,SI,,,NO,
M-2026-012623,UTILIZADO,COMPROBADA / UTILIZADA,MARLENE MIRANDA,OPERADOR,ZEPEDA MORALES LUIS FERNANDO,AMPHENOL OPTIMIZE MEXICO,2026-09-29,SI,,,NO,
M-2026-012624,UTILIZADO,COMPROBADA / UTILIZADA,MARLENE MIRANDA,OPERADOR,ZEPEDA MORALES LUIS FERNANDO,AVENT,2026-09-29,SI,,,NO,
M-2026-012625,UTILIZADO,COMPROBADA / UTILIZADA,MARLENE MIRANDA,OPERADOR,ZEPEDA MORALES LUIS FERNANDO,INTEGRATED CABLE ASSEMBLY HOLDINGS,2026-09-30,SI,,,NO,
M-2026-012626,UTILIZADO,COMPROBADA / UTILIZADA,MARLENE MIRANDA,OPERADOR,ZEPEDA MORALES LUIS FERNANDO,INTEGRATED CABLE ASSEMBLY HOLDINGS,2026-09-30,SI,,,NO,
M-2026-012627,ASIGNADO_OPERADOR,CON ZEPEDA MORALES LUIS FERNANDO,MARLENE MIRANDA,OPERADOR,ZEPEDA MORALES LUIS FERNANDO,,,NO,,,NO,
M-2026-012628,ASIGNADO_OPERADOR,CON ZEPEDA MORALES LUIS FERNANDO,MARLENE MIRANDA,OPERADOR,ZEPEDA MORALES LUIS FERNANDO,,,NO,,,NO,
M-2026-012629,ASIGNADO_OPERADOR,CON ZEPEDA MORALES LUIS FERNANDO,MARLENE MIRANDA,OPERADOR,ZEPEDA MORALES LUIS FERNANDO,,,NO,,,NO,
M-2026-012630,ASIGNADO_OPERADOR,CON ZEPEDA MORALES LUIS FERNANDO,MARLENE MIRANDA,OPERADOR,ZEPEDA MORALES LUIS FERNANDO,,,NO,,,NO,
M-2026-012631,ASIGNADO_OPERADOR,CON ZEPEDA MORALES LUIS FERNANDO,MARLENE MIRANDA,OPERADOR,ZEPEDA MORALES LUIS FERNANDO,,,NO,,,NO,
M-2026-012632,UTILIZADO,COMPROBADA / UTILIZADA,MARLENE MIRANDA,OPERADOR,VALENZUELA LEON JUAN ANTONIO,AMPHENOL OPTIMIZE MEXICO,2026-09-29,SI,,,NO,
M-2026-012633,UTILIZADO,COMPROBADA / UTILIZADA,MARLENE MIRANDA,OPERADOR,VALENZUELA LEON JUAN ANTONIO,AMPHENOL OPTIMIZE MEXICO,2026-10-01,SI,,,NO,
M-2026-012634,ASIGNADO_OPERADOR,CON VALENZUELA LEON JUAN ANTONIO,MARLENE MIRANDA,OPERADOR,VALENZUELA LEON JUAN ANTONIO,,,NO,,,NO,
M-2026-012635,ASIGNADO_OPERADOR,CON VALENZUELA LEON JUAN ANTONIO,MARLENE MIRANDA,OPERADOR,VALENZUELA LEON JUAN ANTONIO,,,NO,,,NO,
M-2026-012636,ASIGNADO_OPERADOR,CON VALENZUELA LEON JUAN ANTONIO,MARLENE MIRANDA,OPERADOR,VALENZUELA LEON JUAN ANTONIO,,,NO,,,NO,
M-2026-012637,ASIGNADO_OPERADOR,CON VALENZUELA LEON JUAN ANTONIO,MARLENE MIRANDA,OPERADOR,VALENZUELA LEON JUAN ANTONIO,,,NO,,,NO,
M-2026-012638,ASIGNADO_OPERADOR,CON VALENZUELA LEON JUAN ANTONIO,MARLENE MIRANDA,OPERADOR,VALENZUELA LEON JUAN ANTONIO,,,NO,,,NO,
M-2026-012639,ASIGNADO_OPERADOR,CON VALENZUELA LEON JUAN ANTONIO,MARLENE MIRANDA,OPERADOR,VALENZUELA LEON JUAN ANTONIO,,,NO,,,NO,
M-2026-012640,ASIGNADO_OPERADOR,CON VALENZUELA LEON JUAN ANTONIO,MARLENE MIRANDA,OPERADOR,VALENZUELA LEON JUAN ANTONIO,,,NO,,,NO,
M-2026-012641,ASIGNADO_OPERADOR,CON VALENZUELA LEON JUAN ANTONIO,MARLENE MIRANDA,OPERADOR,VALENZUELA LEON JUAN ANTONIO,,,NO,,,NO,
M-2026-012642,UTILIZADO,COMPROBADA / UTILIZADA,MARLENE MIRANDA,OPERADOR,PADILLA ORTIZ RAUL FRANCISCO,AMPHENOL OPTIMIZE MEXICO,2026-09-28,SI,,,NO,
M-2026-012643,UTILIZADO,COMPROBADA / UTILIZADA,MARLENE MIRANDA,OPERADOR,PADILLA ORTIZ RAUL FRANCISCO,ITT ICS,2026-09-29,SI,,,NO,
M-2026-012644,UTILIZADO,COMPROBADA / UTILIZADA,MARLENE MIRANDA,OPERADOR,PADILLA ORTIZ RAUL FRANCISCO,ITT ICS,2026-09-29,SI,,,NO,
M-2026-012645,UTILIZADO,COMPROBADA / UTILIZADA,MARLENE MIRANDA,OPERADOR,PADILLA ORTIZ RAUL FRANCISCO,AMPHENOL OPTIMIZE MEXICO,2026-09-30,SI,,,NO,
M-2026-012646,UTILIZADO,COMPROBADA / UTILIZADA,MARLENE MIRANDA,OPERADOR,PADILLA ORTIZ RAUL FRANCISCO,AMPHENOL OPTIMIZE MEXICO,2026-09-30,SI,,,NO,
M-2026-012647,UTILIZADO,COMPROBADA / UTILIZADA,MARLENE MIRANDA,OPERADOR,PADILLA ORTIZ RAUL FRANCISCO,AVENT,2026-10-01,SI,,,NO,
M-2026-012648,UTILIZADO,COMPROBADA / UTILIZADA,MARLENE MIRANDA,OPERADOR,PADILLA ORTIZ RAUL FRANCISCO,DORMAKABA,2026-10-02,SI,,,NO,
M-2026-012649,ASIGNADO_OPERADOR,CON PADILLA ORTIZ RAUL FRANCISCO,MARLENE MIRANDA,OPERADOR,PADILLA ORTIZ RAUL FRANCISCO,,,NO,,,NO,
M-2026-012650,ASIGNADO_OPERADOR,CON PADILLA ORTIZ RAUL FRANCISCO,MARLENE MIRANDA,OPERADOR,PADILLA ORTIZ RAUL FRANCISCO,,,NO,,,NO,
M-2026-012651,ASIGNADO_OPERADOR,CON PADILLA ORTIZ RAUL FRANCISCO,MARLENE MIRANDA,OPERADOR,PADILLA ORTIZ RAUL FRANCISCO,,,NO,,,NO,
M-2026-012652,UTILIZADO,COMPROBADA / UTILIZADA,MARLENE MIRANDA,OPERADOR,SOTO CORRAL SERGIO,PRODUCTOS PARA EL CUIDADO DE LA SALUD,2026-09-28,SI,,,NO,
M-2026-012653,UTILIZADO,COMPROBADA / UTILIZADA,MARLENE MIRANDA,OPERADOR,SOTO CORRAL SERGIO,PRODUCTOS PARA EL CUIDADO DE LA SALUD,2026-09-28,SI,,,NO,
M-2026-012654,UTILIZADO,COMPROBADA / UTILIZADA,MARLENE MIRANDA,OPERADOR,SOTO CORRAL SERGIO,PRODUCTOS PARA EL CUIDADO DE LA SALUD,2026-09-28,SI,,,NO,
M-2026-012655,UTILIZADO,COMPROBADA / UTILIZADA,MARLENE MIRANDA,OPERADOR,SOTO CORRAL SERGIO,MTD CONSUMER PRODUCTS MEXICO,2026-09-30,SI,,,NO,
M-2026-012656,UTILIZADO,COMPROBADA / UTILIZADA,MARLENE MIRANDA,OPERADOR,SOTO CORRAL SERGIO,MTD CONSUMER PRODUCTS MEXICO,2026-09-30,NO,,,NO,
M-2026-012657,UTILIZADO,COMPROBADA / UTILIZADA,MARLENE MIRANDA,OPERADOR,SOTO CORRAL SERGIO,MTD CONSUMER PRODUCTS MEXICO,2026-10-01,SI,,,NO,
M-2026-012658,UTILIZADO,COMPROBADA / UTILIZADA,MARLENE MIRANDA,OPERADOR,SOTO CORRAL SERGIO,MTD CONSUMER PRODUCTS MEXICO,2026-10-01,SI,,,NO,
M-2026-012659,UTILIZADO,COMPROBADA / UTILIZADA,MARLENE MIRANDA,OPERADOR,SOTO CORRAL SERGIO,MTD CONSUMER PRODUCTS MEXICO,2026-10-01,SI,,,NO,
M-2026-012660,UTILIZADO,COMPROBADA / UTILIZADA,MARLENE MIRANDA,OPERADOR,SOTO CORRAL SERGIO,WESTMED DE MEXICO,2026-10-01,SI,,,NO,
M-2026-012661,UTILIZADO,COMPROBADA / UTILIZADA,MARLENE MIRANDA,OPERADOR,SOTO CORRAL SERGIO,AMPHENOL AHPS,2026-10-01,SI,,,NO,
M-2026-012662,UTILIZADO,COMPROBADA / UTILIZADA,MARLENE MIRANDA,OPERADOR,LOPEZ VALENCIA ALEJANDRO,PRODUCTOS PARA EL CUIDADO DE LA SALUD,2026-09-28,SI,,,NO,
M-2026-012663,UTILIZADO,COMPROBADA / UTILIZADA,MARLENE MIRANDA,OPERADOR,LOPEZ VALENCIA ALEJANDRO,DORMAKABA,2026-10-01,SI,,,NO,
M-2026-012664,ASIGNADO_OPERADOR,CON LOPEZ VALENCIA ALEJANDRO,MARLENE MIRANDA,OPERADOR,LOPEZ VALENCIA ALEJANDRO,,,NO,,,NO,
M-2026-012665,ASIGNADO_OPERADOR,CON LOPEZ VALENCIA ALEJANDRO,MARLENE MIRANDA,OPERADOR,LOPEZ VALENCIA ALEJANDRO,,,NO,,,NO,
M-2026-012666,ASIGNADO_OPERADOR,CON LOPEZ VALENCIA ALEJANDRO,MARLENE MIRANDA,OPERADOR,LOPEZ VALENCIA ALEJANDRO,,,NO,,,NO,
M-2026-012667,ASIGNADO_OPERADOR,CON LOPEZ VALENCIA ALEJANDRO,MARLENE MIRANDA,OPERADOR,LOPEZ VALENCIA ALEJANDRO,,,NO,,,NO,
M-2026-012668,ASIGNADO_OPERADOR,CON LOPEZ VALENCIA ALEJANDRO,MARLENE MIRANDA,OPERADOR,LOPEZ VALENCIA ALEJANDRO,,,NO,,,NO,
M-2026-012669,ASIGNADO_OPERADOR,CON LOPEZ VALENCIA ALEJANDRO,MARLENE MIRANDA,OPERADOR,LOPEZ VALENCIA ALEJANDRO,,,NO,,,NO,
M-2026-012670,ASIGNADO_OPERADOR,CON LOPEZ VALENCIA ALEJANDRO,MARLENE MIRANDA,OPERADOR,LOPEZ VALENCIA ALEJANDRO,,,NO,,,NO,
M-2026-012671,ASIGNADO_OPERADOR,CON LOPEZ VALENCIA ALEJANDRO,MARLENE MIRANDA,OPERADOR,LOPEZ VALENCIA ALEJANDRO,,,NO,,,NO,
M-2026-012672,UTILIZADO,COMPROBADA / UTILIZADA,MARLENE MIRANDA,OPERADOR,MENDEZ URIBE JOSE SACRAMENTO,DORMAKABA,2026-09-28,SI,,,NO,
M-2026-012673,UTILIZADO,COMPROBADA / UTILIZADA,MARLENE MIRANDA,OPERADOR,MENDEZ URIBE JOSE SACRAMENTO,DORMAKABA,2026-09-28,SI,,,NO,
M-2026-012674,UTILIZADO,COMPROBADA / UTILIZADA,MARLENE MIRANDA,OPERADOR,MENDEZ URIBE JOSE SACRAMENTO,DORMAKABA,2026-09-28,SI,,,NO,
M-2026-012675,UTILIZADO,COMPROBADA / UTILIZADA,MARLENE MIRANDA,OPERADOR,MENDEZ URIBE JOSE SACRAMENTO,DORMAKABA,2026-09-28,SI,,,NO,
M-2026-012676,UTILIZADO,COMPROBADA / UTILIZADA,MARLENE MIRANDA,OPERADOR,MENDEZ URIBE JOSE SACRAMENTO,DORMAKABA,2026-09-28,SI,,,NO,
M-2026-012677,UTILIZADO,COMPROBADA / UTILIZADA,MARLENE MIRANDA,OPERADOR,MENDEZ URIBE JOSE SACRAMENTO,DORMAKABA,2026-10-01,SI,,,NO,
M-2026-012678,UTILIZADO,COMPROBADA / UTILIZADA,MARLENE MIRANDA,OPERADOR,MENDEZ URIBE JOSE SACRAMENTO,DORMAKABA,2026-10-01,SI,,,NO,
M-2026-012679,UTILIZADO,COMPROBADA / UTILIZADA,MARLENE MIRANDA,OPERADOR,MENDEZ URIBE JOSE SACRAMENTO,DORMAKABA,2026-10-01,SI,,,NO,
M-2026-012680,ASIGNADO_OPERADOR,CON MENDEZ URIBE JOSE SACRAMENTO,MARLENE MIRANDA,OPERADOR,MENDEZ URIBE JOSE SACRAMENTO,,,NO,,,NO,
M-2026-012681,ASIGNADO_OPERADOR,CON MENDEZ URIBE JOSE SACRAMENTO,MARLENE MIRANDA,OPERADOR,MENDEZ URIBE JOSE SACRAMENTO,,,NO,,,NO,
M-2026-012682,UTILIZADO,COMPROBADA / UTILIZADA,MARLENE MIRANDA,OPERADOR,ORNELAS MANJARREZ JESUS EMILIO,AVENT,2026-09-28,SI,,,NO,
M-2026-012683,UTILIZADO,COMPROBADA / UTILIZADA,MARLENE MIRANDA,OPERADOR,ORNELAS MANJARREZ JESUS EMILIO,AVENT,2026-09-28,SI,,,NO,
M-2026-012684,UTILIZADO,COMPROBADA / UTILIZADA,MARLENE MIRANDA,OPERADOR,ORNELAS MANJARREZ JESUS EMILIO,AVENT,2026-09-28,SI,,,NO,
M-2026-012685,UTILIZADO,COMPROBADA / UTILIZADA,MARLENE MIRANDA,OPERADOR,ROMERO IRIQUI JACOBO,DORMAKABA,2026-09-28,SI,,,NO,
M-2026-012686,UTILIZADO,COMPROBADA / UTILIZADA,MARLENE MIRANDA,OPERADOR,ROMERO IRIQUI JACOBO,DORMAKABA,2026-09-28,SI,,,NO,
M-2026-012687,UTILIZADO,COMPROBADA / UTILIZADA,MARLENE MIRANDA,OPERADOR,ROMERO IRIQUI JACOBO,DORMAKABA,2026-09-28,SI,,,NO,
M-2026-012688,UTILIZADO,COMPROBADA / UTILIZADA,MARLENE MIRANDA,OPERADOR,ROMERO IRIQUI JACOBO,WESTMED DE MEXICO,2026-09-29,SI,PRO-20261002-WESTMED-DE-MEXICO-121739,FACTURADA,SI,FLB 13167
M-2026-012689,UTILIZADO,COMPROBADA / UTILIZADA,MARLENE MIRANDA,OPERADOR,ROMERO IRIQUI JACOBO,WEISER LOCK MEXICO,2026-09-30,SI,,,NO,
M-2026-012690,UTILIZADO,COMPROBADA / UTILIZADA,MARLENE MIRANDA,OPERADOR,ROMERO IRIQUI JACOBO,EDWARDS VACCUM,2026-09-30,SI,,,NO,
M-2026-012691,UTILIZADO,COMPROBADA / UTILIZADA,MARLENE MIRANDA,OPERADOR,ROMERO IRIQUI JACOBO,EDWARDS VACCUM,2026-09-30,SI,,,NO,
M-2026-012692,UTILIZADO,COMPROBADA / UTILIZADA,MARLENE MIRANDA,OPERADOR,ROMERO IRIQUI JACOBO,WESTMED DE MEXICO,2026-10-02,SI,,,NO,
M-2026-012693,UTILIZADO,COMPROBADA / UTILIZADA,MARLENE MIRANDA,OPERADOR,ROMERO IRIQUI JACOBO,WESTMED DE MEXICO,2026-10-02,SI,,,NO,
M-2026-012694,ASIGNADO_OPERADOR,CON ROMERO IRIQUI JACOBO,MARLENE MIRANDA,OPERADOR,ROMERO IRIQUI JACOBO,,,NO,,,NO,
M-2026-012695,EN_CUSTODIA,CUSTODIA: MARLENE MIRANDA,MARLENE MIRANDA,,,,,NO,,,NO,
M-2026-012696,UTILIZADO,COMPROBADA / UTILIZADA,MARLENE MIRANDA,BENEFICIARIO,MARIA,EDWARDS VACCUM,2026-09-24,SI,,,NO,
M-2026-012697,UTILIZADO,COMPROBADA / UTILIZADA,MARLENE MIRANDA,BENEFICIARIO,MARIA,EDWARDS VACCUM,2026-09-25,SI,,,NO,
M-2026-012698,UTILIZADO,COMPROBADA / UTILIZADA,MARLENE MIRANDA,BENEFICIARIO,MARIA,HUMANSCALE,2026-09-23,SI,PRO-20261001-HUMANSCALE-120536,FACTURADA,SI,FLB 13136
M-2026-012699,UTILIZADO,COMPROBADA / UTILIZADA,MARLENE MIRANDA,BENEFICIARIO,MARIA,HUMANSCALE,2026-09-25,SI,PRO-20261001-HUMANSCALE-120536,FACTURADA,SI,FLB 13136
M-2026-012700,UTILIZADO,COMPROBADA / UTILIZADA,MARLENE MIRANDA,BENEFICIARIO,MARIA,HUMANSCALE,2026-09-25,SI,PRO-20261001-HUMANSCALE-120536,FACTURADA,SI,FLB 13136
M-2026-012701,UTILIZADO,COMPROBADA / UTILIZADA,MARLENE MIRANDA,BENEFICIARIO,MARIA,HUMANSCALE,2026-09-28,SI,,,NO,
M-2026-012702,UTILIZADO,COMPROBADA / UTILIZADA,MARLENE MIRANDA,BENEFICIARIO,MARIA,EDWARDS VACCUM,2026-10-01,SI,,,NO,
M-2026-012703,UTILIZADO,COMPROBADA / UTILIZADA,MARLENE MIRANDA,BENEFICIARIO,MARIA,EDWARDS VACCUM,2026-10-01,SI,,,NO,
M-2026-012704,UTILIZADO,COMPROBADA / UTILIZADA,MARLENE MIRANDA,BENEFICIARIO,MARIA,EDWARDS VACCUM,2026-09-29,SI,,,NO,
M-2026-012705,UTILIZADO,COMPROBADA / UTILIZADA,MARLENE MIRANDA,BENEFICIARIO,MARIA,EDWARDS VACCUM,2026-09-30,SI,,,NO,
M-2026-012706,UTILIZADO,COMPROBADA / UTILIZADA,MARLENE MIRANDA,OPERADOR,HERRERA GONZALEZ FRANCISCO JAVIER,MTD CONSUMER PRODUCTS MEXICO,2026-10-01,SI,,,NO,
M-2026-012707,UTILIZADO,COMPROBADA / UTILIZADA,MARLENE MIRANDA,OPERADOR,HERRERA GONZALEZ FRANCISCO JAVIER,AMPHENOL ONANON,2026-10-01,SI,,,NO,
M-2026-012708,UTILIZADO,COMPROBADA / UTILIZADA,MARLENE MIRANDA,OPERADOR,HERRERA GONZALEZ FRANCISCO JAVIER,AMPHENOL ONANON,2026-10-02,SI,,,NO,
M-2026-012709,UTILIZADO,COMPROBADA / UTILIZADA,MARLENE MIRANDA,OPERADOR,HERRERA GONZALEZ FRANCISCO JAVIER,AMPHENOL OPTIMIZE MEXICO,2026-10-02,SI,,,NO,
M-2026-012710,UTILIZADO,COMPROBADA / UTILIZADA,MARLENE MIRANDA,OPERADOR,HERRERA GONZALEZ FRANCISCO JAVIER,AMPHENOL OPTIMIZE MEXICO,2026-10-02,SI,,,NO,
M-2026-012711,ASIGNADO_OPERADOR,CON HERRERA GONZALEZ FRANCISCO JAVIER,MARLENE MIRANDA,OPERADOR,HERRERA GONZALEZ FRANCISCO JAVIER,,,NO,,,NO,
M-2026-012712,ASIGNADO_OPERADOR,CON HERRERA GONZALEZ FRANCISCO JAVIER,MARLENE MIRANDA,OPERADOR,HERRERA GONZALEZ FRANCISCO JAVIER,,,NO,,,NO,
M-2026-012713,ASIGNADO_OPERADOR,CON HERRERA GONZALEZ FRANCISCO JAVIER,MARLENE MIRANDA,OPERADOR,HERRERA GONZALEZ FRANCISCO JAVIER,,,NO,,,NO,
M-2026-012714,UTILIZADO,COMPROBADA / UTILIZADA,MARLENE MIRANDA,OPERADOR,VALENZUELA CORDERO JOAQUIN,INTEGRATED CABLE ASSEMBLY HOLDINGS,2026-10-02,SI,,,NO,
M-2026-012715,UTILIZADO,COMPROBADA / UTILIZADA,MARLENE MIRANDA,OPERADOR,VALENZUELA CORDERO JOAQUIN,ITT ICS,2026-10-02,SI,,,NO,
M-2026-012716,UTILIZADO,COMPROBADA / UTILIZADA,MARLENE MIRANDA,OPERADOR,ORTIZ GARCIA CANDELARIO,DORMAKABA,2026-09-30,NO,,,NO,
M-2026-012717,UTILIZADO,COMPROBADA / UTILIZADA,MARLENE MIRANDA,OPERADOR,ORTIZ GARCIA CANDELARIO,DORMAKABA,2026-09-30,SI,,,NO,
M-2026-012718,UTILIZADO,COMPROBADA / UTILIZADA,MARLENE MIRANDA,OPERADOR,ARCE BARCELO LUIS RENE,ITT ICS,2026-09-30,NO,,,NO,
M-2026-012719,UTILIZADO,COMPROBADA / UTILIZADA,MARLENE MIRANDA,OPERADOR,ARCE BARCELO LUIS RENE,ITT ICS,2026-09-30,SI,,,NO,
M-2026-012720,ASIGNADO_OPERADOR,CON ESTRADA GARCIA JAIME,MARLENE MIRANDA,OPERADOR,ESTRADA GARCIA JAIME,,,NO,,,NO,
M-2026-012721,ASIGNADO_OPERADOR,CON ESTRADA GARCIA JAIME,MARLENE MIRANDA,OPERADOR,ESTRADA GARCIA JAIME,,,NO,,,NO,
M-2026-012722,ASIGNADO_OPERADOR,CON MEDINA ARMENDARIZ LUIS ENRIQUE,MARLENE MIRANDA,OPERADOR,MEDINA ARMENDARIZ LUIS ENRIQUE,,,NO,,,NO,
M-2026-012723,ASIGNADO_OPERADOR,CON MEDINA ARMENDARIZ LUIS ENRIQUE,MARLENE MIRANDA,OPERADOR,MEDINA ARMENDARIZ LUIS ENRIQUE,,,NO,,,NO,
M-2026-012724,ASIGNADO_OPERADOR,CON MEDINA ARMENDARIZ LUIS ENRIQUE,MARLENE MIRANDA,OPERADOR,MEDINA ARMENDARIZ LUIS ENRIQUE,,,NO,,,NO,
M-2026-012725,ASIGNADO_OPERADOR,CON MEDINA ARMENDARIZ LUIS ENRIQUE,MARLENE MIRANDA,OPERADOR,MEDINA ARMENDARIZ LUIS ENRIQUE,,,NO,,,NO,
M-2026-012726,ASIGNADO_OPERADOR,CON MEDINA ARMENDARIZ LUIS ENRIQUE,MARLENE MIRANDA,OPERADOR,MEDINA ARMENDARIZ LUIS ENRIQUE,,,NO,,,NO,
M-2026-012727,UTILIZADO,COMPROBADA / UTILIZADA,MARLENE MIRANDA,OPERADOR,MENDEZ URIBE JOSE SACRAMENTO,DORMAKABA,2026-10-01,SI,,,NO,
M-2026-012728,UTILIZADO,COMPROBADA / UTILIZADA,MARLENE MIRANDA,OPERADOR,MENDEZ URIBE JOSE SACRAMENTO,DORMAKABA,2026-10-01,SI,,,NO,
M-2026-012729,ASIGNADO_OPERADOR,CON VALENZUELA VERDUZCO RICARDO,MARLENE MIRANDA,OPERADOR,VALENZUELA VERDUZCO RICARDO,,,NO,,,NO,
M-2026-012730,UTILIZADO,COMPROBADA / UTILIZADA,MARLENE MIRANDA,OPERADOR,VALENZUELA VERDUZCO RICARDO,WESTMED DE MEXICO,2026-10-02,SI,,,NO,
M-2026-012731,UTILIZADO,COMPROBADA / UTILIZADA,MARLENE MIRANDA,OPERADOR,QUIÑONES ARENAS JESUS ALEJANDRO,WEISER LOCK MEXICO,2026-10-01,SI,,,NO,
M-2026-012732,UTILIZADO,COMPROBADA / UTILIZADA,MARLENE MIRANDA,OPERADOR,QUIÑONES ARENAS JESUS ALEJANDRO,WEISER LOCK MEXICO,2026-10-01,SI,,,NO,
M-2026-012733,ASIGNADO_OPERADOR,CON QUIÑONES ARENAS JESUS ALEJANDRO,MARLENE MIRANDA,OPERADOR,QUIÑONES ARENAS JESUS ALEJANDRO,,,NO,,,NO,
M-2026-012734,UTILIZADO,COMPROBADA / UTILIZADA,MARLENE MIRANDA,OPERADOR,ARCE BARCELO LUIS RENE,ITT ICS,2026-10-01,SI,,,NO,
M-2026-012735,UTILIZADO,COMPROBADA / UTILIZADA,MARLENE MIRANDA,OPERADOR,ARCE BARCELO LUIS RENE,DORMAKABA,2026-10-02,SI,,,NO,
M-2026-012736,UTILIZADO,COMPROBADA / UTILIZADA,MARLENE MIRANDA,OPERADOR,ARCE BARCELO LUIS RENE,DORMAKABA,2026-10-02,SI,,,NO,
M-2026-012737,ASIGNADO_OPERADOR,CON ARCE BARCELO LUIS RENE,MARLENE MIRANDA,OPERADOR,ARCE BARCELO LUIS RENE,,,NO,,,NO,
M-2026-012738,UTILIZADO,COMPROBADA / UTILIZADA,MARLENE MIRANDA,OPERADOR,CURIEL CARRASCO PLACIDO,WEISER LOCK MEXICO,2026-10-02,SI,,,NO,
M-2026-012739,UTILIZADO,COMPROBADA / UTILIZADA,MARLENE MIRANDA,OPERADOR,CURIEL CARRASCO PLACIDO,WEISER LOCK MEXICO,2026-10-02,SI,,,NO,
M-2026-012740,EN_CUSTODIA,CUSTODIA: MARLENE MIRANDA,MARLENE MIRANDA,,,,,NO,,,NO,
M-2026-012741,UTILIZADO,COMPROBADA / UTILIZADA,MARLENE MIRANDA,BENEFICIARIO,MARIA,HUMANSCALE,2026-10-01,SI,,,NO,
M-2026-012742,UTILIZADO,COMPROBADA / UTILIZADA,MARLENE MIRANDA,BENEFICIARIO,MARIA,EDWARDS VACCUM,2026-10-02,SI,,,NO,
M-2026-012743,EN_CUSTODIA,CUSTODIA: MARLENE MIRANDA,MARLENE MIRANDA,,,,,NO,,,NO,
M-2026-012744,UTILIZADO,COMPROBADA / UTILIZADA,MARLENE MIRANDA,BENEFICIARIO,MARIA,HUMANSCALE,2026-10-02,NO,,,NO,
M-2026-012745,EN_CUSTODIA,CUSTODIA: MARLENE MIRANDA,MARLENE MIRANDA,,,,,NO,,,NO,
M-2026-012746,EN_CUSTODIA,CUSTODIA: MARLENE MIRANDA,MARLENE MIRANDA,,,,,NO,,,NO,
M-2026-012747,EN_CUSTODIA,CUSTODIA: MARLENE MIRANDA,MARLENE MIRANDA,,,,,NO,,,NO,
M-2026-012748,EN_CUSTODIA,CUSTODIA: MARLENE MIRANDA,MARLENE MIRANDA,,,,,NO,,,NO,
M-2026-012749,EN_CUSTODIA,CUSTODIA: MARLENE MIRANDA,MARLENE MIRANDA,,,,,NO,,,NO,
M-2026-012750,ASIGNADO_OPERADOR,CON ARCE BARCELO LUIS RENE,MARLENE MIRANDA,OPERADOR,ARCE BARCELO LUIS RENE,,,NO,,,NO,
M-2026-012751,UTILIZADO,COMPROBADA / UTILIZADA,MARLENE MIRANDA,OPERADOR,GAXIOLA WAR JOEL ALFREDO,WEISER LOCK MEXICO,2026-10-03,SI,,,NO,
M-2026-012752,UTILIZADO,COMPROBADA / UTILIZADA,MARLENE MIRANDA,OPERADOR,GAXIOLA WAR JOEL ALFREDO,WEISER LOCK MEXICO,2026-10-03,SI,,,NO,
M-2026-012753,ASIGNADO_OPERADOR,CON GAXIOLA WAR JOEL ALFREDO,MARLENE MIRANDA,OPERADOR,GAXIOLA WAR JOEL ALFREDO,,,NO,,,NO,
M-2026-012754,ASIGNADO_OPERADOR,CON PEREZ REYES JOSE GERARDO,MARLENE MIRANDA,OPERADOR,PEREZ REYES JOSE GERARDO,,,NO,,,NO,
M-2026-012755,ASIGNADO_OPERADOR,CON PEREZ REYES JOSE GERARDO,MARLENE MIRANDA,OPERADOR,PEREZ REYES JOSE GERARDO,,,NO,,,NO,
M-2026-012756,ASIGNADO_OPERADOR,CON PEREZ REYES JOSE GERARDO,MARLENE MIRANDA,OPERADOR,PEREZ REYES JOSE GERARDO,,,NO,,,NO,
M-2026-012757,ASIGNADO_OPERADOR,CON PEREZ REYES JOSE GERARDO,MARLENE MIRANDA,OPERADOR,PEREZ REYES JOSE GERARDO,,,NO,,,NO,
M-2026-012758,UTILIZADO,COMPROBADA / UTILIZADA,MARLENE MIRANDA,OPERADOR,CASTRO GUZMAN SALVADOR,INTEGRATED CABLE ASSEMBLY HOLDINGS,2026-10-02,SI,,,NO,
M-2026-012759,UTILIZADO,COMPROBADA / UTILIZADA,MARLENE MIRANDA,OPERADOR,CASTRO GUZMAN SALVADOR,INTEGRATED CABLE ASSEMBLY HOLDINGS,2026-10-02,SI,,,NO,
M-2026-012760,CANCELADO,CANCELADA,MARLENE MIRANDA,OPERADOR,CASTRO GUZMAN SALVADOR,,2026-10-03,NO,,,NO,
M-2026-012761,UTILIZADO,COMPROBADA / UTILIZADA,MARLENE MIRANDA,OPERADOR,SOTO CORRAL SERGIO,AMPHENOL OPTIMIZE MEXICO,2026-10-02,SI,,,NO,
M-2026-012762,UTILIZADO,COMPROBADA / UTILIZADA,MARLENE MIRANDA,OPERADOR,SOTO CORRAL SERGIO,AMPHENOL OPTIMIZE MEXICO,2026-10-02,SI,,,NO,
M-2026-012763,UTILIZADO,COMPROBADA / UTILIZADA,MARLENE MIRANDA,OPERADOR,SOTO CORRAL SERGIO,AMPHENOL OPTIMIZE MEXICO,2026-10-02,SI,,,NO,
M-2026-012764,UTILIZADO,COMPROBADA / UTILIZADA,MARLENE MIRANDA,OPERADOR,SOTO CORRAL SERGIO,PRODUCTOS PARA EL CUIDADO DE LA SALUD,2026-10-02,SI,,,NO,
M-2026-012765,ASIGNADO_OPERADOR,CON ARCE BARCELO LUIS RENE,MARLENE MIRANDA,OPERADOR,ARCE BARCELO LUIS RENE,,,NO,,,NO,
M-2026-012766,ASIGNADO_OPERADOR,CON ARCE BARCELO LUIS RENE,MARLENE MIRANDA,OPERADOR,ARCE BARCELO LUIS RENE,,,NO,,,NO,
M-2026-012767,ASIGNADO_OPERADOR,CON ARCE BARCELO LUIS RENE,MARLENE MIRANDA,OPERADOR,ARCE BARCELO LUIS RENE,,,NO,,,NO,
M-2026-012768,EN_CUSTODIA,CUSTODIA: MARLENE MIRANDA,MARLENE MIRANDA,,,,,NO,,,NO,
M-2026-012769,EN_CUSTODIA,CUSTODIA: MARLENE MIRANDA,MARLENE MIRANDA,,,,,NO,,,NO,
M-2026-012770,EN_CUSTODIA,CUSTODIA: MARLENE MIRANDA,MARLENE MIRANDA,,,,,NO,,,NO,
M-2026-012771,EN_CUSTODIA,CUSTODIA: MARLENE MIRANDA,MARLENE MIRANDA,,,,,NO,,,NO,
M-2026-012772,EN_CUSTODIA,CUSTODIA: MARLENE MIRANDA,MARLENE MIRANDA,,,,,NO,,,NO,
M-2026-012773,EN_CUSTODIA,CUSTODIA: MARLENE MIRANDA,MARLENE MIRANDA,,,,,NO,,,NO,
M-2026-012774,EN_CUSTODIA,CUSTODIA: MARLENE MIRANDA,MARLENE MIRANDA,,,,,NO,,,NO,
M-2026-012775,EN_CUSTODIA,CUSTODIA: MARLENE MIRANDA,MARLENE MIRANDA,,,,,NO,,,NO,
M-2026-012776,EN_CUSTODIA,CUSTODIA: MARLENE MIRANDA,MARLENE MIRANDA,,,,,NO,,,NO,
M-2026-012777,EN_CUSTODIA,CUSTODIA: MARLENE MIRANDA,MARLENE MIRANDA,,,,,NO,,,NO,
M-2026-012778,EN_CUSTODIA,CUSTODIA: MARLENE MIRANDA,MARLENE MIRANDA,,,,,NO,,,NO,
M-2026-012779,EN_CUSTODIA,CUSTODIA: MARLENE MIRANDA,MARLENE MIRANDA,,,,,NO,,,NO,
M-2026-012780,EN_CUSTODIA,CUSTODIA: MARLENE MIRANDA,MARLENE MIRANDA,,,,,NO,,,NO,
M-2026-012781,NUEVO,NUEVO,,,,,,NO,,,NO,
M-2026-012782,NUEVO,NUEVO,,,,,,NO,,,NO,
M-2026-012783,NUEVO,NUEVO,,,,,,NO,,,NO,
M-2026-012784,NUEVO,NUEVO,,,,,,NO,,,NO,
M-2026-012785,NUEVO,NUEVO,,,,,,NO,,,NO,
M-2026-012786,NUEVO,NUEVO,,,,,,NO,,,NO,
M-2026-012787,NUEVO,NUEVO,,,,,,NO,,,NO,
M-2026-012788,NUEVO,NUEVO,,,,,,NO,,,NO,
M-2026-012789,NUEVO,NUEVO,,,,,,NO,,,NO,
M-2026-012790,NUEVO,NUEVO,,,,,,NO,,,NO,
M-2026-012791,NUEVO,NUEVO,,,,,,NO,,,NO,
M-2026-012792,NUEVO,NUEVO,,,,,,NO,,,NO,
M-2026-012793,NUEVO,NUEVO,,,,,,NO,,,NO,
M-2026-012794,NUEVO,NUEVO,,,,,,NO,,,NO,
M-2026-012795,NUEVO,NUEVO,,,,,,NO,,,NO,
M-2026-012796,NUEVO,NUEVO,,,,,,NO,,,NO,
M-2026-012797,NUEVO,NUEVO,,,,,,NO,,,NO,
M-2026-012798,NUEVO,NUEVO,,,,,,NO,,,NO,
M-2026-012799,NUEVO,NUEVO,,,,,,NO,,,NO,
M-2026-012800,NUEVO,NUEVO,,,,,,NO,,,NO,
M-2026-012801,NUEVO,NUEVO,,,,,,NO,,,NO,
M-2026-012802,NUEVO,NUEVO,,,,,,NO,,,NO,
M-2026-012803,NUEVO,NUEVO,,,,,,NO,,,NO,
M-2026-012804,NUEVO,NUEVO,,,,,,NO,,,NO,
M-2026-012805,NUEVO,NUEVO,,,,,,NO,,,NO,
M-2026-012806,NUEVO,NUEVO,,,,,,NO,,,NO,
M-2026-012807,NUEVO,NUEVO,,,,,,NO,,,NO,
M-2026-012808,NUEVO,NUEVO,,,,,,NO,,,NO,
M-2026-012809,NUEVO,NUEVO,,,,,,NO,,,NO,
M-2026-012810,NUEVO,NUEVO,,,,,,NO,,,NO,
M-2026-012811,NUEVO,NUEVO,,,,,,NO,,,NO,
M-2026-012812,NUEVO,NUEVO,,,,,,NO,,,NO,
M-2026-012813,NUEVO,NUEVO,,,,,,NO,,,NO,
M-2026-012814,NUEVO,NUEVO,,,,,,NO,,,NO,
M-2026-012815,NUEVO,NUEVO,,,,,,NO,,,NO,
M-2026-012816,NUEVO,NUEVO,,,,,,NO,,,NO,
M-2026-012817,NUEVO,NUEVO,,,,,,NO,,,NO,
M-2026-012818,NUEVO,NUEVO,,,,,,NO,,,NO,
M-2026-012819,NUEVO,NUEVO,,,,,,NO,,,NO,
M-2026-012820,NUEVO,NUEVO,,,,,,NO,,,NO,
M-2026-012821,NUEVO,NUEVO,,,,,,NO,,,NO,
M-2026-012822,NUEVO,NUEVO,,,,,,NO,,,NO,
M-2026-012823,NUEVO,NUEVO,,,,,,NO,,,NO,
M-2026-012824,NUEVO,NUEVO,,,,,,NO,,,NO,
M-2026-012825,NUEVO,NUEVO,,,,,,NO,,,NO,
M-2026-012826,NUEVO,NUEVO,,,,,,NO,,,NO,
M-2026-012827,NUEVO,NUEVO,,,,,,NO,,,NO,
M-2026-012828,NUEVO,NUEVO,,,,,,NO,,,NO,
M-2026-012829,NUEVO,NUEVO,,,,,,NO,,,NO,
M-2026-012830,NUEVO,NUEVO,,,,,,NO,,,NO,
M-2026-012831,NUEVO,NUEVO,,,,,,NO,,,NO,
M-2026-012832,NUEVO,NUEVO,,,,,,NO,,,NO,
M-2026-012833,NUEVO,NUEVO,,,,,,NO,,,NO,
M-2026-012834,NUEVO,NUEVO,,,,,,NO,,,NO,
M-2026-012835,NUEVO,NUEVO,,,,,,NO,,,NO,
M-2026-012836,NUEVO,NUEVO,,,,,,NO,,,NO,
M-2026-012837,NUEVO,NUEVO,,,,,,NO,,,NO,
M-2026-012838,NUEVO,NUEVO,,,,,,NO,,,NO,
M-2026-012839,NUEVO,NUEVO,,,,,,NO,,,NO,
M-2026-012840,NUEVO,NUEVO,,,,,,NO,,,NO,
M-2026-012841,NUEVO,NUEVO,,,,,,NO,,,NO,
M-2026-012842,NUEVO,NUEVO,,,,,,NO,,,NO,
M-2026-012843,NUEVO,NUEVO,,,,,,NO,,,NO,
M-2026-012844,NUEVO,NUEVO,,,,,,NO,,,NO,
M-2026-012845,NUEVO,NUEVO,,,,,,NO,,,NO,
M-2026-012846,NUEVO,NUEVO,,,,,,NO,,,NO,
M-2026-012847,NUEVO,NUEVO,,,,,,NO,,,NO,
M-2026-012848,NUEVO,NUEVO,,,,,,NO,,,NO,
M-2026-012849,NUEVO,NUEVO,,,,,,NO,,,NO,
M-2026-012850,NUEVO,NUEVO,,,,,,NO,,,NO,
M-2026-012851,NUEVO,NUEVO,,,,,,NO,,,NO,
M-2026-012852,NUEVO,NUEVO,,,,,,NO,,,NO,
M-2026-012853,NUEVO,NUEVO,,,,,,NO,,,NO,
M-2026-012854,NUEVO,NUEVO,,,,,,NO,,,NO,
M-2026-012855,NUEVO,NUEVO,,,,,,NO,,,NO,
M-2026-012856,NUEVO,NUEVO,,,,,,NO,,,NO,
M-2026-012857,NUEVO,NUEVO,,,,,,NO,,,NO,
M-2026-012858,NUEVO,NUEVO,,,,,,NO,,,NO,
M-2026-012859,NUEVO,NUEVO,,,,,,NO,,,NO,
M-2026-012860,NUEVO,NUEVO,,,,,,NO,,,NO,
M-2026-012861,NUEVO,NUEVO,,,,,,NO,,,NO,
M-2026-012862,NUEVO,NUEVO,,,,,,NO,,,NO,
M-2026-012863,NUEVO,NUEVO,,,,,,NO,,,NO,
M-2026-012864,NUEVO,NUEVO,,,,,,NO,,,NO,
M-2026-012865,NUEVO,NUEVO,,,,,,NO,,,NO,
M-2026-012866,NUEVO,NUEVO,,,,,,NO,,,NO,
M-2026-012867,NUEVO,NUEVO,,,,,,NO,,,NO,
M-2026-012868,NUEVO,NUEVO,,,,,,NO,,,NO,
M-2026-012869,NUEVO,NUEVO,,,,,,NO,,,NO,
M-2026-012870,NUEVO,NUEVO,,,,,,NO,,,NO,
M-2026-012871,NUEVO,NUEVO,,,,,,NO,,,NO,
M-2026-012872,NUEVO,NUEVO,,,,,,NO,,,NO,
M-2026-012873,NUEVO,NUEVO,,,,,,NO,,,NO,
M-2026-012874,NUEVO,NUEVO,,,,,,NO,,,NO,
M-2026-012875,NUEVO,NUEVO,,,,,,NO,,,NO,
M-2026-012876,NUEVO,NUEVO,,,,,,NO,,,NO,
M-2026-012877,NUEVO,NUEVO,,,,,,NO,,,NO,
M-2026-012878,NUEVO,NUEVO,,,,,,NO,,,NO,
M-2026-012879,NUEVO,NUEVO,,,,,,NO,,,NO,
M-2026-012880,NUEVO,NUEVO,,,,,,NO,,,NO,
M-2026-012881,NUEVO,NUEVO,,,,,,NO,,,NO,
M-2026-012882,NUEVO,NUEVO,,,,,,NO,,,NO,
M-2026-012883,NUEVO,NUEVO,,,,,,NO,,,NO,
M-2026-012884,NUEVO,NUEVO,,,,,,NO,,,NO,
M-2026-012885,NUEVO,NUEVO,,,,,,NO,,,NO,
M-2026-012886,NUEVO,NUEVO,,,,,,NO,,,NO,
M-2026-012887,NUEVO,NUEVO,,,,,,NO,,,NO,
M-2026-012888,NUEVO,NUEVO,,,,,,NO,,,NO,
M-2026-012889,NUEVO,NUEVO,,,,,,NO,,,NO,
M-2026-012890,NUEVO,NUEVO,,,,,,NO,,,NO,
M-2026-012891,NUEVO,NUEVO,,,,,,NO,,,NO,
M-2026-012892,NUEVO,NUEVO,,,,,,NO,,,NO,
M-2026-012893,NUEVO,NUEVO,,,,,,NO,,,NO,
M-2026-012894,NUEVO,NUEVO,,,,,,NO,,,NO,
M-2026-012895,NUEVO,NUEVO,,,,,,NO,,,NO,
M-2026-012896,NUEVO,NUEVO,,,,,,NO,,,NO,
M-2026-012897,NUEVO,NUEVO,,,,,,NO,,,NO,
M-2026-012898,NUEVO,NUEVO,,,,,,NO,,,NO,
M-2026-012899,NUEVO,NUEVO,,,,,,NO,,,NO,
M-2026-012900,NUEVO,NUEVO,,,,,,NO,,,NO,
M-2026-012901,NUEVO,NUEVO,,,,,,NO,,,NO,
M-2026-012902,NUEVO,NUEVO,,,,,,NO,,,NO,
M-2026-012903,NUEVO,NUEVO,,,,,,NO,,,NO,
M-2026-012904,NUEVO,NUEVO,,,,,,NO,,,NO,
M-2026-012905,NUEVO,NUEVO,,,,,,NO,,,NO,
M-2026-012906,NUEVO,NUEVO,,,,,,NO,,,NO,
M-2026-012907,NUEVO,NUEVO,,,,,,NO,,,NO,
M-2026-012908,NUEVO,NUEVO,,,,,,NO,,,NO,
M-2026-012909,NUEVO,NUEVO,,,,,,NO,,,NO,
M-2026-012910,NUEVO,NUEVO,,,,,,NO,,,NO,
M-2026-012911,NUEVO,NUEVO,,,,,,NO,,,NO,
M-2026-012912,NUEVO,NUEVO,,,,,,NO,,,NO,
M-2026-012913,NUEVO,NUEVO,,,,,,NO,,,NO,
M-2026-012914,NUEVO,NUEVO,,,,,,NO,,,NO,
M-2026-012915,NUEVO,NUEVO,,,,,,NO,,,NO,
M-2026-012916,NUEVO,NUEVO,,,,,,NO,,,NO,
M-2026-012917,NUEVO,NUEVO,,,,,,NO,,,NO,
M-2026-012918,NUEVO,NUEVO,,,,,,NO,,,NO,
M-2026-012919,NUEVO,NUEVO,,,,,,NO,,,NO,
M-2026-012920,NUEVO,NUEVO,,,,,,NO,,,NO,
M-2026-012921,NUEVO,NUEVO,,,,,,NO,,,NO,
M-2026-012922,NUEVO,NUEVO,,,,,,NO,,,NO,
M-2026-012923,NUEVO,NUEVO,,,,,,NO,,,NO,
M-2026-012924,NUEVO,NUEVO,,,,,,NO,,,NO,
M-2026-012925,NUEVO,NUEVO,,,,,,NO,,,NO,
M-2026-012926,NUEVO,NUEVO,,,,,,NO,,,NO,
M-2026-012927,NUEVO,NUEVO,,,,,,NO,,,NO,
M-2026-012928,NUEVO,NUEVO,,,,,,NO,,,NO,
M-2026-012929,NUEVO,NUEVO,,,,,,NO,,,NO,
M-2026-012930,NUEVO,NUEVO,,,,,,NO,,,NO,
M-2026-012931,NUEVO,NUEVO,,,,,,NO,,,NO,
M-2026-012932,NUEVO,NUEVO,,,,,,NO,,,NO,
M-2026-012933,NUEVO,NUEVO,,,,,,NO,,,NO,
M-2026-012934,NUEVO,NUEVO,,,,,,NO,,,NO,
M-2026-012935,NUEVO,NUEVO,,,,,,NO,,,NO,
M-2026-012936,NUEVO,NUEVO,,,,,,NO,,,NO,
M-2026-012937,NUEVO,NUEVO,,,,,,NO,,,NO,
M-2026-012938,NUEVO,NUEVO,,,,,,NO,,,NO,
M-2026-012939,NUEVO,NUEVO,,,,,,NO,,,NO,
M-2026-012940,NUEVO,NUEVO,,,,,,NO,,,NO,
M-2026-012941,NUEVO,NUEVO,,,,,,NO,,,NO,
M-2026-012942,NUEVO,NUEVO,,,,,,NO,,,NO,
M-2026-012943,NUEVO,NUEVO,,,,,,NO,,,NO,
M-2026-012944,NUEVO,NUEVO,,,,,,NO,,,NO,
M-2026-012945,NUEVO,NUEVO,,,,,,NO,,,NO,
M-2026-012946,NUEVO,NUEVO,,,,,,NO,,,NO,
M-2026-012947,NUEVO,NUEVO,,,,,,NO,,,NO,
M-2026-012948,NUEVO,NUEVO,,,,,,NO,,,NO,
M-2026-012949,NUEVO,NUEVO,,,,,,NO,,,NO,
M-2026-012950,NUEVO,NUEVO,,,,,,NO,,,NO,
M-2026-012951,NUEVO,NUEVO,,,,,,NO,,,NO,
M-2026-012952,NUEVO,NUEVO,,,,,,NO,,,NO,
M-2026-012953,NUEVO,NUEVO,,,,,,NO,,,NO,
M-2026-012954,NUEVO,NUEVO,,,,,,NO,,,NO,
M-2026-012955,NUEVO,NUEVO,,,,,,NO,,,NO,
M-2026-012956,NUEVO,NUEVO,,,,,,NO,,,NO,
M-2026-012957,NUEVO,NUEVO,,,,,,NO,,,NO,
M-2026-012958,NUEVO,NUEVO,,,,,,NO,,,NO,
M-2026-012959,NUEVO,NUEVO,,,,,,NO,,,NO,
M-2026-012960,NUEVO,NUEVO,,,,,,NO,,,NO,
M-2026-012961,NUEVO,NUEVO,,,,,,NO,,,NO,
M-2026-012962,NUEVO,NUEVO,,,,,,NO,,,NO,
M-2026-012963,NUEVO,NUEVO,,,,,,NO,,,NO,
M-2026-012964,NUEVO,NUEVO,,,,,,NO,,,NO,
M-2026-012965,NUEVO,NUEVO,,,,,,NO,,,NO,
M-2026-012966,NUEVO,NUEVO,,,,,,NO,,,NO,
M-2026-012967,NUEVO,NUEVO,,,,,,NO,,,NO,
M-2026-012968,NUEVO,NUEVO,,,,,,NO,,,NO,
M-2026-012969,NUEVO,NUEVO,,,,,,NO,,,NO,
M-2026-012970,NUEVO,NUEVO,,,,,,NO,,,NO,
M-2026-012971,NUEVO,NUEVO,,,,,,NO,,,NO,
M-2026-012972,NUEVO,NUEVO,,,,,,NO,,,NO,
M-2026-012973,NUEVO,NUEVO,,,,,,NO,,,NO,
M-2026-012974,NUEVO,NUEVO,,,,,,NO,,,NO,
M-2026-012975,NUEVO,NUEVO,,,,,,NO,,,NO,
M-2026-012976,NUEVO,NUEVO,,,,,,NO,,,NO,
M-2026-012977,NUEVO,NUEVO,,,,,,NO,,,NO,
M-2026-012978,NUEVO,NUEVO,,,,,,NO,,,NO,
M-2026-012979,NUEVO,NUEVO,,,,,,NO,,,NO,
M-2026-012980,NUEVO,NUEVO,,,,,,NO,,,NO,
M-2026-012981,NUEVO,NUEVO,,,,,,NO,,,NO,
M-2026-012982,NUEVO,NUEVO,,,,,,NO,,,NO,
M-2026-012983,NUEVO,NUEVO,,,,,,NO,,,NO,
M-2026-012984,NUEVO,NUEVO,,,,,,NO,,,NO,
M-2026-012985,NUEVO,NUEVO,,,,,,NO,,,NO,
M-2026-012986,NUEVO,NUEVO,,,,,,NO,,,NO,
M-2026-012987,NUEVO,NUEVO,,,,,,NO,,,NO,
M-2026-012988,NUEVO,NUEVO,,,,,,NO,,,NO,
M-2026-012989,NUEVO,NUEVO,,,,,,NO,,,NO,
M-2026-012990,NUEVO,NUEVO,,,,,,NO,,,NO,
M-2026-012991,NUEVO,NUEVO,,,,,,NO,,,NO,
M-2026-012992,NUEVO,NUEVO,,,,,,NO,,,NO,
M-2026-012993,NUEVO,NUEVO,,,,,,NO,,,NO,
M-2026-012994,NUEVO,NUEVO,,,,,,NO,,,NO,
M-2026-012995,NUEVO,NUEVO,,,,,,NO,,,NO,
M-2026-012996,NUEVO,NUEVO,,,,,,NO,,,NO,
M-2026-012997,NUEVO,NUEVO,,,,,,NO,,,NO,
M-2026-012998,NUEVO,NUEVO,,,,,,NO,,,NO,
M-2026-012999,NUEVO,NUEVO,,,,,,NO,,,NO,
M-2026-013000,NUEVO,NUEVO,,,,,,NO,,,NO,
M-2026-013001,ASIGNADO_OPERADOR,CON ARCE BARCELO LUIS RENE,MARLENE MIRANDA,OPERADOR,ARCE BARCELO LUIS RENE,,,NO,,,NO,
M-2026-013002,ASIGNADO_OPERADOR,CON INZUNZA MONTOYA NOEL,MARLENE MIRANDA,OPERADOR,INZUNZA MONTOYA NOEL,,,NO,,,NO,
M-2026-013003,ASIGNADO_OPERADOR,CON INZUNZA MONTOYA NOEL,MARLENE MIRANDA,OPERADOR,INZUNZA MONTOYA NOEL,,,NO,,,NO,
M-2026-013004,UTILIZADO,COMPROBADA / UTILIZADA,MARLENE MIRANDA,OPERADOR,CURIEL CARRASCO PLACIDO,WEISER LOCK MEXICO,2026-10-02,SI,,,NO,
M-2026-013005,UTILIZADO,COMPROBADA / UTILIZADA,MARLENE MIRANDA,OPERADOR,LEAL IBAL JOSE LUIS,EDWARDS VACCUM,2026-10-02,SI,,,NO,
M-2026-013006,UTILIZADO,COMPROBADA / UTILIZADA,MARLENE MIRANDA,OPERADOR,LEAL IBAL JOSE LUIS,EDWARDS VACCUM,2026-10-02,SI,,,NO,
M-2026-013007,ASIGNADO_OPERADOR,CON LEAL IBAL JOSE LUIS,MARLENE MIRANDA,OPERADOR,LEAL IBAL JOSE LUIS,,,NO,,,NO,
M-2026-013008,UTILIZADO,COMPROBADA / UTILIZADA,MARLENE MIRANDA,OPERADOR,ORTIZ GARCIA CANDELARIO,PRODUCTOS PARA EL CUIDADO DE LA SALUD,2026-10-02,SI,,,NO,
M-2026-013009,ASIGNADO_OPERADOR,CON ORTIZ GARCIA CANDELARIO,MARLENE MIRANDA,OPERADOR,ORTIZ GARCIA CANDELARIO,,,NO,,,NO,
M-2026-013010,ASIGNADO_OPERADOR,CON ORTIZ GARCIA CANDELARIO,MARLENE MIRANDA,OPERADOR,ORTIZ GARCIA CANDELARIO,,,NO,,,NO,
M-2026-013011,UTILIZADO,COMPROBADA / UTILIZADA,MARLENE MIRANDA,OPERADOR,PEREZ REYES JOSE GERARDO,EDWARDS VACCUM,2026-10-01,SI,,,NO,
M-2026-013012,UTILIZADO,COMPROBADA / UTILIZADA,MARLENE MIRANDA,OPERADOR,PEREZ REYES JOSE GERARDO,EDWARDS VACCUM,2026-10-01,SI,,,NO,
M-2026-013013,UTILIZADO,COMPROBADA / UTILIZADA,MARLENE MIRANDA,OPERADOR,PEREZ REYES JOSE GERARDO,EDWARDS VACCUM,2026-10-01,SI,,,NO,
M-2026-013014,ASIGNADO_OPERADOR,CON MARQUEZ ROMERO OMAR HORACIO,MARLENE MIRANDA,OPERADOR,MARQUEZ ROMERO OMAR HORACIO,,,NO,,,NO,
M-2026-013015,ASIGNADO_OPERADOR,CON MARQUEZ ROMERO OMAR HORACIO,MARLENE MIRANDA,OPERADOR,MARQUEZ ROMERO OMAR HORACIO,,,NO,,,NO,
M-2026-013016,UTILIZADO,COMPROBADA / UTILIZADA,MARLENE MIRANDA,OPERADOR,GAXIOLA WAR JOEL ALFREDO,WEISER LOCK MEXICO,2026-10-02,SI,,,NO,
M-2026-013017,UTILIZADO,COMPROBADA / UTILIZADA,MARLENE MIRANDA,OPERADOR,GAXIOLA WAR JOEL ALFREDO,WEISER LOCK MEXICO,2026-10-02,SI,,,NO,
M-2026-013018,UTILIZADO,COMPROBADA / UTILIZADA,MARLENE MIRANDA,OPERADOR,GAXIOLA WAR JOEL ALFREDO,WEISER LOCK MEXICO,2026-10-02,SI,,,NO,
M-2026-013019,UTILIZADO,COMPROBADA / UTILIZADA,MARLENE MIRANDA,OPERADOR,HERNANDEZ ARIAS HUGO,WESTMED DE MEXICO,2026-10-02,SI,,,NO,
M-2026-013020,ASIGNADO_OPERADOR,CON HERNANDEZ ARIAS HUGO,MARLENE MIRANDA,OPERADOR,HERNANDEZ ARIAS HUGO,,,NO,,,NO,
M-2026-013021,NUEVO,NUEVO,,,,,,NO,,,NO,
M-2026-013022,NUEVO,NUEVO,,,,,,NO,,,NO,
M-2026-013023,NUEVO,NUEVO,,,,,,NO,,,NO,
M-2026-013024,NUEVO,NUEVO,,,,,,NO,,,NO,
M-2026-013025,NUEVO,NUEVO,,,,,,NO,,,NO,
M-2026-013026,NUEVO,NUEVO,,,,,,NO,,,NO,
M-2026-013027,NUEVO,NUEVO,,,,,,NO,,,NO,
M-2026-013028,NUEVO,NUEVO,,,,,,NO,,,NO,
M-2026-013029,NUEVO,NUEVO,,,,,,NO,,,NO,
M-2026-013030,NUEVO,NUEVO,,,,,,NO,,,NO,
M-2026-013031,NUEVO,NUEVO,,,,,,NO,,,NO,
M-2026-013032,NUEVO,NUEVO,,,,,,NO,,,NO,
M-2026-013033,NUEVO,NUEVO,,,,,,NO,,,NO,
M-2026-013034,NUEVO,NUEVO,,,,,,NO,,,NO,
M-2026-013035,NUEVO,NUEVO,,,,,,NO,,,NO,
M-2026-013036,NUEVO,NUEVO,,,,,,NO,,,NO,
M-2026-013037,NUEVO,NUEVO,,,,,,NO,,,NO,
M-2026-013038,NUEVO,NUEVO,,,,,,NO,,,NO,
M-2026-013039,NUEVO,NUEVO,,,,,,NO,,,NO,
M-2026-013040,NUEVO,NUEVO,,,,,,NO,,,NO,
M-2026-013041,NUEVO,NUEVO,,,,,,NO,,,NO,
M-2026-013042,NUEVO,NUEVO,,,,,,NO,,,NO,
M-2026-013043,NUEVO,NUEVO,,,,,,NO,,,NO,
M-2026-013044,NUEVO,NUEVO,,,,,,NO,,,NO,
M-2026-013045,NUEVO,NUEVO,,,,,,NO,,,NO,
M-2026-013046,NUEVO,NUEVO,,,,,,NO,,,NO,
M-2026-013047,NUEVO,NUEVO,,,,,,NO,,,NO,
M-2026-013048,NUEVO,NUEVO,,,,,,NO,,,NO,
M-2026-013049,NUEVO,NUEVO,,,,,,NO,,,NO,
M-2026-013050,NUEVO,NUEVO,,,,,,NO,,,NO,
M-2026-013051,NUEVO,NUEVO,,,,,,NO,,,NO,
M-2026-013052,NUEVO,NUEVO,,,,,,NO,,,NO,
M-2026-013053,NUEVO,NUEVO,,,,,,NO,,,NO,
M-2026-013054,NUEVO,NUEVO,,,,,,NO,,,NO,
M-2026-013055,NUEVO,NUEVO,,,,,,NO,,,NO,
M-2026-013056,NUEVO,NUEVO,,,,,,NO,,,NO,
M-2026-013057,NUEVO,NUEVO,,,,,,NO,,,NO,
M-2026-013058,NUEVO,NUEVO,,,,,,NO,,,NO,
M-2026-013059,NUEVO,NUEVO,,,,,,NO,,,NO,
M-2026-013060,NUEVO,NUEVO,,,,,,NO,,,NO,
M-2026-013061,NUEVO,NUEVO,,,,,,NO,,,NO,
M-2026-013062,NUEVO,NUEVO,,,,,,NO,,,NO,
M-2026-013063,NUEVO,NUEVO,,,,,,NO,,,NO,
M-2026-013064,NUEVO,NUEVO,,,,,,NO,,,NO,
M-2026-013065,NUEVO,NUEVO,,,,,,NO,,,NO,
M-2026-013066,NUEVO,NUEVO,,,,,,NO,,,NO,
M-2026-013067,NUEVO,NUEVO,,,,,,NO,,,NO,
M-2026-013068,NUEVO,NUEVO,,,,,,NO,,,NO,
M-2026-013069,NUEVO,NUEVO,,,,,,NO,,,NO,
M-2026-013070,NUEVO,NUEVO,,,,,,NO,,,NO,
M-2026-013071,NUEVO,NUEVO,,,,,,NO,,,NO,
M-2026-013072,NUEVO,NUEVO,,,,,,NO,,,NO,
M-2026-013073,NUEVO,NUEVO,,,,,,NO,,,NO,
M-2026-013074,NUEVO,NUEVO,,,,,,NO,,,NO,
M-2026-013075,NUEVO,NUEVO,,,,,,NO,,,NO,
M-2026-013076,NUEVO,NUEVO,,,,,,NO,,,NO,
M-2026-013077,NUEVO,NUEVO,,,,,,NO,,,NO,
M-2026-013078,NUEVO,NUEVO,,,,,,NO,,,NO,
M-2026-013079,NUEVO,NUEVO,,,,,,NO,,,NO,
M-2026-013080,NUEVO,NUEVO,,,,,,NO,,,NO,
M-2026-013081,NUEVO,NUEVO,,,,,,NO,,,NO,
M-2026-013082,NUEVO,NUEVO,,,,,,NO,,,NO,
M-2026-013083,NUEVO,NUEVO,,,,,,NO,,,NO,
M-2026-013084,NUEVO,NUEVO,,,,,,NO,,,NO,
M-2026-013085,NUEVO,NUEVO,,,,,,NO,,,NO,
M-2026-013086,NUEVO,NUEVO,,,,,,NO,,,NO,
M-2026-013087,NUEVO,NUEVO,,,,,,NO,,,NO,
M-2026-013088,NUEVO,NUEVO,,,,,,NO,,,NO,
M-2026-013089,NUEVO,NUEVO,,,,,,NO,,,NO,
M-2026-013090,NUEVO,NUEVO,,,,,,NO,,,NO,
M-2026-013091,NUEVO,NUEVO,,,,,,NO,,,NO,
M-2026-013092,NUEVO,NUEVO,,,,,,NO,,,NO,
M-2026-013093,NUEVO,NUEVO,,,,,,NO,,,NO,
M-2026-013094,NUEVO,NUEVO,,,,,,NO,,,NO,
M-2026-013095,NUEVO,NUEVO,,,,,,NO,,,NO,
M-2026-013096,NUEVO,NUEVO,,,,,,NO,,,NO,
M-2026-013097,NUEVO,NUEVO,,,,,,NO,,,NO,
M-2026-013098,NUEVO,NUEVO,,,,,,NO,,,NO,
M-2026-013099,NUEVO,NUEVO,,,,,,NO,,,NO,
M-2026-013100,NUEVO,NUEVO,,,,,,NO,,,NO,
M-2026-013101,NUEVO,NUEVO,,,,,,NO,,,NO,
M-2026-013102,NUEVO,NUEVO,,,,,,NO,,,NO,
M-2026-013103,NUEVO,NUEVO,,,,,,NO,,,NO,
M-2026-013104,NUEVO,NUEVO,,,,,,NO,,,NO,
M-2026-013105,NUEVO,NUEVO,,,,,,NO,,,NO,
M-2026-013106,NUEVO,NUEVO,,,,,,NO,,,NO,
M-2026-013107,NUEVO,NUEVO,,,,,,NO,,,NO,
M-2026-013108,NUEVO,NUEVO,,,,,,NO,,,NO,
M-2026-013109,NUEVO,NUEVO,,,,,,NO,,,NO,
M-2026-013110,NUEVO,NUEVO,,,,,,NO,,,NO,
M-2026-013111,NUEVO,NUEVO,,,,,,NO,,,NO,
M-2026-013112,NUEVO,NUEVO,,,,,,NO,,,NO,
M-2026-013113,NUEVO,NUEVO,,,,,,NO,,,NO,
M-2026-013114,NUEVO,NUEVO,,,,,,NO,,,NO,
M-2026-013115,NUEVO,NUEVO,,,,,,NO,,,NO,
M-2026-013116,NUEVO,NUEVO,,,,,,NO,,,NO,
M-2026-013117,NUEVO,NUEVO,,,,,,NO,,,NO,
M-2026-013118,NUEVO,NUEVO,,,,,,NO,,,NO,
M-2026-013119,NUEVO,NUEVO,,,,,,NO,,,NO,
M-2026-013120,NUEVO,NUEVO,,,,,,NO,,,NO,
M-2026-013121,NUEVO,NUEVO,,,,,,NO,,,NO,
M-2026-013122,NUEVO,NUEVO,,,,,,NO,,,NO,
M-2026-013123,NUEVO,NUEVO,,,,,,NO,,,NO,
M-2026-013124,NUEVO,NUEVO,,,,,,NO,,,NO,
M-2026-013125,NUEVO,NUEVO,,,,,,NO,,,NO,
M-2026-013126,NUEVO,NUEVO,,,,,,NO,,,NO,
M-2026-013127,NUEVO,NUEVO,,,,,,NO,,,NO,
M-2026-013128,NUEVO,NUEVO,,,,,,NO,,,NO,
M-2026-013129,NUEVO,NUEVO,,,,,,NO,,,NO,
M-2026-013130,NUEVO,NUEVO,,,,,,NO,,,NO,
M-2026-013131,NUEVO,NUEVO,,,,,,NO,,,NO,
M-2026-013132,NUEVO,NUEVO,,,,,,NO,,,NO,
M-2026-013133,NUEVO,NUEVO,,,,,,NO,,,NO,
M-2026-013134,NUEVO,NUEVO,,,,,,NO,,,NO,
M-2026-013135,NUEVO,NUEVO,,,,,,NO,,,NO,
M-2026-013136,NUEVO,NUEVO,,,,,,NO,,,NO,
M-2026-013137,NUEVO,NUEVO,,,,,,NO,,,NO,
M-2026-013138,NUEVO,NUEVO,,,,,,NO,,,NO,
M-2026-013139,NUEVO,NUEVO,,,,,,NO,,,NO,
M-2026-013140,NUEVO,NUEVO,,,,,,NO,,,NO,
M-2026-013141,NUEVO,NUEVO,,,,,,NO,,,NO,
M-2026-013142,NUEVO,NUEVO,,,,,,NO,,,NO,
M-2026-013143,NUEVO,NUEVO,,,,,,NO,,,NO,
M-2026-013144,NUEVO,NUEVO,,,,,,NO,,,NO,
M-2026-013145,NUEVO,NUEVO,,,,,,NO,,,NO,
M-2026-013146,NUEVO,NUEVO,,,,,,NO,,,NO,
M-2026-013147,NUEVO,NUEVO,,,,,,NO,,,NO,
M-2026-013148,NUEVO,NUEVO,,,,,,NO,,,NO,
M-2026-013149,NUEVO,NUEVO,,,,,,NO,,,NO,
M-2026-013150,NUEVO,NUEVO,,,,,,NO,,,NO,
M-2026-013151,NUEVO,NUEVO,,,,,,NO,,,NO,
M-2026-013152,NUEVO,NUEVO,,,,,,NO,,,NO,
M-2026-013153,NUEVO,NUEVO,,,,,,NO,,,NO,
M-2026-013154,NUEVO,NUEVO,,,,,,NO,,,NO,
M-2026-013155,NUEVO,NUEVO,,,,,,NO,,,NO,
M-2026-013156,NUEVO,NUEVO,,,,,,NO,,,NO,
M-2026-013157,NUEVO,NUEVO,,,,,,NO,,,NO,
M-2026-013158,NUEVO,NUEVO,,,,,,NO,,,NO,
M-2026-013159,NUEVO,NUEVO,,,,,,NO,,,NO,
M-2026-013160,NUEVO,NUEVO,,,,,,NO,,,NO,
M-2026-013161,NUEVO,NUEVO,,,,,,NO,,,NO,
M-2026-013162,NUEVO,NUEVO,,,,,,NO,,,NO,
M-2026-013163,NUEVO,NUEVO,,,,,,NO,,,NO,
M-2026-013164,NUEVO,NUEVO,,,,,,NO,,,NO,
M-2026-013165,NUEVO,NUEVO,,,,,,NO,,,NO,
M-2026-013166,NUEVO,NUEVO,,,,,,NO,,,NO,
M-2026-013167,NUEVO,NUEVO,,,,,,NO,,,NO,
M-2026-013168,NUEVO,NUEVO,,,,,,NO,,,NO,
M-2026-013169,NUEVO,NUEVO,,,,,,NO,,,NO,
M-2026-013170,NUEVO,NUEVO,,,,,,NO,,,NO,
M-2026-013171,NUEVO,NUEVO,,,,,,NO,,,NO,
M-2026-013172,NUEVO,NUEVO,,,,,,NO,,,NO,
M-2026-013173,NUEVO,NUEVO,,,,,,NO,,,NO,
M-2026-013174,NUEVO,NUEVO,,,,,,NO,,,NO,
M-2026-013175,NUEVO,NUEVO,,,,,,NO,,,NO,
M-2026-013176,NUEVO,NUEVO,,,,,,NO,,,NO,
M-2026-013177,NUEVO,NUEVO,,,,,,NO,,,NO,
M-2026-013178,NUEVO,NUEVO,,,,,,NO,,,NO,
M-2026-013179,NUEVO,NUEVO,,,,,,NO,,,NO,
M-2026-013180,NUEVO,NUEVO,,,,,,NO,,,NO,
M-2026-013181,NUEVO,NUEVO,,,,,,NO,,,NO,
M-2026-013182,NUEVO,NUEVO,,,,,,NO,,,NO,
M-2026-013183,NUEVO,NUEVO,,,,,,NO,,,NO,
M-2026-013184,NUEVO,NUEVO,,,,,,NO,,,NO,
M-2026-013185,NUEVO,NUEVO,,,,,,NO,,,NO,
M-2026-013186,NUEVO,NUEVO,,,,,,NO,,,NO,
M-2026-013187,NUEVO,NUEVO,,,,,,NO,,,NO,
M-2026-013188,NUEVO,NUEVO,,,,,,NO,,,NO,
M-2026-013189,NUEVO,NUEVO,,,,,,NO,,,NO,
M-2026-013190,NUEVO,NUEVO,,,,,,NO,,,NO,
M-2026-013191,NUEVO,NUEVO,,,,,,NO,,,NO,
M-2026-013192,NUEVO,NUEVO,,,,,,NO,,,NO,
M-2026-013193,NUEVO,NUEVO,,,,,,NO,,,NO,
M-2026-013194,NUEVO,NUEVO,,,,,,NO,,,NO,
M-2026-013195,NUEVO,NUEVO,,,,,,NO,,,NO,
M-2026-013196,NUEVO,NUEVO,,,,,,NO,,,NO,
M-2026-013197,NUEVO,NUEVO,,,,,,NO,,,NO,
M-2026-013198,NUEVO,NUEVO,,,,,,NO,,,NO,
M-2026-013199,NUEVO,NUEVO,,,,,,NO,,,NO,
M-2026-013200,NUEVO,NUEVO,,,,,,NO,,,NO,
M-2026-11572,UTILIZADO,COMPROBADA / UTILIZADA,MARLENE MIRANDA,OPERADOR,LUNA ANDRADE DANIEL,ABB ELECTRICAL,2026-09-25,SI,,,NO,
M-2026-11617,UTILIZADO,COMPROBADA / UTILIZADA,MARLENE MIRANDA,OPERADOR,GAXIOLA WAR JOEL ALFREDO,EDWARDS VACCUM,2026-10-02,SI,,,NO,
M-2026-11634,UTILIZADO,COMPROBADA / UTILIZADA,MARLENE MIRANDA,OPERADOR,GAXIOLA WAR JOEL ALFREDO,EDWARDS VACCUM,2026-09-30,SI,,,NO,
M-2026-11676-1,UTILIZADO,COMPROBADA / UTILIZADA,MARLENE MIRANDA,OPERADOR,VALLES PARRA FRANCISCO,WEISER LOCK MEXICO,2026-09-25,SI,PRO-20261001-WEISER-LOCK-MEXICO-160852,PENDIENTE_FACTURAR,NO,
M-2026-11753-1,UTILIZADO,COMPROBADA / UTILIZADA,MARLENE MIRANDA,OPERADOR,SOTO CORRAL SERGIO,WEISER LOCK MEXICO,2026-09-23,SI,PRO-20261001-WEISER-LOCK-MEXICO-160852,PENDIENTE_FACTURAR,NO,
M-2026-12150-1,UTILIZADO,COMPROBADA / UTILIZADA,MARLENE MIRANDA,OPERADOR,ARCE BARCELO LUIS RENE,WEISER LOCK MEXICO,2026-09-24,SI,PRO-20261001-WEISER-LOCK-MEXICO-160852,PENDIENTE_FACTURAR,NO,
M-2026-12150-2,UTILIZADO,COMPROBADA / UTILIZADA,MARLENE MIRANDA,OPERADOR,ARCE BARCELO LUIS RENE,WEISER LOCK MEXICO,2026-09-24,SI,PRO-20261001-WEISER-LOCK-MEXICO-160852,PENDIENTE_FACTURAR,NO,
M-2026-12150-3,UTILIZADO,COMPROBADA / UTILIZADA,MARLENE MIRANDA,OPERADOR,ARCE BARCELO LUIS RENE,WEISER LOCK MEXICO,2026-09-24,SI,PRO-20261001-WEISER-LOCK-MEXICO-160852,PENDIENTE_FACTURAR,NO,
M-2026-12519-1,UTILIZADO,COMPROBADA / UTILIZADA,MARLENE MIRANDA,OPERADOR,ORNELAS MANJARREZ JESUS EMILIO,DORMAKABA,2026-09-26,SI,PRO-20261001-DORMAKABA-144753,FACTURADA,SI,FLB 13143
M-2026-12731-1,UTILIZADO,COMPROBADA / UTILIZADA,MARLENE MIRANDA,OPERADOR,QUIÑONES ARENAS JESUS ALEJANDRO,WEISER LOCK MEXICO,2026-10-01,SI,,,NO,
M-2026-12732-1,UTILIZADO,COMPROBADA / UTILIZADA,MARLENE MIRANDA,OPERADOR,QUIÑONES ARENAS JESUS ALEJANDRO,WEISER LOCK MEXICO,2026-10-01,SI,,,NO,
SPF-2026-000603,UTILIZADO,COMPROBADA / UTILIZADA,MARLENE MIRANDA,OPERADOR,CAMPOY ISLAS ALFONSO,WEISER LOCK MEXICO,2026-09-23,SI,,,NO,
SPF-2026-000647,UTILIZADO,COMPROBADA / UTILIZADA,MARLENE MIRANDA,OPERADOR,VIZCARRA AMEZCUA BLADIMID,NORTH AMERICAN INTERCONNECT,2026-09-24,SI,,,NO,
SPF-2026-000972,UTILIZADO,COMPROBADA / UTILIZADA,MARLENE MIRANDA,OPERADOR,CAMPOY ISLAS ALFONSO,WEISER LOCK MEXICO,2026-09-24,SI,,,NO,
SPF-2026-001036,UTILIZADO,COMPROBADA / UTILIZADA,MARLENE MIRANDA,OPERADOR,JOSE LUIS ARIAS,NORTH AMERICAN INTERCONNECT,2026-09-24,NO,,,NO,
SPF-2026-001207,UTILIZADO,COMPROBADA / UTILIZADA,MARLENE MIRANDA,OPERADOR,HERNANDEZ ARIAS HUGO,WESTMED DE MEXICO,2026-09-24,SI,,,NO,
SPF-2026-001261,UTILIZADO,COMPROBADA / UTILIZADA,MARLENE MIRANDA,OPERADOR,CAMPOY ISLAS ALFONSO,WEISER LOCK MEXICO,2026-09-29,SI,,,NO,
SPF-2026-001326,UTILIZADO,COMPROBADA / UTILIZADA,MARLENE MIRANDA,OPERADOR,ORNELAS MANJARREZ JESUS EMILIO,AMPHENOL OPTIMIZE MEXICO,2026-09-23,NO,,,NO,
SPF-2026-001330,UTILIZADO,COMPROBADA / UTILIZADA,MARLENE MIRANDA,OPERADOR,ORNELAS MANJARREZ JESUS EMILIO,AMPHENOL OPTIMIZE MEXICO,2026-09-24,NO,,,NO,
SPF-2026-001331,UTILIZADO,COMPROBADA / UTILIZADA,MARLENE MIRANDA,OPERADOR,VERDUGO GALVEZ MARTIN,WEISER LOCK MEXICO,2026-09-24,SI,,,NO,
SPF-2026-001357,UTILIZADO,COMPROBADA / UTILIZADA,MARLENE MIRANDA,OPERADOR,ORNELAS MANJARREZ JESUS EMILIO,AMPHENOL ONANON,2026-10-02,SI,,,NO,
SPF-2026-001360,UTILIZADO,COMPROBADA / UTILIZADA,MARLENE MIRANDA,OPERADOR,YRISSONT GUILLERMARD AGUSTIN,WEISER LOCK MEXICO,2026-09-25,SI,,,NO,
SPF-2026-001365,UTILIZADO,COMPROBADA / UTILIZADA,MARLENE MIRANDA,OPERADOR,YRISSONT GUILLERMARD AGUSTIN,WEISER LOCK MEXICO,2026-09-25,SI,,,NO,
SPF-2026-001401,UTILIZADO,COMPROBADA / UTILIZADA,MARLENE MIRANDA,OPERADOR,CASTELLANOS ROSAS CESAR ANDREI,AMPHENOL OPTIMIZE MEXICO,2026-09-25,NO,,,NO,
SPF-2026-001407,UTILIZADO,COMPROBADA / UTILIZADA,MARLENE MIRANDA,OPERADOR,VERDUGO GALVEZ MARTIN,WEISER LOCK MEXICO,2026-09-25,SI,,,NO,
SPF-2026-001481,UTILIZADO,COMPROBADA / UTILIZADA,MARLENE MIRANDA,OPERADOR,ORNELAS MANJARREZ JESUS EMILIO,WESTMED DE MEXICO,2026-10-01,SI,,,NO,
SPF-2026-001501,UTILIZADO,COMPROBADA / UTILIZADA,MARLENE MIRANDA,OPERADOR,YRISSONT GUILLERMARD AGUSTIN,AMPHENOL ALDEN PRODUCTS MEXICO,2026-09-19,NO,PRO-20260923-AMPHENOL-ALDEN-PRODUCTS-MEXICO-234521,PENDIENTE_FACTURAR,NO,
SPF-2026-001503,UTILIZADO,COMPROBADA / UTILIZADA,MARLENE MIRANDA,OPERADOR,CIENFUEGOS GOCHAR RENATO ALONSO,AVENT,2026-09-21,SI,,,NO,
SPF-2026-001504,UTILIZADO,COMPROBADA / UTILIZADA,MARLENE MIRANDA,OPERADOR,LUNA ANDRADE DANIEL,DORMAKABA,2026-09-21,SI,,,NO,
SPF-2026-001507,UTILIZADO,COMPROBADA / UTILIZADA,MARLENE MIRANDA,OPERADOR,ORNELAS MANJARREZ JESUS EMILIO,WESTMED DE MEXICO,2026-09-30,SI,,,NO,
SPF-2026-001508,UTILIZADO,COMPROBADA / UTILIZADA,MARLENE MIRANDA,OPERADOR,PEREZ REYES JOSE GERARDO,WESTMED DE MEXICO,2026-09-21,NO,,,NO,
SPF-2026-001509,ASIGNADO_OPERADOR,CON ISIS,MARLENE MIRANDA,OPERADOR,ISIS,,,NO,,,NO,
SPF-2026-001510,UTILIZADO,COMPROBADA / UTILIZADA,MARLENE MIRANDA,OPERADOR,ISIS,ITT ICS,2026-09-30,SI,,,NO,
SPF-2026-001511,EN_CUSTODIA,CUSTODIA: MARLENE MIRANDA,MARLENE MIRANDA,,,,,NO,,,NO,
SPF-2026-001512,UTILIZADO,COMPROBADA / UTILIZADA,MARLENE MIRANDA,OPERADOR,CAMPOY ISLAS ALFONSO,WEISER LOCK MEXICO,2026-09-21,NO,,,NO,
SPF-2026-001513,UTILIZADO,COMPROBADA / UTILIZADA,MARLENE MIRANDA,OPERADOR,CAMPOY ISLAS ALFONSO,WEISER LOCK MEXICO,2026-09-22,NO,,,NO,
SPF-2026-001514,EN_CUSTODIA,CUSTODIA: MARLENE MIRANDA,MARLENE MIRANDA,,,,,NO,,,NO,
SPF-2026-001515,UTILIZADO,COMPROBADA / UTILIZADA,MARLENE MIRANDA,OPERADOR,RUIZ MOROYOQUI MIGUEL ANGEL,WESTMED DE MEXICO,2026-09-21,SI,,,NO,
SPF-2026-001516,UTILIZADO,COMPROBADA / UTILIZADA,MARLENE MIRANDA,OPERADOR,JOSE LUIS ARIAS,AMPHENOL ALDEN PRODUCTS MEXICO,2026-09-23,SI,,,NO,
SPF-2026-001517,EN_CUSTODIA,CUSTODIA: MARLENE MIRANDA,MARLENE MIRANDA,,,,,NO,,,NO,
SPF-2026-001518,UTILIZADO,COMPROBADA / UTILIZADA,MARLENE MIRANDA,OPERADOR,LOPEZ VALENCIA ALEJANDRO,ITT CT,2026-09-24,SI,,,NO,
SPF-2026-001519,EN_CUSTODIA,CUSTODIA: MARLENE MIRANDA,MARLENE MIRANDA,,,,,NO,,,NO,
SPF-2026-001520,UTILIZADO,COMPROBADA / UTILIZADA,MARLENE MIRANDA,OPERADOR,RUIZ MOROYOQUI MIGUEL ANGEL,WEISER LOCK MEXICO,2026-09-28,SI,,,NO,
SPF-2026-001521,UTILIZADO,COMPROBADA / UTILIZADA,MARLENE MIRANDA,OPERADOR,RUIZ MOROYOQUI MIGUEL ANGEL,AVENT,2026-09-28,SI,,,NO,
SPF-2026-001522,EN_CUSTODIA,CUSTODIA: MARLENE MIRANDA,MARLENE MIRANDA,,,,,NO,,,NO,
SPF-2026-001523,UTILIZADO,COMPROBADA / UTILIZADA,MARLENE MIRANDA,OPERADOR,MARQUEZ ROMERO OMAR HORACIO,AMPHENOL ALDEN PRODUCTS MEXICO,2026-09-25,SI,,,NO,
SPF-2026-001524,EN_CUSTODIA,CUSTODIA: MARLENE MIRANDA,MARLENE MIRANDA,,,,,NO,,,NO,
SPF-2026-001525,UTILIZADO,COMPROBADA / UTILIZADA,MARLENE MIRANDA,OPERADOR,ORNELAS MANJARREZ JESUS EMILIO,AMPHENOL OPTIMIZE MEXICO,2026-09-23,SI,,,NO,
SPF-2026-001526,EN_CUSTODIA,CUSTODIA: MARLENE MIRANDA,MARLENE MIRANDA,,,,,NO,,,NO,
SPF-2026-001527,UTILIZADO,COMPROBADA / UTILIZADA,MARLENE MIRANDA,OPERADOR,DE LA CRUZ TAUTIMES MARTIN,DORMAKABA,2026-09-22,SI,,,NO,
SPF-2026-001528,EN_CUSTODIA,CUSTODIA: MARLENE MIRANDA,MARLENE MIRANDA,,,,,NO,,,NO,
SPF-2026-001529,EN_CUSTODIA,CUSTODIA: MARLENE MIRANDA,MARLENE MIRANDA,,,,,NO,,,NO,
SPF-2026-001530,UTILIZADO,COMPROBADA / UTILIZADA,MARLENE MIRANDA,OPERADOR,YRISSONT GUILLERMARD AGUSTIN,WEISER LOCK MEXICO,2026-09-22,SI,,,NO,
SPF-2026-001531,UTILIZADO,COMPROBADA / UTILIZADA,MARLENE MIRANDA,OPERADOR,YRISSONT GUILLERMARD AGUSTIN,WEISER LOCK MEXICO,2026-09-23,SI,,,NO,
SPF-2026-001532,UTILIZADO,COMPROBADA / UTILIZADA,MARLENE MIRANDA,OPERADOR,PADILLA ORTIZ RAUL FRANCISCO,WEISER LOCK MEXICO,2026-09-23,NO,,,NO,
SPF-2026-001533,EN_CUSTODIA,CUSTODIA: MARLENE MIRANDA,MARLENE MIRANDA,,,,,NO,,,NO,
SPF-2026-001534,EN_CUSTODIA,CUSTODIA: MARLENE MIRANDA,MARLENE MIRANDA,,,,,NO,,,NO,
SPF-2026-001535,EN_CUSTODIA,CUSTODIA: MARLENE MIRANDA,MARLENE MIRANDA,,,,,NO,,,NO,
SPF-2026-001536,EN_CUSTODIA,CUSTODIA: MARLENE MIRANDA,MARLENE MIRANDA,,,,,NO,,,NO,
SPF-2026-001537,EN_CUSTODIA,CUSTODIA: MARLENE MIRANDA,MARLENE MIRANDA,,,,,NO,,,NO,
SPF-2026-001538,UTILIZADO,COMPROBADA / UTILIZADA,MARLENE MIRANDA,OPERADOR,ANTUNA SIRAYTARE CESAR ULISES,AMPHENOL ALDEN PRODUCTS MEXICO,2026-09-24,SI,,,NO,
SPF-2026-001539,UTILIZADO,COMPROBADA / UTILIZADA,MARLENE MIRANDA,OPERADOR,CIENFUEGOS GOCHAR RENATO ALONSO,AVENT,2026-09-24,SI,,,NO,
SPF-2026-001540,UTILIZADO,COMPROBADA / UTILIZADA,MARLENE MIRANDA,OPERADOR,CIENFUEGOS GOCHAR RENATO ALONSO,AVENT,2026-09-25,SI,,,NO,
SPF-2026-001541,UTILIZADO,COMPROBADA / UTILIZADA,MARLENE MIRANDA,OPERADOR,VIZCARRA AMEZCUA BLADIMID,NORTH AMERICAN INTERCONNECT,2026-09-25,SI,,,NO,
SPF-2026-001542,UTILIZADO,COMPROBADA / UTILIZADA,MARLENE MIRANDA,OPERADOR,CAMPOY ISLAS ALFONSO,WESTMED DE MEXICO,2026-09-25,SI,,,NO,
SPF-2026-001543,UTILIZADO,COMPROBADA / UTILIZADA,MARLENE MIRANDA,OPERADOR,CAMPOY ISLAS ALFONSO,AMPHENOL ALDEN PRODUCTS MEXICO,2026-09-26,SI,,,NO,
SPF-2026-001546,ASIGNADO_OPERADOR,CON CAMPOY ISLAS ALFONSO,MARLENE MIRANDA,OPERADOR,CAMPOY ISLAS ALFONSO,,,NO,,,NO,
SPF-2026-001549,UTILIZADO,COMPROBADA / UTILIZADA,MARLENE MIRANDA,OPERADOR,ANTUNA SIRAYTARE CESAR ULISES,AMPHENOL AHPS,2026-09-28,SI,,,NO,
SPF-2026-001550,ASIGNADO_OPERADOR,CON ANTUNA SIRAYTARE CESAR ULISES,MARLENE MIRANDA,OPERADOR,ANTUNA SIRAYTARE CESAR ULISES,,,NO,,,NO,
SPF-2026-001551,UTILIZADO,COMPROBADA / UTILIZADA,MARLENE MIRANDA,OPERADOR,YRISSONT GUILLERMARD AGUSTIN,AMPHENOL OPTIMIZE MEXICO,2026-09-28,SI,,,NO,
SPF-2026-001552,UTILIZADO,COMPROBADA / UTILIZADA,MARLENE MIRANDA,OPERADOR,YRISSONT GUILLERMARD AGUSTIN,AMPHENOL SAA,2026-09-28,SI,,,NO,
SPF-2026-001553,UTILIZADO,COMPROBADA / UTILIZADA,MARLENE MIRANDA,OPERADOR,MOLINA CORONADO IVAN,WESTMED DE MEXICO,2026-09-28,SI,,,NO,
SPF-2026-001554,EN_CUSTODIA,CUSTODIA: MARLENE MIRANDA,MARLENE MIRANDA,,,,,NO,,,NO,
SPF-2026-001555,UTILIZADO,COMPROBADA / UTILIZADA,MARLENE MIRANDA,OPERADOR,LUNA ANDRADE DANIEL,AMPHENOL OPTIMIZE MEXICO,2026-09-29,SI,,,NO,
SPF-2026-001556,UTILIZADO,COMPROBADA / UTILIZADA,MARLENE MIRANDA,OPERADOR,RUIZ MOROYOQUI MIGUEL ANGEL,WESTMED DE MEXICO,2026-09-28,SI,,,NO,
SPF-2026-001557,UTILIZADO,COMPROBADA / UTILIZADA,MARLENE MIRANDA,OPERADOR,DE LA CRUZ TAUTIMES MARTIN,AMPHENOL SAA,2026-09-28,NO,,,NO,
SPF-2026-001558,EN_CUSTODIA,CUSTODIA: MARLENE MIRANDA,MARLENE MIRANDA,,,,,NO,,,NO,
SPF-2026-001559,UTILIZADO,COMPROBADA / UTILIZADA,MARLENE MIRANDA,OPERADOR,RUIZ MOROYOQUI MIGUEL ANGEL,AVENT,2026-09-30,SI,,,NO,
SPF-2026-001560,UTILIZADO,COMPROBADA / UTILIZADA,MARLENE MIRANDA,OPERADOR,VERDUGO GALVEZ MARTIN,WEISER LOCK MEXICO,2026-09-29,SI,,,NO,
SPF-2026-001561,UTILIZADO,COMPROBADA / UTILIZADA,MARLENE MIRANDA,OPERADOR,TORRES GARCIA CRISTOBAL IVAN,WEISER LOCK MEXICO,2026-09-28,SI,,,NO,
SPF-2026-001562,UTILIZADO,COMPROBADA / UTILIZADA,MARLENE MIRANDA,OPERADOR,TORRES GARCIA CRISTOBAL IVAN,WEISER LOCK MEXICO,2026-09-29,SI,,,NO,
SPF-2026-001563,UTILIZADO,COMPROBADA / UTILIZADA,MARLENE MIRANDA,OPERADOR,RUIZ MOROYOQUI MIGUEL ANGEL,ITT ICS,2026-10-01,SI,,,NO,
SPF-2026-001564,EN_CUSTODIA,CUSTODIA: MARLENE MIRANDA,MARLENE MIRANDA,,,,,NO,,,NO,
SPF-2026-001565,EN_CUSTODIA,CUSTODIA: MARLENE MIRANDA,MARLENE MIRANDA,,,,,NO,,,NO,
SPF-2026-001566,EN_CUSTODIA,CUSTODIA: MARLENE MIRANDA,MARLENE MIRANDA,,,,,NO,,,NO,
SPF-2026-001567,UTILIZADO,COMPROBADA / UTILIZADA,MARLENE MIRANDA,OPERADOR,LOPEZ VALENCIA ALEJANDRO,AMPHENOL ONANON,2026-09-30,SI,,,NO,
SPF-2026-001568,EN_CUSTODIA,CUSTODIA: MARLENE MIRANDA,MARLENE MIRANDA,,,,,NO,,,NO,
SPF-2026-001569,UTILIZADO,COMPROBADA / UTILIZADA,MARLENE MIRANDA,OPERADOR,CAMPOY ISLAS ALFONSO,WEISER LOCK MEXICO,2026-09-29,SI,,,NO,
SPF-2026-001570,UTILIZADO,COMPROBADA / UTILIZADA,MARLENE MIRANDA,OPERADOR,CAMPOY ISLAS ALFONSO,WEISER LOCK MEXICO,2026-09-30,SI,,,NO,
SPF-2026-001571,UTILIZADO,COMPROBADA / UTILIZADA,MARLENE MIRANDA,OPERADOR,YRISSONT GUILLERMARD AGUSTIN,NORTH AMERICAN INTERCONNECT,2026-09-29,SI,,,NO,
SPF-2026-001572,UTILIZADO,COMPROBADA / UTILIZADA,MARLENE MIRANDA,OPERADOR,MOLINA CORONADO IVAN,WEISER LOCK MEXICO,2026-09-30,SI,,,NO,
SPF-2026-001573,UTILIZADO,COMPROBADA / UTILIZADA,MARLENE MIRANDA,OPERADOR,ANTUNA SIRAYTARE CESAR ULISES,NORTH AMERICAN INTERCONNECT,2026-09-28,SI,,,NO,
SPF-2026-001574,UTILIZADO,COMPROBADA / UTILIZADA,MARLENE MIRANDA,OPERADOR,ANTUNA SIRAYTARE CESAR ULISES,NORTH AMERICAN INTERCONNECT,2026-09-30,SI,,,NO,
SPF-2026-001575,UTILIZADO,COMPROBADA / UTILIZADA,MARLENE MIRANDA,OPERADOR,TORRES GARCIA CRISTOBAL IVAN,WEISER LOCK MEXICO,2026-09-30,SI,,,NO,
SPF-2026-001576,UTILIZADO,COMPROBADA / UTILIZADA,MARLENE MIRANDA,OPERADOR,TORRES GARCIA CRISTOBAL IVAN,WEISER LOCK MEXICO,2026-10-01,SI,,,NO,
SPF-2026-001577,UTILIZADO,COMPROBADA / UTILIZADA,MARLENE MIRANDA,OPERADOR,YRISSONT GUILLERMARD AGUSTIN,DORMAKABA,2026-09-30,SI,,,NO,
SPF-2026-001578,UTILIZADO,COMPROBADA / UTILIZADA,MARLENE MIRANDA,OPERADOR,YRISSONT GUILLERMARD AGUSTIN,DORMAKABA,2026-10-01,SI,,,NO,
SPF-2026-001579,EN_CUSTODIA,CUSTODIA: MARLENE MIRANDA,MARLENE MIRANDA,,,,,NO,,,NO,
SPF-2026-001580,EN_CUSTODIA,CUSTODIA: MARLENE MIRANDA,MARLENE MIRANDA,,,,,NO,,,NO,
SPF-2026-001581,EN_CUSTODIA,CUSTODIA: MARLENE MIRANDA,MARLENE MIRANDA,,,,,NO,,,NO,
SPF-2026-001582,EN_CUSTODIA,CUSTODIA: MARLENE MIRANDA,MARLENE MIRANDA,,,,,NO,,,NO,
SPF-2026-001583,UTILIZADO,COMPROBADA / UTILIZADA,MARLENE MIRANDA,OPERADOR,VERDUGO GALVEZ MARTIN,MTD CONSUMER PRODUCTS MEXICO,2026-10-01,SI,,,NO,
SPF-2026-001584,UTILIZADO,COMPROBADA / UTILIZADA,MARLENE MIRANDA,OPERADOR,MOLINA CORONADO IVAN,ITT ICS,2026-10-01,NO,,,NO,
SPF-2026-001585,UTILIZADO,COMPROBADA / UTILIZADA,MARLENE MIRANDA,OPERADOR,MOLINA CORONADO IVAN,ITT ICS,2026-10-02,SI,,,NO,
SPF-2026-001586,EN_CUSTODIA,CUSTODIA: MARLENE MIRANDA,MARLENE MIRANDA,,,,,NO,,,NO,
SPF-2026-001587,EN_CUSTODIA,CUSTODIA: MARLENE MIRANDA,MARLENE MIRANDA,,,,,NO,,,NO,
SPF-2026-001588,EN_CUSTODIA,CUSTODIA: MARLENE MIRANDA,MARLENE MIRANDA,,,,,NO,,,NO,
SPF-2026-001589,EN_CUSTODIA,CUSTODIA: MARLENE MIRANDA,MARLENE MIRANDA,,,,,NO,,,NO,
SPF-2026-001590,EN_CUSTODIA,CUSTODIA: MARLENE MIRANDA,MARLENE MIRANDA,,,,,NO,,,NO,
SPF-2026-001591,EN_CUSTODIA,CUSTODIA: MARLENE MIRANDA,MARLENE MIRANDA,,,,,NO,,,NO,
SPF-2026-001592,EN_CUSTODIA,CUSTODIA: MARLENE MIRANDA,MARLENE MIRANDA,,,,,NO,,,NO,
SPF-2026-001593,EN_CUSTODIA,CUSTODIA: MARLENE MIRANDA,MARLENE MIRANDA,,,,,NO,,,NO,
SPF-2026-001594,EN_CUSTODIA,CUSTODIA: MARLENE MIRANDA,MARLENE MIRANDA,,,,,NO,,,NO,
SPF-2026-001595,EN_CUSTODIA,CUSTODIA: MARLENE MIRANDA,MARLENE MIRANDA,,,,,NO,,,NO,
SPF-2026-001596,EN_CUSTODIA,CUSTODIA: MARLENE MIRANDA,MARLENE MIRANDA,,,,,NO,,,NO,
SPF-2026-001597,UTILIZADO,COMPROBADA / UTILIZADA,MARLENE MIRANDA,OPERADOR,MOLINA CORONADO IVAN,DORMAKABA,2026-10-03,SI,,,NO,
SPF-2026-001598,EN_CUSTODIA,CUSTODIA: MARLENE MIRANDA,MARLENE MIRANDA,,,,,NO,,,NO,
SPF-2026-001599,NUEVO,NUEVO,,,,,,NO,,,NO,
SPF-2026-001600,NUEVO,NUEVO,,,,,,NO,,,NO,
SPF-2026-001601,NUEVO,NUEVO,,,,,,NO,,,NO,
SPF-2026-001602,NUEVO,NUEVO,,,,,,NO,,,NO,
SPF-2026-001603,NUEVO,NUEVO,,,,,,NO,,,NO,
SPF-2026-001604,NUEVO,NUEVO,,,,,,NO,,,NO,
SPF-2026-001605,NUEVO,NUEVO,,,,,,NO,,,NO,
SPF-2026-001606,NUEVO,NUEVO,,,,,,NO,,,NO,
SPF-2026-001607,NUEVO,NUEVO,,,,,,NO,,,NO,
SPF-2026-001608,NUEVO,NUEVO,,,,,,NO,,,NO,
SPF-2026-001609,NUEVO,NUEVO,,,,,,NO,,,NO,
SPF-2026-001610,NUEVO,NUEVO,,,,,,NO,,,NO,
SPF-2026-001611,NUEVO,NUEVO,,,,,,NO,,,NO,
SPF-2026-001612,NUEVO,NUEVO,,,,,,NO,,,NO,
SPF-2026-001613,NUEVO,NUEVO,,,,,,NO,,,NO,
SPF-2026-001614,NUEVO,NUEVO,,,,,,NO,,,NO,
SPF-2026-001615,NUEVO,NUEVO,,,,,,NO,,,NO,
SPF-2026-001616,NUEVO,NUEVO,,,,,,NO,,,NO,
SPF-2026-001617,NUEVO,NUEVO,,,,,,NO,,,NO,
SPF-2026-001618,NUEVO,NUEVO,,,,,,NO,,,NO,
SPF-2026-001619,NUEVO,NUEVO,,,,,,NO,,,NO,
SPF-2026-001620,NUEVO,NUEVO,,,,,,NO,,,NO,
SPF-2026-001621,NUEVO,NUEVO,,,,,,NO,,,NO,
SPF-2026-001622,NUEVO,NUEVO,,,,,,NO,,,NO,
SPF-2026-001623,NUEVO,NUEVO,,,,,,NO,,,NO,
SPF-2026-001624,NUEVO,NUEVO,,,,,,NO,,,NO,
SPF-2026-001625,NUEVO,NUEVO,,,,,,NO,,,NO,
SPF-2026-001626,NUEVO,NUEVO,,,,,,NO,,,NO,
SPF-2026-001627,NUEVO,NUEVO,,,,,,NO,,,NO,
SPF-2026-001628,NUEVO,NUEVO,,,,,,NO,,,NO,
SPF-2026-001629,NUEVO,NUEVO,,,,,,NO,,,NO,
SPF-2026-001630,NUEVO,NUEVO,,,,,,NO,,,NO,
SPF-2026-001631,NUEVO,NUEVO,,,,,,NO,,,NO,
SPF-2026-001632,NUEVO,NUEVO,,,,,,NO,,,NO,
SPF-2026-001633,NUEVO,NUEVO,,,,,,NO,,,NO,
SPF-2026-001634,NUEVO,NUEVO,,,,,,NO,,,NO,
SPF-2026-001635,NUEVO,NUEVO,,,,,,NO,,,NO,
SPF-2026-001636,NUEVO,NUEVO,,,,,,NO,,,NO,
SPF-2026-001637,NUEVO,NUEVO,,,,,,NO,,,NO,
SPF-2026-001638,NUEVO,NUEVO,,,,,,NO,,,NO,
SPF-2026-001639,NUEVO,NUEVO,,,,,,NO,,,NO,
SPF-2026-001640,NUEVO,NUEVO,,,,,,NO,,,NO,
SPF-2026-001641,NUEVO,NUEVO,,,,,,NO,,,NO,
SPF-2026-001642,NUEVO,NUEVO,,,,,,NO,,,NO,
SPF-2026-001643,NUEVO,NUEVO,,,,,,NO,,,NO,
SPF-2026-001644,NUEVO,NUEVO,,,,,,NO,,,NO,
SPF-2026-001645,NUEVO,NUEVO,,,,,,NO,,,NO,
SPF-2026-001646,NUEVO,NUEVO,,,,,,NO,,,NO,
SPF-2026-001647,NUEVO,NUEVO,,,,,,NO,,,NO,
SPF-2026-001648,NUEVO,NUEVO,,,,,,NO,,,NO,
SPF-2026-001649,NUEVO,NUEVO,,,,,,NO,,,NO,
SPF-2026-001650,NUEVO,NUEVO,,,,,,NO,,,NO,
SPF-2026-001651,NUEVO,NUEVO,,,,,,NO,,,NO,
SPF-2026-001652,NUEVO,NUEVO,,,,,,NO,,,NO,
SPF-2026-001653,NUEVO,NUEVO,,,,,,NO,,,NO,
SPF-2026-001654,NUEVO,NUEVO,,,,,,NO,,,NO,
SPF-2026-001655,NUEVO,NUEVO,,,,,,NO,,,NO,
SPF-2026-001656,NUEVO,NUEVO,,,,,,NO,,,NO,
SPF-2026-001657,NUEVO,NUEVO,,,,,,NO,,,NO,
SPF-2026-001658,NUEVO,NUEVO,,,,,,NO,,,NO,
SPF-2026-001659,NUEVO,NUEVO,,,,,,NO,,,NO,
SPF-2026-001660,NUEVO,NUEVO,,,,,,NO,,,NO,
SPF-2026-001661,NUEVO,NUEVO,,,,,,NO,,,NO,
SPF-2026-001662,NUEVO,NUEVO,,,,,,NO,,,NO,
SPF-2026-001663,NUEVO,NUEVO,,,,,,NO,,,NO,
SPF-2026-001664,NUEVO,NUEVO,,,,,,NO,,,NO,
SPF-2026-001665,NUEVO,NUEVO,,,,,,NO,,,NO,
SPF-2026-001666,NUEVO,NUEVO,,,,,,NO,,,NO,
SPF-2026-001667,NUEVO,NUEVO,,,,,,NO,,,NO,
SPF-2026-001668,NUEVO,NUEVO,,,,,,NO,,,NO,
SPF-2026-001669,NUEVO,NUEVO,,,,,,NO,,,NO,
SPF-2026-001670,NUEVO,NUEVO,,,,,,NO,,,NO,
SPF-2026-001671,NUEVO,NUEVO,,,,,,NO,,,NO,
SPF-2026-001672,NUEVO,NUEVO,,,,,,NO,,,NO,
SPF-2026-001673,NUEVO,NUEVO,,,,,,NO,,,NO,
SPF-2026-001674,NUEVO,NUEVO,,,,,,NO,,,NO,
SPF-2026-001675,NUEVO,NUEVO,,,,,,NO,,,NO,
SPF-2026-001676,NUEVO,NUEVO,,,,,,NO,,,NO,
SPF-2026-001677,NUEVO,NUEVO,,,,,,NO,,,NO,
SPF-2026-001678,NUEVO,NUEVO,,,,,,NO,,,NO,