Folio,Estatus,Responsable / Custodia,Tipo persona,Operador / Beneficiario,Cliente,Fecha uso,Foto,Proforma,Estatus proforma,Factura,Facturada,Dónde está
CFDI-2026-008793,UTILIZADO,MARLENE MIRANDA,OPERADOR,VALENZUELA VERDUZCO RICARDO,ITT CT,2026-09-25,SI,,,,NO,COMPROBADA / UTILIZADA
CFDI-2026-009999,UTILIZADO,MARLENE MIRANDA,OPERADOR,VALENZUELA VERDUZCO RICARDO,ITT CT,2026-09-25,SI,,,,NO,COMPROBADA / UTILIZADA
CFDI-2026-011212,UTILIZADO,MARLENE MIRANDA,BENEFICIARIO,ISIS SOTO,WEISER LOCK MEXICO,2026-10-02,SI,,,,NO,COMPROBADA / UTILIZADA
CFDI-2026-011215,UTILIZADO,MARLENE MIRANDA,BENEFICIARIO,ISIS SOTO,HUMANSCALE,2026-10-02,SI,,,,NO,COMPROBADA / UTILIZADA
CFDI-2026-011218,UTILIZADO,MARLENE MIRANDA,BENEFICIARIO,ISIS SOTO,PRODUCTOS PARA EL CUIDADO DE LA SALUD,2026-10-02,SI,,,,NO,COMPROBADA / UTILIZADA
CFDI-2026-011226,UTILIZADO,MARLENE MIRANDA,BENEFICIARIO,ISIS SOTO,INTEGRATED CABLE ASSEMBLY HOLDINGS,2026-10-01,SI,,,,NO,COMPROBADA / UTILIZADA
CFDI-2026-011227,UTILIZADO,MARLENE MIRANDA,BENEFICIARIO,ISIS SOTO,AMPHENOL OPTIMIZE MEXICO,2026-10-02,SI,,,,NO,COMPROBADA / UTILIZADA
CFDI-2026-011602,UTILIZADO,MARLENE MIRANDA,OPERADOR,ARVIZU VAZQUEZ MARIO ALBERTO,ITT ICS,2026-09-22,NO,,,,NO,COMPROBADA / UTILIZADA
CFDI-2026-011603,UTILIZADO,MARLENE MIRANDA,OPERADOR,ARVIZU VAZQUEZ MARIO ALBERTO,ITT CT,2026-09-22,NO,,,,NO,COMPROBADA / UTILIZADA
CFDI-2026-011604,ASIGNADO_OPERADOR,MARLENE MIRANDA,OPERADOR,ARVIZU VAZQUEZ MARIO ALBERTO,,,NO,,,,NO,CON ARVIZU VAZQUEZ MARIO ALBERTO
CFDI-2026-011605,UTILIZADO,MARLENE MIRANDA,OPERADOR,VALENZUELA VERDUZCO RICARDO,ITT ICS,2026-09-24,SI,,,,NO,COMPROBADA / UTILIZADA
CFDI-2026-011606,UTILIZADO,MARLENE MIRANDA,OPERADOR,VALENZUELA VERDUZCO RICARDO,ITT BIW,2026-09-24,SI,,,,NO,COMPROBADA / UTILIZADA
CFDI-2026-011607,UTILIZADO,MARLENE MIRANDA,OPERADOR,VALENZUELA VERDUZCO RICARDO,ITT CT,2026-09-23,SI,,,,NO,COMPROBADA / UTILIZADA
CFDI-2026-011608,ASIGNADO_OPERADOR,MARLENE MIRANDA,OPERADOR,VALENZUELA LEON JUAN ANTONIO,,,NO,,,,NO,CON VALENZUELA LEON JUAN ANTONIO
CFDI-2026-011609,ASIGNADO_OPERADOR,MARLENE MIRANDA,OPERADOR,VALENZUELA LEON JUAN ANTONIO,,,NO,,,,NO,CON VALENZUELA LEON JUAN ANTONIO
CFDI-2026-011610,ASIGNADO_OPERADOR,MARLENE MIRANDA,OPERADOR,VALENZUELA LEON JUAN ANTONIO,,,NO,,,,NO,CON VALENZUELA LEON JUAN ANTONIO
CFDI-2026-011611,ASIGNADO_OPERADOR,MARLENE MIRANDA,OPERADOR,VALLES PARRA FRANCISCO,,,NO,,,,NO,CON VALLES PARRA FRANCISCO
CFDI-2026-011612,UTILIZADO,MARLENE MIRANDA,BENEFICIARIO,ISIS SOTO,INTEGRATED CABLE ASSEMBLY HOLDINGS,2026-10-02,SI,,,,NO,COMPROBADA / UTILIZADA
CFDI-2026-011613,UTILIZADO,MARLENE MIRANDA,BENEFICIARIO,ISIS SOTO,PRODUCTOS PARA EL CUIDADO DE LA SALUD,2026-10-02,SI,,,,NO,COMPROBADA / UTILIZADA
CFDI-2026-011614,UTILIZADO,MARLENE MIRANDA,OPERADOR,LOPEZ VALENCIA ALEJANDRO,ITT BIW,2026-09-21,NO,,,,NO,COMPROBADA / UTILIZADA
CFDI-2026-011615,UTILIZADO,MARLENE MIRANDA,OPERADOR,LOPEZ VALENCIA ALEJANDRO,ITT CT,2026-09-22,NO,,,,NO,COMPROBADA / UTILIZADA
CFDI-2026-011616,UTILIZADO,MARLENE MIRANDA,OPERADOR,LOPEZ VALENCIA ALEJANDRO,ITT CT,2026-09-22,NO,,,,NO,COMPROBADA / UTILIZADA
CFDI-2026-011617,ASIGNADO_OPERADOR,MARLENE MIRANDA,BENEFICIARIO,ISIS SOTO,,2026-09-29,NO,,,,NO,CON ISIS SOTO
CFDI-2026-011618,ASIGNADO_OPERADOR,MARLENE MIRANDA,BENEFICIARIO,ISIS SOTO,,2026-09-29,NO,,,,NO,CON ISIS SOTO
CFDI-2026-011619,ASIGNADO_OPERADOR,MARLENE MIRANDA,BENEFICIARIO,ISIS SOTO,,2026-09-29,NO,,,,NO,CON ISIS SOTO
CFDI-2026-011620,ASIGNADO_OPERADOR,MARLENE MIRANDA,OPERADOR,DELGADO SEDANO GABRIEL ADRIAN,,,NO,,,,NO,CON DELGADO SEDANO GABRIEL ADRIAN
CFDI-2026-011621,ASIGNADO_OPERADOR,MARLENE MIRANDA,BENEFICIARIO,ISIS SOTO,,2026-09-29,NO,,,,NO,CON ISIS SOTO
CFDI-2026-011622,ASIGNADO_OPERADOR,MARLENE MIRANDA,BENEFICIARIO,ISIS SOTO,,2026-09-29,NO,,,,NO,CON ISIS SOTO
CFDI-2026-011623,ASIGNADO_OPERADOR,MARLENE MIRANDA,OPERADOR,OSIRIS,,,NO,,,,NO,CON OSIRIS
CFDI-2026-011624,ASIGNADO_OPERADOR,MARLENE MIRANDA,OPERADOR,OSIRIS,,,NO,,,,NO,CON OSIRIS
CFDI-2026-011625,ASIGNADO_OPERADOR,MARLENE MIRANDA,OPERADOR,OSIRIS,,,NO,,,,NO,CON OSIRIS
CFDI-2026-011626,ASIGNADO_OPERADOR,MARLENE MIRANDA,OPERADOR,OSIRIS,,,NO,,,,NO,CON OSIRIS
CFDI-2026-011627,ASIGNADO_OPERADOR,MARLENE MIRANDA,OPERADOR,OSIRIS,,,NO,,,,NO,CON OSIRIS
CFDI-2026-011628,ASIGNADO_OPERADOR,MARLENE MIRANDA,OPERADOR,OSIRIS,,,NO,,,,NO,CON OSIRIS
CFDI-2026-011629,ASIGNADO_OPERADOR,MARLENE MIRANDA,OPERADOR,OSIRIS,,,NO,,,,NO,CON OSIRIS
CFDI-2026-011630,ASIGNADO_OPERADOR,MARLENE MIRANDA,OPERADOR,OSIRIS,,,NO,,,,NO,CON OSIRIS
CFDI-2026-011631,ASIGNADO_OPERADOR,MARLENE MIRANDA,OPERADOR,OSIRIS,,,NO,,,,NO,CON OSIRIS
CFDI-2026-011632,ASIGNADO_OPERADOR,MARLENE MIRANDA,OPERADOR,OSIRIS,,,NO,,,,NO,CON OSIRIS
CFDI-2026-011633,ASIGNADO_OPERADOR,MARLENE MIRANDA,OPERADOR,OSIRIS,,,NO,,,,NO,CON OSIRIS
CFDI-2026-011634,ASIGNADO_OPERADOR,MARLENE MIRANDA,OPERADOR,OSIRIS,,,NO,,,,NO,CON OSIRIS
CFDI-2026-011635,ASIGNADO_OPERADOR,MARLENE MIRANDA,OPERADOR,OSIRIS,,,NO,,,,NO,CON OSIRIS
CFDI-2026-011636,ASIGNADO_OPERADOR,MARLENE MIRANDA,OPERADOR,OSIRIS,,,NO,,,,NO,CON OSIRIS
CFDI-2026-011637,ASIGNADO_OPERADOR,MARLENE MIRANDA,OPERADOR,OSIRIS,,,NO,,,,NO,CON OSIRIS
CFDI-2026-011638,ASIGNADO_OPERADOR,MARLENE MIRANDA,OPERADOR,OSIRIS,,,NO,,,,NO,CON OSIRIS
CFDI-2026-011639,ASIGNADO_OPERADOR,MARLENE MIRANDA,OPERADOR,OSIRIS,,,NO,,,,NO,CON OSIRIS
CFDI-2026-011640,ASIGNADO_OPERADOR,MARLENE MIRANDA,OPERADOR,OSIRIS,,,NO,,,,NO,CON OSIRIS
CFDI-2026-011641,ASIGNADO_OPERADOR,MARLENE MIRANDA,OPERADOR,OSIRIS,,,NO,,,,NO,CON OSIRIS
CFDI-2026-011642,ASIGNADO_OPERADOR,MARLENE MIRANDA,OPERADOR,OSIRIS,,,NO,,,,NO,CON OSIRIS
CFDI-2026-011643,ASIGNADO_OPERADOR,MARLENE MIRANDA,OPERADOR,OSIRIS,,,NO,,,,NO,CON OSIRIS
CFDI-2026-011644,ASIGNADO_OPERADOR,MARLENE MIRANDA,OPERADOR,OSIRIS,,,NO,,,,NO,CON OSIRIS
CFDI-2026-011645,ASIGNADO_OPERADOR,MARLENE MIRANDA,OPERADOR,OSIRIS,,,NO,,,,NO,CON OSIRIS
CFDI-2026-011646,ASIGNADO_OPERADOR,MARLENE MIRANDA,OPERADOR,OSIRIS,,,NO,,,,NO,CON OSIRIS
CFDI-2026-011647,ASIGNADO_OPERADOR,MARLENE MIRANDA,OPERADOR,OSIRIS,,,NO,,,,NO,CON OSIRIS
CFDI-2026-011648,ASIGNADO_OPERADOR,MARLENE MIRANDA,OPERADOR,OSIRIS,,,NO,,,,NO,CON OSIRIS
CFDI-2026-011649,ASIGNADO_OPERADOR,MARLENE MIRANDA,OPERADOR,OSIRIS,,,NO,,,,NO,CON OSIRIS
CFDI-2026-011650,ASIGNADO_OPERADOR,MARLENE MIRANDA,OPERADOR,OSIRIS,,,NO,,,,NO,CON OSIRIS
CFDI-2026-011651,ASIGNADO_OPERADOR,MARLENE MIRANDA,OPERADOR,OSIRIS,,,NO,,,,NO,CON OSIRIS
CFDI-2026-011652,ASIGNADO_OPERADOR,MARLENE MIRANDA,OPERADOR,OSIRIS,,,NO,,,,NO,CON OSIRIS
CFDI-2026-011653,ASIGNADO_OPERADOR,MARLENE MIRANDA,OPERADOR,OSIRIS,,,NO,,,,NO,CON OSIRIS
CFDI-2026-011654,ASIGNADO_OPERADOR,MARLENE MIRANDA,OPERADOR,OSIRIS,,,NO,,,,NO,CON OSIRIS
CFDI-2026-011655,ASIGNADO_OPERADOR,MARLENE MIRANDA,OPERADOR,OSIRIS,,,NO,,,,NO,CON OSIRIS
CFDI-2026-011656,ASIGNADO_OPERADOR,MARLENE MIRANDA,OPERADOR,OSIRIS,,,NO,,,,NO,CON OSIRIS
CFDI-2026-011657,ASIGNADO_OPERADOR,MARLENE MIRANDA,OPERADOR,OSIRIS,,,NO,,,,NO,CON OSIRIS
CFDI-2026-011658,ASIGNADO_OPERADOR,MARLENE MIRANDA,OPERADOR,OSIRIS,,,NO,,,,NO,CON OSIRIS
CFDI-2026-011659,ASIGNADO_OPERADOR,MARLENE MIRANDA,OPERADOR,OSIRIS,,,NO,,,,NO,CON OSIRIS
CFDI-2026-011660,ASIGNADO_OPERADOR,MARLENE MIRANDA,OPERADOR,OSIRIS,,,NO,,,,NO,CON OSIRIS
CFDI-2026-011661,ASIGNADO_OPERADOR,MARLENE MIRANDA,BENEFICIARIO,ISIS SOTO,,2026-09-29,NO,,,,NO,CON ISIS SOTO
CFDI-2026-011662,ASIGNADO_OPERADOR,MARLENE MIRANDA,BENEFICIARIO,ISIS SOTO,,2026-09-29,NO,,,,NO,CON ISIS SOTO
CFDI-2026-011663,ASIGNADO_OPERADOR,MARLENE MIRANDA,BENEFICIARIO,ISIS SOTO,,2026-09-29,NO,,,,NO,CON ISIS SOTO
CFDI-2026-011664,EN_CUSTODIA,MARLENE MIRANDA,,,,,NO,,,,NO,CUSTODIA: MARLENE MIRANDA
CFDI-2026-011665,ASIGNADO_OPERADOR,MARLENE MIRANDA,OPERADOR,MEDINA ARMENDARIZ LUIS ENRIQUE,,,NO,,,,NO,CON MEDINA ARMENDARIZ LUIS ENRIQUE
CFDI-2026-011666,ASIGNADO_OPERADOR,MARLENE MIRANDA,OPERADOR,MEDINA ARMENDARIZ LUIS ENRIQUE,,,NO,,,,NO,CON MEDINA ARMENDARIZ LUIS ENRIQUE
CFDI-2026-011667,UTILIZADO,MARLENE MIRANDA,OPERADOR,ESTRADA GARCIA JAIME,ITT ICS,2026-09-26,SI,,,,NO,COMPROBADA / UTILIZADA
CFDI-2026-011668,ASIGNADO_OPERADOR,MARLENE MIRANDA,BENEFICIARIO,MARIELY CASTRO,,2026-09-29,NO,,,,NO,CON MARIELY CASTRO
CFDI-2026-011669,ASIGNADO_OPERADOR,MARLENE MIRANDA,OPERADOR,ESTRADA GARCIA JAIME,,,NO,,,,NO,CON ESTRADA GARCIA JAIME
CFDI-2026-011670,ASIGNADO_OPERADOR,MARLENE MIRANDA,BENEFICIARIO,MARIELY CASTRO,,2026-09-29,NO,,,,NO,CON MARIELY CASTRO
CFDI-2026-011671,ASIGNADO_OPERADOR,MARLENE MIRANDA,BENEFICIARIO,MARIELY CASTRO,,2026-09-29,NO,,,,NO,CON MARIELY CASTRO
CFDI-2026-011672,ASIGNADO_OPERADOR,MARLENE MIRANDA,BENEFICIARIO,MARIELY CASTRO,,2026-09-29,NO,,,,NO,CON MARIELY CASTRO
CFDI-2026-011673,UTILIZADO,MARLENE MIRANDA,OPERADOR,CURIEL CARRASCO PLACIDO,ITT ICS,2026-09-21,NO,,,,NO,COMPROBADA / UTILIZADA
CFDI-2026-011674,UTILIZADO,MARLENE MIRANDA,OPERADOR,CURIEL CARRASCO PLACIDO,ITT ICS,2026-09-22,NO,,,,NO,COMPROBADA / UTILIZADA
CFDI-2026-011675,UTILIZADO,MARLENE MIRANDA,OPERADOR,CURIEL CARRASCO PLACIDO,ITT BIW,2026-09-22,NO,,,,NO,COMPROBADA / UTILIZADA
CFDI-2026-011676,UTILIZADO,MARLENE MIRANDA,OPERADOR,DE LA CRUZ TAUTIMES MARTIN,ITT CT,2026-09-21,NO,,,,NO,COMPROBADA / UTILIZADA
CFDI-2026-011677,UTILIZADO,MARLENE MIRANDA,OPERADOR,DE LA CRUZ TAUTIMES MARTIN,ITT CT,2026-09-21,NO,,,,NO,COMPROBADA / UTILIZADA
CFDI-2026-011678,ASIGNADO_OPERADOR,MARLENE MIRANDA,OPERADOR,DE LA CRUZ TAUTIMES MARTIN,,,NO,,,,NO,CON DE LA CRUZ TAUTIMES MARTIN
CFDI-2026-011679,ASIGNADO_OPERADOR,MARLENE MIRANDA,BENEFICIARIO,MARIELY CASTRO,,,NO,,,,NO,CON MARIELY CASTRO
CFDI-2026-011680,UTILIZADO,MARLENE MIRANDA,OPERADOR,PEREZ REYES JOSE GERARDO,ITT CT,2026-09-28,SI,,,,NO,COMPROBADA / UTILIZADA
CFDI-2026-011681,UTILIZADO,MARLENE MIRANDA,OPERADOR,PEREZ REYES JOSE GERARDO,ITT CT,2026-09-28,SI,,,,NO,COMPROBADA / UTILIZADA
CFDI-2026-011682,EN_CUSTODIA,MARLENE MIRANDA,,,,,NO,,,,NO,CUSTODIA: MARLENE MIRANDA
CFDI-2026-011683,EN_CUSTODIA,MARLENE MIRANDA,,,,,NO,,,,NO,CUSTODIA: MARLENE MIRANDA
CFDI-2026-011684,ASIGNADO_OPERADOR,MARLENE MIRANDA,BENEFICIARIO,MARIELY CASTRO,,,SI,,,,NO,CON MARIELY CASTRO
CFDI-2026-011685,UTILIZADO,MARLENE MIRANDA,OPERADOR,PADILLA ORTIZ RAUL FRANCISCO,ITT BIW,2026-09-29,SI,,,,NO,COMPROBADA / UTILIZADA
CFDI-2026-011686,UTILIZADO,MARLENE MIRANDA,OPERADOR,PADILLA ORTIZ RAUL FRANCISCO,ITT ICS,2026-09-29,SI,,,,NO,COMPROBADA / UTILIZADA
CFDI-2026-011687,UTILIZADO,MARLENE MIRANDA,OPERADOR,PADILLA ORTIZ RAUL FRANCISCO,ITT CT,2026-09-30,SI,,,,NO,COMPROBADA / UTILIZADA
CFDI-2026-011688,ASIGNADO_OPERADOR,MARLENE MIRANDA,OPERADOR,ISIS,,,NO,,,,NO,CON ISIS
CFDI-2026-011689,UTILIZADO,MARLENE MIRANDA,OPERADOR,ISIS,DORMAKABA,2026-09-22,SI,,,,NO,COMPROBADA / UTILIZADA
CFDI-2026-011690,ASIGNADO_OPERADOR,MARLENE MIRANDA,OPERADOR,ISIS,,,NO,,,,NO,CON ISIS
CFDI-2026-011691,ASIGNADO_OPERADOR,MARLENE MIRANDA,OPERADOR,ISIS,,,NO,,,,NO,CON ISIS
CFDI-2026-011692,ASIGNADO_OPERADOR,MARLENE MIRANDA,OPERADOR,ISIS,,,NO,,,,NO,CON ISIS
CFDI-2026-011693,ASIGNADO_OPERADOR,MARLENE MIRANDA,OPERADOR,ISIS,,,NO,,,,NO,CON ISIS
CFDI-2026-011694,ASIGNADO_OPERADOR,MARLENE MIRANDA,OPERADOR,ISIS,,,NO,,,,NO,CON ISIS
CFDI-2026-011695,ASIGNADO_OPERADOR,MARLENE MIRANDA,OPERADOR,ISIS,,,NO,,,,NO,CON ISIS
CFDI-2026-011696,EN_CUSTODIA,MARLENE MIRANDA,,,,,NO,,,,NO,CUSTODIA: MARLENE MIRANDA
CFDI-2026-011697,ASIGNADO_OPERADOR,MARLENE MIRANDA,OPERADOR,ISIS,,,NO,,,,NO,CON ISIS
CFDI-2026-011698,ASIGNADO_OPERADOR,MARLENE MIRANDA,OPERADOR,ISIS,,,NO,,,,NO,CON ISIS
CFDI-2026-011699,ASIGNADO_OPERADOR,MARLENE MIRANDA,OPERADOR,ESTRADA GARCIA JAIME,,,NO,,,,NO,CON ESTRADA GARCIA JAIME
CFDI-2026-011700,ASIGNADO_OPERADOR,MARLENE MIRANDA,OPERADOR,ISIS,,,NO,,,,NO,CON ISIS
CFDI-2026-011701,ASIGNADO_OPERADOR,MARLENE MIRANDA,OPERADOR,ISIS,,,NO,,,,NO,CON ISIS
CFDI-2026-011702,ASIGNADO_OPERADOR,MARLENE MIRANDA,OPERADOR,ISIS,,,NO,,,,NO,CON ISIS
CFDI-2026-011703,ASIGNADO_OPERADOR,MARLENE MIRANDA,OPERADOR,ISIS,,,NO,,,,NO,CON ISIS
CFDI-2026-011704,ASIGNADO_OPERADOR,MARLENE MIRANDA,OPERADOR,ISIS,,,NO,,,,NO,CON ISIS
CFDI-2026-011705,ASIGNADO_OPERADOR,MARLENE MIRANDA,OPERADOR,ISIS,,,NO,,,,NO,CON ISIS
CFDI-2026-011706,ASIGNADO_OPERADOR,MARLENE MIRANDA,OPERADOR,ISIS,,,NO,,,,NO,CON ISIS
CFDI-2026-011707,ASIGNADO_OPERADOR,MARLENE MIRANDA,OPERADOR,ISIS,,,NO,,,,NO,CON ISIS
CFDI-2026-011708,ASIGNADO_OPERADOR,MARLENE MIRANDA,OPERADOR,ISIS,,,NO,,,,NO,CON ISIS
CFDI-2026-011709,ASIGNADO_OPERADOR,MARLENE MIRANDA,OPERADOR,ISIS,,,NO,,,,NO,CON ISIS
CFDI-2026-011710,ASIGNADO_OPERADOR,MARLENE MIRANDA,OPERADOR,ISIS,,,NO,,,,NO,CON ISIS
CFDI-2026-011711,ASIGNADO_OPERADOR,MARLENE MIRANDA,OPERADOR,ISIS,,,NO,,,,NO,CON ISIS
CFDI-2026-011712,ASIGNADO_OPERADOR,MARLENE MIRANDA,OPERADOR,ISIS,,,NO,,,,NO,CON ISIS
CFDI-2026-011713,ASIGNADO_OPERADOR,MARLENE MIRANDA,OPERADOR,ISIS,,,NO,,,,NO,CON ISIS
CFDI-2026-011714,ASIGNADO_OPERADOR,MARLENE MIRANDA,OPERADOR,ISIS,,,NO,,,,NO,CON ISIS
CFDI-2026-011715,ASIGNADO_OPERADOR,MARLENE MIRANDA,OPERADOR,ISIS,,,NO,,,,NO,CON ISIS
CFDI-2026-011716,ASIGNADO_OPERADOR,MARLENE MIRANDA,OPERADOR,ISIS,,,NO,,,,NO,CON ISIS
CFDI-2026-011717,ASIGNADO_OPERADOR,MARLENE MIRANDA,OPERADOR,ISIS,,,NO,,,,NO,CON ISIS
CFDI-2026-011718,ASIGNADO_OPERADOR,MARLENE MIRANDA,OPERADOR,ISIS,,,NO,,,,NO,CON ISIS
CFDI-2026-011719,ASIGNADO_OPERADOR,MARLENE MIRANDA,OPERADOR,ISIS,,,NO,,,,NO,CON ISIS
CFDI-2026-011720,EN_CUSTODIA,MARLENE MIRANDA,,,,,NO,,,,NO,CUSTODIA: MARLENE MIRANDA
CFDI-2026-011721,EN_CUSTODIA,MARLENE MIRANDA,,,,,NO,,,,NO,CUSTODIA: MARLENE MIRANDA
CFDI-2026-011722,EN_CUSTODIA,MARLENE MIRANDA,,,,,NO,,,,NO,CUSTODIA: MARLENE MIRANDA
CFDI-2026-011723,EN_CUSTODIA,MARLENE MIRANDA,,,,,NO,,,,NO,CUSTODIA: MARLENE MIRANDA
CFDI-2026-011724,EN_CUSTODIA,MARLENE MIRANDA,,,,,NO,,,,NO,CUSTODIA: MARLENE MIRANDA
CFDI-2026-011725,EN_CUSTODIA,MARLENE MIRANDA,,,,,NO,,,,NO,CUSTODIA: MARLENE MIRANDA
CFDI-2026-011726,EN_CUSTODIA,MARLENE MIRANDA,,,,,NO,,,,NO,CUSTODIA: MARLENE MIRANDA
CFDI-2026-011727,EN_CUSTODIA,MARLENE MIRANDA,,,,,NO,,,,NO,CUSTODIA: MARLENE MIRANDA
CFDI-2026-011728,EN_CUSTODIA,MARLENE MIRANDA,,,,,NO,,,,NO,CUSTODIA: MARLENE MIRANDA
CFDI-2026-011729,EN_CUSTODIA,MARLENE MIRANDA,,,,,NO,,,,NO,CUSTODIA: MARLENE MIRANDA
CFDI-2026-011730,EN_CUSTODIA,MARLENE MIRANDA,,,,,NO,,,,NO,CUSTODIA: MARLENE MIRANDA
CFDI-2026-011731,EN_CUSTODIA,MARLENE MIRANDA,,,,,NO,,,,NO,CUSTODIA: MARLENE MIRANDA
CFDI-2026-011732,EN_CUSTODIA,MARLENE MIRANDA,,,,,NO,,,,NO,CUSTODIA: MARLENE MIRANDA
CFDI-2026-011733,EN_CUSTODIA,MARLENE MIRANDA,,,,,NO,,,,NO,CUSTODIA: MARLENE MIRANDA
CFDI-2026-011734,EN_CUSTODIA,MARLENE MIRANDA,,,,,NO,,,,NO,CUSTODIA: MARLENE MIRANDA
CFDI-2026-011735,EN_CUSTODIA,MARLENE MIRANDA,,,,,NO,,,,NO,CUSTODIA: MARLENE MIRANDA
CFDI-2026-011736,EN_CUSTODIA,MARLENE MIRANDA,,,,,NO,,,,NO,CUSTODIA: MARLENE MIRANDA
CFDI-2026-011737,EN_CUSTODIA,MARLENE MIRANDA,,,,,NO,,,,NO,CUSTODIA: MARLENE MIRANDA
CFDI-2026-011738,EN_CUSTODIA,MARLENE MIRANDA,,,,,NO,,,,NO,CUSTODIA: MARLENE MIRANDA
CFDI-2026-011739,EN_CUSTODIA,MARLENE MIRANDA,,,,,NO,,,,NO,CUSTODIA: MARLENE MIRANDA
CFDI-2026-011740,EN_CUSTODIA,MARLENE MIRANDA,,,,,NO,,,,NO,CUSTODIA: MARLENE MIRANDA
CFDI-2026-011741,EN_CUSTODIA,MARLENE MIRANDA,,,,,NO,,,,NO,CUSTODIA: MARLENE MIRANDA
CFDI-2026-011742,EN_CUSTODIA,MARLENE MIRANDA,,,,,NO,,,,NO,CUSTODIA: MARLENE MIRANDA
CFDI-2026-011743,EN_CUSTODIA,MARLENE MIRANDA,,,,,NO,,,,NO,CUSTODIA: MARLENE MIRANDA
CFDI-2026-011744,EN_CUSTODIA,MARLENE MIRANDA,,,,,NO,,,,NO,CUSTODIA: MARLENE MIRANDA
CFDI-2026-011745,EN_CUSTODIA,MARLENE MIRANDA,,,,,NO,,,,NO,CUSTODIA: MARLENE MIRANDA
CFDI-2026-011746,EN_CUSTODIA,MARLENE MIRANDA,,,,,NO,,,,NO,CUSTODIA: MARLENE MIRANDA
CFDI-2026-011747,EN_CUSTODIA,MARLENE MIRANDA,,,,,NO,,,,NO,CUSTODIA: MARLENE MIRANDA
CFDI-2026-011748,EN_CUSTODIA,MARLENE MIRANDA,,,,,NO,,,,NO,CUSTODIA: MARLENE MIRANDA
CFDI-2026-011749,EN_CUSTODIA,MARLENE MIRANDA,,,,,NO,,,,NO,CUSTODIA: MARLENE MIRANDA
CFDI-2026-011750,EN_CUSTODIA,MARLENE MIRANDA,,,,,NO,,,,NO,CUSTODIA: MARLENE MIRANDA
CFDI-2026-011751,UTILIZADO,MARLENE MIRANDA,OPERADOR,ORTIZ GARCIA CANDELARIO,AMPHENOL ALDEN PRODUCTS MEXICO,2026-09-18,SI,,,,NO,COMPROBADA / UTILIZADA
CFDI-2026-011752,EN_CUSTODIA,MARLENE MIRANDA,,,,,NO,,,,NO,CUSTODIA: MARLENE MIRANDA
CFDI-2026-011753,EN_CUSTODIA,MARLENE MIRANDA,,,,,NO,,,,NO,CUSTODIA: MARLENE MIRANDA
CFDI-2026-011754,EN_CUSTODIA,MARLENE MIRANDA,,,,,NO,,,,NO,CUSTODIA: MARLENE MIRANDA
CFDI-2026-011755,EN_CUSTODIA,MARLENE MIRANDA,,,,,NO,,,,NO,CUSTODIA: MARLENE MIRANDA
CFDI-2026-011756,EN_CUSTODIA,MARLENE MIRANDA,,,,,NO,,,,NO,CUSTODIA: MARLENE MIRANDA
CFDI-2026-011757,EN_CUSTODIA,MARLENE MIRANDA,,,,,NO,,,,NO,CUSTODIA: MARLENE MIRANDA
CFDI-2026-011758,EN_CUSTODIA,MARLENE MIRANDA,,,,,NO,,,,NO,CUSTODIA: MARLENE MIRANDA
CFDI-2026-011759,EN_CUSTODIA,MARLENE MIRANDA,,,,,NO,,,,NO,CUSTODIA: MARLENE MIRANDA
CFDI-2026-011760,EN_CUSTODIA,MARLENE MIRANDA,,,,,NO,,,,NO,CUSTODIA: MARLENE MIRANDA
CFDI-2026-011761,EN_CUSTODIA,MARLENE MIRANDA,,,,,NO,,,,NO,CUSTODIA: MARLENE MIRANDA
CFDI-2026-011762,EN_CUSTODIA,MARLENE MIRANDA,,,,,NO,,,,NO,CUSTODIA: MARLENE MIRANDA
CFDI-2026-011763,EN_CUSTODIA,MARLENE MIRANDA,,,,,NO,,,,NO,CUSTODIA: MARLENE MIRANDA
CFDI-2026-011764,EN_CUSTODIA,MARLENE MIRANDA,,,,,NO,,,,NO,CUSTODIA: MARLENE MIRANDA
CFDI-2026-011765,EN_CUSTODIA,MARLENE MIRANDA,,,,,NO,,,,NO,CUSTODIA: MARLENE MIRANDA
CFDI-2026-011766,EN_CUSTODIA,MARLENE MIRANDA,,,,,NO,,,,NO,CUSTODIA: MARLENE MIRANDA
CFDI-2026-011767,EN_CUSTODIA,MARLENE MIRANDA,,,,,NO,,,,NO,CUSTODIA: MARLENE MIRANDA
CFDI-2026-011768,EN_CUSTODIA,MARLENE MIRANDA,,,,,NO,,,,NO,CUSTODIA: MARLENE MIRANDA
CFDI-2026-011769,EN_CUSTODIA,MARLENE MIRANDA,,,,,NO,,,,NO,CUSTODIA: MARLENE MIRANDA
CFDI-2026-011770,EN_CUSTODIA,MARLENE MIRANDA,,,,,NO,,,,NO,CUSTODIA: MARLENE MIRANDA
CFDI-2026-011771,EN_CUSTODIA,MARLENE MIRANDA,,,,,NO,,,,NO,CUSTODIA: MARLENE MIRANDA
CFDI-2026-011772,EN_CUSTODIA,MARLENE MIRANDA,,,,,NO,,,,NO,CUSTODIA: MARLENE MIRANDA
CFDI-2026-011773,EN_CUSTODIA,MARLENE MIRANDA,,,,,NO,,,,NO,CUSTODIA: MARLENE MIRANDA
CFDI-2026-011774,EN_CUSTODIA,MARLENE MIRANDA,,,,,NO,,,,NO,CUSTODIA: MARLENE MIRANDA
CFDI-2026-011775,EN_CUSTODIA,MARLENE MIRANDA,,,,,NO,,,,NO,CUSTODIA: MARLENE MIRANDA
CFDI-2026-011776,EN_CUSTODIA,MARLENE MIRANDA,,,,,NO,,,,NO,CUSTODIA: MARLENE MIRANDA
CFDI-2026-011777,EN_CUSTODIA,MARLENE MIRANDA,,,,,NO,,,,NO,CUSTODIA: MARLENE MIRANDA
CFDI-2026-011778,EN_CUSTODIA,MARLENE MIRANDA,,,,,NO,,,,NO,CUSTODIA: MARLENE MIRANDA
CFDI-2026-011779,EN_CUSTODIA,MARLENE MIRANDA,,,,,NO,,,,NO,CUSTODIA: MARLENE MIRANDA
CFDI-2026-011780,EN_CUSTODIA,MARLENE MIRANDA,,,,,NO,,,,NO,CUSTODIA: MARLENE MIRANDA
CFDI-2026-011781,EN_CUSTODIA,MARLENE MIRANDA,,,,,NO,,,,NO,CUSTODIA: MARLENE MIRANDA
CFDI-2026-011782,EN_CUSTODIA,MARLENE MIRANDA,,,,,NO,,,,NO,CUSTODIA: MARLENE MIRANDA
CFDI-2026-011783,EN_CUSTODIA,MARLENE MIRANDA,,,,,NO,,,,NO,CUSTODIA: MARLENE MIRANDA
CFDI-2026-011784,EN_CUSTODIA,MARLENE MIRANDA,,,,,NO,,,,NO,CUSTODIA: MARLENE MIRANDA
CFDI-2026-011785,EN_CUSTODIA,MARLENE MIRANDA,,,,,NO,,,,NO,CUSTODIA: MARLENE MIRANDA
CFDI-2026-011786,EN_CUSTODIA,MARLENE MIRANDA,,,,,NO,,,,NO,CUSTODIA: MARLENE MIRANDA
CFDI-2026-011787,EN_CUSTODIA,MARLENE MIRANDA,,,,,NO,,,,NO,CUSTODIA: MARLENE MIRANDA
CFDI-2026-011788,EN_CUSTODIA,MARLENE MIRANDA,,,,,NO,,,,NO,CUSTODIA: MARLENE MIRANDA
CFDI-2026-011789,UTILIZADO,MARLENE MIRANDA,BENEFICIARIO,MARIELY CASTRO,HUMANSCALE,2026-10-03,SI,,,,NO,COMPROBADA / UTILIZADA
CFDI-2026-011790,ASIGNADO_OPERADOR,MARLENE MIRANDA,BENEFICIARIO,MARIELY CASTRO,,,NO,,,,NO,CON MARIELY CASTRO
CFDI-2026-011791,ASIGNADO_OPERADOR,MARLENE MIRANDA,BENEFICIARIO,MARIELY CASTRO,,,NO,,,,NO,CON MARIELY CASTRO
CFDI-2026-011792,EN_CUSTODIA,MARLENE MIRANDA,,,,,NO,,,,NO,CUSTODIA: MARLENE MIRANDA
CFDI-2026-011793,ASIGNADO_OPERADOR,MARLENE MIRANDA,BENEFICIARIO,MARIELY CASTRO,,,NO,,,,NO,CON MARIELY CASTRO
CFDI-2026-011794,ASIGNADO_OPERADOR,MARLENE MIRANDA,BENEFICIARIO,MARIELY CASTRO,,,NO,,,,NO,CON MARIELY CASTRO
CFDI-2026-011795,ASIGNADO_OPERADOR,MARLENE MIRANDA,OPERADOR,CURIEL CARRASCO PLACIDO,,,NO,,,,NO,CON CURIEL CARRASCO PLACIDO
CFDI-2026-011796,ASIGNADO_OPERADOR,MARLENE MIRANDA,OPERADOR,CURIEL CARRASCO PLACIDO,,,NO,,,,NO,CON CURIEL CARRASCO PLACIDO
CFDI-2026-011797,ASIGNADO_OPERADOR,MARLENE MIRANDA,BENEFICIARIO,MARIELY CASTRO,,,NO,,,,NO,CON MARIELY CASTRO
CFDI-2026-011798,ASIGNADO_OPERADOR,MARLENE MIRANDA,OPERADOR,ZEPEDA MORALES LUIS FERNANDO,,,NO,,,,NO,CON ZEPEDA MORALES LUIS FERNANDO
CFDI-2026-011799,EN_CUSTODIA,MARLENE MIRANDA,,,,,NO,,,,NO,CUSTODIA: MARLENE MIRANDA
CFDI-2026-011800,EN_CUSTODIA,MARLENE MIRANDA,,,,,NO,,,,NO,CUSTODIA: MARLENE MIRANDA
CFDI-2026-011801,EN_CUSTODIA,MARLENE MIRANDA,,,,,NO,,,,NO,CUSTODIA: MARLENE MIRANDA
CFDI-2026-011802,EN_CUSTODIA,MARLENE MIRANDA,,,,,NO,,,,NO,CUSTODIA: MARLENE MIRANDA
CFDI-2026-011803,EN_CUSTODIA,MARLENE MIRANDA,,,,,NO,,,,NO,CUSTODIA: MARLENE MIRANDA
CFDI-2026-011804,EN_CUSTODIA,MARLENE MIRANDA,,,,,NO,,,,NO,CUSTODIA: MARLENE MIRANDA
CFDI-2026-011805,EN_CUSTODIA,MARLENE MIRANDA,,,,,NO,,,,NO,CUSTODIA: MARLENE MIRANDA
CFDI-2026-011806,EN_CUSTODIA,MARLENE MIRANDA,,,,,NO,,,,NO,CUSTODIA: MARLENE MIRANDA
CFDI-2026-011807,EN_CUSTODIA,MARLENE MIRANDA,,,,,NO,,,,NO,CUSTODIA: MARLENE MIRANDA
CFDI-2026-011808,EN_CUSTODIA,MARLENE MIRANDA,,,,,NO,,,,NO,CUSTODIA: MARLENE MIRANDA
CFDI-2026-011809,EN_CUSTODIA,MARLENE MIRANDA,,,,,NO,,,,NO,CUSTODIA: MARLENE MIRANDA
CFDI-2026-011810,EN_CUSTODIA,MARLENE MIRANDA,,,,,NO,,,,NO,CUSTODIA: MARLENE MIRANDA
CFDI-2026-011811,EN_CUSTODIA,MARLENE MIRANDA,,,,,NO,,,,NO,CUSTODIA: MARLENE MIRANDA
CFDI-2026-011812,EN_CUSTODIA,MARLENE MIRANDA,,,,,NO,,,,NO,CUSTODIA: MARLENE MIRANDA
CFDI-2026-011813,EN_CUSTODIA,MARLENE MIRANDA,,,,,NO,,,,NO,CUSTODIA: MARLENE MIRANDA
CFDI-2026-011814,EN_CUSTODIA,MARLENE MIRANDA,,,,,NO,,,,NO,CUSTODIA: MARLENE MIRANDA
CFDI-2026-011815,EN_CUSTODIA,MARLENE MIRANDA,,,,,NO,,,,NO,CUSTODIA: MARLENE MIRANDA
CFDI-2026-011816,EN_CUSTODIA,MARLENE MIRANDA,,,,,NO,,,,NO,CUSTODIA: MARLENE MIRANDA
CFDI-2026-011817,EN_CUSTODIA,MARLENE MIRANDA,,,,,NO,,,,NO,CUSTODIA: MARLENE MIRANDA
CFDI-2026-011818,EN_CUSTODIA,MARLENE MIRANDA,,,,,NO,,,,NO,CUSTODIA: MARLENE MIRANDA
CFDI-2026-011819,EN_CUSTODIA,MARLENE MIRANDA,,,,,NO,,,,NO,CUSTODIA: MARLENE MIRANDA
CFDI-2026-011820,EN_CUSTODIA,MARLENE MIRANDA,,,,,NO,,,,NO,CUSTODIA: MARLENE MIRANDA
CFDI-2026-011821,EN_CUSTODIA,MARLENE MIRANDA,,,,,NO,,,,NO,CUSTODIA: MARLENE MIRANDA
CFDI-2026-011822,EN_CUSTODIA,MARLENE MIRANDA,,,,,NO,,,,NO,CUSTODIA: MARLENE MIRANDA
CFDI-2026-011823,EN_CUSTODIA,MARLENE MIRANDA,,,,,NO,,,,NO,CUSTODIA: MARLENE MIRANDA
CFDI-2026-011824,EN_CUSTODIA,MARLENE MIRANDA,,,,,NO,,,,NO,CUSTODIA: MARLENE MIRANDA
CFDI-2026-011825,EN_CUSTODIA,MARLENE MIRANDA,,,,,NO,,,,NO,CUSTODIA: MARLENE MIRANDA
CFDI-2026-011826,EN_CUSTODIA,MARLENE MIRANDA,,,,,NO,,,,NO,CUSTODIA: MARLENE MIRANDA
CFDI-2026-011827,EN_CUSTODIA,MARLENE MIRANDA,,,,,NO,,,,NO,CUSTODIA: MARLENE MIRANDA
CFDI-2026-011828,EN_CUSTODIA,MARLENE MIRANDA,,,,,NO,,,,NO,CUSTODIA: MARLENE MIRANDA
CFDI-2026-011829,EN_CUSTODIA,MARLENE MIRANDA,,,,,NO,,,,NO,CUSTODIA: MARLENE MIRANDA
CFDI-2026-011830,EN_CUSTODIA,MARLENE MIRANDA,,,,,NO,,,,NO,CUSTODIA: MARLENE MIRANDA
CFDI-2026-011831,EN_CUSTODIA,MARLENE MIRANDA,,,,,NO,,,,NO,CUSTODIA: MARLENE MIRANDA
CFDI-2026-011832,EN_CUSTODIA,MARLENE MIRANDA,,,,,NO,,,,NO,CUSTODIA: MARLENE MIRANDA
CFDI-2026-011833,EN_CUSTODIA,MARLENE MIRANDA,,,,,NO,,,,NO,CUSTODIA: MARLENE MIRANDA
CFDI-2026-011834,EN_CUSTODIA,MARLENE MIRANDA,,,,,NO,,,,NO,CUSTODIA: MARLENE MIRANDA
CFDI-2026-011835,EN_CUSTODIA,MARLENE MIRANDA,,,,,NO,,,,NO,CUSTODIA: MARLENE MIRANDA
CFDI-2026-011836,EN_CUSTODIA,MARLENE MIRANDA,,,,,NO,,,,NO,CUSTODIA: MARLENE MIRANDA
CFDI-2026-011837,EN_CUSTODIA,MARLENE MIRANDA,,,,,NO,,,,NO,CUSTODIA: MARLENE MIRANDA
CFDI-2026-011838,EN_CUSTODIA,MARLENE MIRANDA,,,,,NO,,,,NO,CUSTODIA: MARLENE MIRANDA
CFDI-2026-011839,EN_CUSTODIA,MARLENE MIRANDA,,,,,NO,,,,NO,CUSTODIA: MARLENE MIRANDA
CFDI-2026-011840,EN_CUSTODIA,MARLENE MIRANDA,,,,,NO,,,,NO,CUSTODIA: MARLENE MIRANDA
CFDI-2026-011841,EN_CUSTODIA,MARLENE MIRANDA,,,,,NO,,,,NO,CUSTODIA: MARLENE MIRANDA
CFDI-2026-011842,EN_CUSTODIA,MARLENE MIRANDA,,,,,NO,,,,NO,CUSTODIA: MARLENE MIRANDA
CFDI-2026-011843,EN_CUSTODIA,MARLENE MIRANDA,,,,,NO,,,,NO,CUSTODIA: MARLENE MIRANDA
CFDI-2026-011844,EN_CUSTODIA,MARLENE MIRANDA,,,,,NO,,,,NO,CUSTODIA: MARLENE MIRANDA
CFDI-2026-011845,EN_CUSTODIA,MARLENE MIRANDA,,,,,NO,,,,NO,CUSTODIA: MARLENE MIRANDA
CFDI-2026-011846,EN_CUSTODIA,MARLENE MIRANDA,,,,,NO,,,,NO,CUSTODIA: MARLENE MIRANDA
CFDI-2026-011847,EN_CUSTODIA,MARLENE MIRANDA,,,,,NO,,,,NO,CUSTODIA: MARLENE MIRANDA
CFDI-2026-011848,EN_CUSTODIA,MARLENE MIRANDA,,,,,NO,,,,NO,CUSTODIA: MARLENE MIRANDA
CFDI-2026-011849,EN_CUSTODIA,MARLENE MIRANDA,,,,,NO,,,,NO,CUSTODIA: MARLENE MIRANDA
CFDI-2026-011850,EN_CUSTODIA,MARLENE MIRANDA,,,,,NO,,,,NO,CUSTODIA: MARLENE MIRANDA
CFDI-2026-011851,EN_CUSTODIA,MARLENE MIRANDA,,,,,NO,,,,NO,CUSTODIA: MARLENE MIRANDA
CFDI-2026-011852,EN_CUSTODIA,MARLENE MIRANDA,,,,,NO,,,,NO,CUSTODIA: MARLENE MIRANDA
CFDI-2026-011853,EN_CUSTODIA,MARLENE MIRANDA,,,,,NO,,,,NO,CUSTODIA: MARLENE MIRANDA
CFDI-2026-011854,EN_CUSTODIA,MARLENE MIRANDA,,,,,NO,,,,NO,CUSTODIA: MARLENE MIRANDA
CFDI-2026-011855,EN_CUSTODIA,MARLENE MIRANDA,,,,,NO,,,,NO,CUSTODIA: MARLENE MIRANDA
CFDI-2026-011856,EN_CUSTODIA,MARLENE MIRANDA,,,,,NO,,,,NO,CUSTODIA: MARLENE MIRANDA
CFDI-2026-011857,EN_CUSTODIA,MARLENE MIRANDA,,,,,NO,,,,NO,CUSTODIA: MARLENE MIRANDA
CFDI-2026-011858,EN_CUSTODIA,MARLENE MIRANDA,,,,,NO,,,,NO,CUSTODIA: MARLENE MIRANDA
CFDI-2026-011859,UTILIZADO,MARLENE MIRANDA,OPERADOR,ARROYO PERALTA ISAAC,ITT ICS,2026-09-29,SI,,,,NO,COMPROBADA / UTILIZADA
CFDI-2026-011860,UTILIZADO,MARLENE MIRANDA,OPERADOR,ARROYO PERALTA ISAAC,ITT CT,2026-10-01,SI,,,,NO,COMPROBADA / UTILIZADA
CFDI-2026-011861,UTILIZADO,MARLENE MIRANDA,OPERADOR,ARROYO PERALTA ISAAC,ITT BIW,2026-09-30,SI,,,,NO,COMPROBADA / UTILIZADA
CFDI-2026-011862,CANCELADO,MARLENE MIRANDA,OPERADOR,CURIEL CARRASCO PLACIDO,,2026-09-28,NO,,,,NO,CANCELADA
CFDI-2026-011863,ASIGNADO_OPERADOR,MARLENE MIRANDA,BENEFICIARIO,MARIELY CASTRO,,,NO,,,,NO,CON MARIELY CASTRO
CFDI-2026-011864,EN_CUSTODIA,MARLENE MIRANDA,,,,,NO,,,,NO,CUSTODIA: MARLENE MIRANDA
CFDI-2026-011865,EN_CUSTODIA,MARLENE MIRANDA,,,,,NO,,,,NO,CUSTODIA: MARLENE MIRANDA
CFDI-2026-011866,EN_CUSTODIA,MARLENE MIRANDA,,,,,NO,,,,NO,CUSTODIA: MARLENE MIRANDA
CFDI-2026-011867,EN_CUSTODIA,MARLENE MIRANDA,,,,,NO,,,,NO,CUSTODIA: MARLENE MIRANDA
CFDI-2026-011868,EN_CUSTODIA,MARLENE MIRANDA,,,,,NO,,,,NO,CUSTODIA: MARLENE MIRANDA
CFDI-2026-011869,EN_CUSTODIA,MARLENE MIRANDA,,,,,NO,,,,NO,CUSTODIA: MARLENE MIRANDA
CFDI-2026-011870,EN_CUSTODIA,MARLENE MIRANDA,,,,,NO,,,,NO,CUSTODIA: MARLENE MIRANDA
CFDI-2026-011871,EN_CUSTODIA,MARLENE MIRANDA,,,,,NO,,,,NO,CUSTODIA: MARLENE MIRANDA
CFDI-2026-011872,EN_CUSTODIA,MARLENE MIRANDA,,,,,NO,,,,NO,CUSTODIA: MARLENE MIRANDA
CFDI-2026-011873,EN_CUSTODIA,MARLENE MIRANDA,,,,,NO,,,,NO,CUSTODIA: MARLENE MIRANDA
CFDI-2026-011874,EN_CUSTODIA,MARLENE MIRANDA,,,,,NO,,,,NO,CUSTODIA: MARLENE MIRANDA
CFDI-2026-011875,EN_CUSTODIA,MARLENE MIRANDA,,,,,NO,,,,NO,CUSTODIA: MARLENE MIRANDA
CFDI-2026-011876,EN_CUSTODIA,MARLENE MIRANDA,,,,,NO,,,,NO,CUSTODIA: MARLENE MIRANDA
CFDI-2026-011877,EN_CUSTODIA,MARLENE MIRANDA,,,,,NO,,,,NO,CUSTODIA: MARLENE MIRANDA
CFDI-2026-011878,EN_CUSTODIA,MARLENE MIRANDA,,,,,NO,,,,NO,CUSTODIA: MARLENE MIRANDA
CFDI-2026-011879,EN_CUSTODIA,MARLENE MIRANDA,,,,,NO,,,,NO,CUSTODIA: MARLENE MIRANDA
CFDI-2026-011880,EN_CUSTODIA,MARLENE MIRANDA,,,,,NO,,,,NO,CUSTODIA: MARLENE MIRANDA
CFDI-2026-011881,EN_CUSTODIA,MARLENE MIRANDA,,,,,NO,,,,NO,CUSTODIA: MARLENE MIRANDA
CFDI-2026-011882,EN_CUSTODIA,MARLENE MIRANDA,,,,,NO,,,,NO,CUSTODIA: MARLENE MIRANDA
CFDI-2026-011883,EN_CUSTODIA,MARLENE MIRANDA,,,,,NO,,,,NO,CUSTODIA: MARLENE MIRANDA
CFDI-2026-011884,EN_CUSTODIA,MARLENE MIRANDA,,,,,NO,,,,NO,CUSTODIA: MARLENE MIRANDA
CFDI-2026-011885,EN_CUSTODIA,MARLENE MIRANDA,,,,,NO,,,,NO,CUSTODIA: MARLENE MIRANDA
CFDI-2026-011886,EN_CUSTODIA,MARLENE MIRANDA,,,,,NO,,,,NO,CUSTODIA: MARLENE MIRANDA
CFDI-2026-011887,EN_CUSTODIA,MARLENE MIRANDA,,,,,NO,,,,NO,CUSTODIA: MARLENE MIRANDA
CFDI-2026-011888,EN_CUSTODIA,MARLENE MIRANDA,,,,,NO,,,,NO,CUSTODIA: MARLENE MIRANDA
CFDI-2026-011889,EN_CUSTODIA,MARLENE MIRANDA,,,,,NO,,,,NO,CUSTODIA: MARLENE MIRANDA
CFDI-2026-011890,EN_CUSTODIA,MARLENE MIRANDA,,,,,NO,,,,NO,CUSTODIA: MARLENE MIRANDA
CFDI-2026-011891,EN_CUSTODIA,MARLENE MIRANDA,,,,,NO,,,,NO,CUSTODIA: MARLENE MIRANDA
CFDI-2026-011892,EN_CUSTODIA,MARLENE MIRANDA,,,,,NO,,,,NO,CUSTODIA: MARLENE MIRANDA
CFDI-2026-011893,EN_CUSTODIA,MARLENE MIRANDA,,,,,NO,,,,NO,CUSTODIA: MARLENE MIRANDA
CFDI-2026-011894,EN_CUSTODIA,MARLENE MIRANDA,,,,,NO,,,,NO,CUSTODIA: MARLENE MIRANDA
CFDI-2026-011895,EN_CUSTODIA,MARLENE MIRANDA,,,,,NO,,,,NO,CUSTODIA: MARLENE MIRANDA
CFDI-2026-011896,EN_CUSTODIA,MARLENE MIRANDA,,,,,NO,,,,NO,CUSTODIA: MARLENE MIRANDA
CFDI-2026-011897,EN_CUSTODIA,MARLENE MIRANDA,,,,,NO,,,,NO,CUSTODIA: MARLENE MIRANDA
CFDI-2026-011898,UTILIZADO,MARLENE MIRANDA,BENEFICIARIO,ISIS SOTO,AMPHENOL OPTIMIZE MEXICO,2026-10-02,SI,,,,NO,COMPROBADA / UTILIZADA
CFDI-2026-011899,UTILIZADO,MARLENE MIRANDA,BENEFICIARIO,ISIS SOTO,PRODUCTOS PARA EL CUIDADO DE LA SALUD,2026-10-02,SI,,,,NO,COMPROBADA / UTILIZADA
CFDI-2026-011900,UTILIZADO,MARLENE MIRANDA,BENEFICIARIO,ISIS SOTO,PRODUCTOS PARA EL CUIDADO DE LA SALUD,2026-10-02,SI,,,,NO,COMPROBADA / UTILIZADA
CFDI-2026-011901,UTILIZADO,MARLENE MIRANDA,BENEFICIARIO,ISIS SOTO,PRODUCTOS PARA EL CUIDADO DE LA SALUD,2026-10-02,SI,,,,NO,COMPROBADA / UTILIZADA
CFDI-2026-011902,EN_CUSTODIA,MARLENE MIRANDA,,,,,NO,,,,NO,CUSTODIA: MARLENE MIRANDA
CFDI-2026-011903,EN_CUSTODIA,MARLENE MIRANDA,,,,,NO,,,,NO,CUSTODIA: MARLENE MIRANDA
CFDI-2026-011904,EN_CUSTODIA,MARLENE MIRANDA,,,,,NO,,,,NO,CUSTODIA: MARLENE MIRANDA
CFDI-2026-011905,UTILIZADO,MARLENE MIRANDA,OPERADOR,ESTRADA GARCIA JAIME,ITT CT,2026-10-01,SI,,,,NO,COMPROBADA / UTILIZADA
CFDI-2026-011906,EN_CUSTODIA,MARLENE MIRANDA,,,,,NO,,,,NO,CUSTODIA: MARLENE MIRANDA
CFDI-2026-011907,EN_CUSTODIA,MARLENE MIRANDA,,,,,NO,,,,NO,CUSTODIA: MARLENE MIRANDA
CFDI-2026-011908,ASIGNADO_OPERADOR,MARLENE MIRANDA,OPERADOR,VALENZUELA VERDUZCO RICARDO,,,NO,,,,NO,CON VALENZUELA VERDUZCO RICARDO
CFDI-2026-011909,UTILIZADO,MARLENE MIRANDA,OPERADOR,VALENZUELA VERDUZCO RICARDO,ITT BIW,2026-09-30,SI,,,,NO,COMPROBADA / UTILIZADA
CFDI-2026-011910,UTILIZADO,MARLENE MIRANDA,OPERADOR,VALENZUELA VERDUZCO RICARDO,ITT CT,2026-10-02,SI,,,,NO,COMPROBADA / UTILIZADA
CFDI-2026-011911,ASIGNADO_OPERADOR,MARLENE MIRANDA,OPERADOR,VALENZUELA VERDUZCO RICARDO,,,NO,,,,NO,CON VALENZUELA VERDUZCO RICARDO
CFDI-2026-011912,EN_CUSTODIA,MARLENE MIRANDA,,,,,NO,,,,NO,CUSTODIA: MARLENE MIRANDA
CFDI-2026-011913,UTILIZADO,MARLENE MIRANDA,OPERADOR,CURIEL CARRASCO PLACIDO,ITT CT,2026-10-01,SI,,,,NO,COMPROBADA / UTILIZADA
CFDI-2026-011914,UTILIZADO,MARLENE MIRANDA,OPERADOR,CURIEL CARRASCO PLACIDO,ITT ICS,2026-10-02,SI,,,,NO,COMPROBADA / UTILIZADA
CFDI-2026-011915,ASIGNADO_OPERADOR,MARLENE MIRANDA,OPERADOR,MEDINA ARMENDARIZ LUIS ENRIQUE,,,NO,,,,NO,CON MEDINA ARMENDARIZ LUIS ENRIQUE
CFDI-2026-011916,ASIGNADO_OPERADOR,MARLENE MIRANDA,OPERADOR,MEDINA ARMENDARIZ LUIS ENRIQUE,,,NO,,,,NO,CON MEDINA ARMENDARIZ LUIS ENRIQUE
CFDI-2026-011917,ASIGNADO_OPERADOR,MARLENE MIRANDA,OPERADOR,MEDINA ARMENDARIZ LUIS ENRIQUE,,,NO,,,,NO,CON MEDINA ARMENDARIZ LUIS ENRIQUE
CFDI-2026-011918,UTILIZADO,MARLENE MIRANDA,OPERADOR,DE LEON HERNANDEZ ABRAHAM,ITT CT,2026-09-28,SI,,,,NO,COMPROBADA / UTILIZADA
CFDI-2026-011919,UTILIZADO,MARLENE MIRANDA,OPERADOR,DE LEON HERNANDEZ ABRAHAM,ITT CT,2026-09-28,SI,,,,NO,COMPROBADA / UTILIZADA
CFDI-2026-011920,EN_CUSTODIA,MARLENE MIRANDA,,,,,NO,,,,NO,CUSTODIA: MARLENE MIRANDA
CFDI-2026-011921,UTILIZADO,MARLENE MIRANDA,BENEFICIARIO,MARIELY CASTRO,PRODUCTOS PARA EL CUIDADO DE LA SALUD,2026-09-28,SI,,,,NO,COMPROBADA / UTILIZADA
CFDI-2026-011922,UTILIZADO,MARLENE MIRANDA,BENEFICIARIO,MARIELY CASTRO,AMPHENOL OPTIMIZE MEXICO,2026-09-28,SI,,,,NO,COMPROBADA / UTILIZADA
CFDI-2026-011923,UTILIZADO,MARLENE MIRANDA,BENEFICIARIO,MARIELY CASTRO,PRODUCTOS PARA EL CUIDADO DE LA SALUD,2026-09-28,SI,,,,NO,COMPROBADA / UTILIZADA
CFDI-2026-011924,UTILIZADO,MARLENE MIRANDA,BENEFICIARIO,MARIELY CASTRO,PRODUCTOS PARA EL CUIDADO DE LA SALUD,2026-09-28,SI,,,,NO,COMPROBADA / UTILIZADA
CFDI-2026-011925,UTILIZADO,MARLENE MIRANDA,BENEFICIARIO,MARIELY CASTRO,DORMAKABA,2026-09-28,SI,,,,NO,COMPROBADA / UTILIZADA
CFDI-2026-011926,UTILIZADO,MARLENE MIRANDA,BENEFICIARIO,MARIELY CASTRO,INTEGRATED CABLE ASSEMBLY HOLDINGS,2026-09-28,SI,,,,NO,COMPROBADA / UTILIZADA
CFDI-2026-011927,UTILIZADO,MARLENE MIRANDA,BENEFICIARIO,MARIELY CASTRO,DORMAKABA,2026-09-28,SI,,,,NO,COMPROBADA / UTILIZADA
CFDI-2026-011928,UTILIZADO,MARLENE MIRANDA,BENEFICIARIO,MARIELY CASTRO,PRODUCTOS PARA EL CUIDADO DE LA SALUD,2026-09-28,SI,,,,NO,COMPROBADA / UTILIZADA
CFDI-2026-011929,UTILIZADO,MARLENE MIRANDA,BENEFICIARIO,MARIELY CASTRO,EDWARDS VACCUM,2026-09-28,SI,,,,NO,COMPROBADA / UTILIZADA
CFDI-2026-011930,UTILIZADO,MARLENE MIRANDA,BENEFICIARIO,MARIELY CASTRO,DORMAKABA,2026-09-28,SI,,,,NO,COMPROBADA / UTILIZADA
CFDI-2026-011931,UTILIZADO,MARLENE MIRANDA,BENEFICIARIO,MARIELY CASTRO,AMPHENOL OPTIMIZE MEXICO,2026-09-28,SI,,,,NO,COMPROBADA / UTILIZADA
CFDI-2026-011932,UTILIZADO,MARLENE MIRANDA,BENEFICIARIO,MARIELY CASTRO,WESTMED DE MEXICO,2026-09-28,SI,,,,NO,COMPROBADA / UTILIZADA
CFDI-2026-011933,UTILIZADO,MARLENE MIRANDA,BENEFICIARIO,MARIELY CASTRO,BECTON DICKINSON INFUSION THERAPY SYSTEMS INC,2026-09-28,SI,,,,NO,COMPROBADA / UTILIZADA
CFDI-2026-011934,UTILIZADO,MARLENE MIRANDA,BENEFICIARIO,MARIELY CASTRO,BECTON DICKINSON INFUSION THERAPY SYSTEMS INC,2026-09-28,SI,,,,NO,COMPROBADA / UTILIZADA
CFDI-2026-011935,UTILIZADO,MARLENE MIRANDA,BENEFICIARIO,MARIELY CASTRO,DORMAKABA,2026-09-28,SI,,,,NO,COMPROBADA / UTILIZADA
CFDI-2026-011936,UTILIZADO,MARLENE MIRANDA,BENEFICIARIO,MARIELY CASTRO,PRODUCTOS PARA EL CUIDADO DE LA SALUD,2026-09-28,SI,,,,NO,COMPROBADA / UTILIZADA
CFDI-2026-011937,UTILIZADO,MARLENE MIRANDA,BENEFICIARIO,MARIELY CASTRO,AMPHENOL OPTIMIZE MEXICO,2026-09-28,SI,,,,NO,COMPROBADA / UTILIZADA
CFDI-2026-011938,UTILIZADO,MARLENE MIRANDA,BENEFICIARIO,MARIELY CASTRO,WEISER LOCK MEXICO,2026-09-28,SI,,,,NO,COMPROBADA / UTILIZADA
CFDI-2026-011939,UTILIZADO,MARLENE MIRANDA,BENEFICIARIO,MARIELY CASTRO,MTD CONSUMER PRODUCTS MEXICO,2026-09-28,SI,,,,NO,COMPROBADA / UTILIZADA
CFDI-2026-011940,UTILIZADO,MARLENE MIRANDA,BENEFICIARIO,MARIELY CASTRO,BECTON DICKINSON INFUSION THERAPY SYSTEMS INC,2026-09-28,SI,,,,NO,COMPROBADA / UTILIZADA
CFDI-2026-011941,UTILIZADO,MARLENE MIRANDA,BENEFICIARIO,MARIELY CASTRO,AMPHENOL ONANON,2026-09-28,SI,,,,NO,COMPROBADA / UTILIZADA
CFDI-2026-011942,UTILIZADO,MARLENE MIRANDA,BENEFICIARIO,MARIELY CASTRO,HUMANSCALE,2026-09-28,SI,,,,NO,COMPROBADA / UTILIZADA
CFDI-2026-011943,UTILIZADO,MARLENE MIRANDA,BENEFICIARIO,MARIELY CASTRO,INTEGRATED CABLE ASSEMBLY HOLDINGS,2026-09-29,SI,,,,NO,COMPROBADA / UTILIZADA
CFDI-2026-011944,UTILIZADO,MARLENE MIRANDA,BENEFICIARIO,MARIELY CASTRO,AMPHENOL OPTIMIZE MEXICO,2026-09-29,SI,,,,NO,COMPROBADA / UTILIZADA
CFDI-2026-011945,UTILIZADO,MARLENE MIRANDA,BENEFICIARIO,MARIELY CASTRO,WESTMED DE MEXICO,2026-09-29,SI,,,,NO,COMPROBADA / UTILIZADA
CFDI-2026-011946,UTILIZADO,MARLENE MIRANDA,BENEFICIARIO,MARIELY CASTRO,AMPHENOL SAA,2026-09-28,SI,,,,NO,COMPROBADA / UTILIZADA
CFDI-2026-011947,UTILIZADO,MARLENE MIRANDA,BENEFICIARIO,MARIELY CASTRO,WEISER LOCK MEXICO,2026-09-29,SI,,,,NO,COMPROBADA / UTILIZADA
CFDI-2026-011948,UTILIZADO,MARLENE MIRANDA,BENEFICIARIO,MARIELY CASTRO,BECTON DICKINSON INFUSION THERAPY SYSTEMS INC,2026-09-29,SI,,,,NO,COMPROBADA / UTILIZADA
CFDI-2026-011949,UTILIZADO,MARLENE MIRANDA,BENEFICIARIO,MARIELY CASTRO,DORMAKABA,2026-09-29,SI,,,,NO,COMPROBADA / UTILIZADA
CFDI-2026-011950,UTILIZADO,MARLENE MIRANDA,BENEFICIARIO,MARIELY CASTRO,BUSSMANN,2026-09-29,SI,,,,NO,COMPROBADA / UTILIZADA
CFDI-2026-011951,UTILIZADO,MARLENE MIRANDA,BENEFICIARIO,MARIELY CASTRO,HUMANSCALE,2026-09-29,SI,,,,NO,COMPROBADA / UTILIZADA
CFDI-2026-011952,UTILIZADO,MARLENE MIRANDA,BENEFICIARIO,MARIELY CASTRO,WEISER LOCK MEXICO,2026-09-29,SI,,,,NO,COMPROBADA / UTILIZADA
CFDI-2026-011953,UTILIZADO,MARLENE MIRANDA,BENEFICIARIO,MARIELY CASTRO,WESTMED DE MEXICO,2026-09-29,SI,,,,NO,COMPROBADA / UTILIZADA
CFDI-2026-011954,UTILIZADO,MARLENE MIRANDA,BENEFICIARIO,MARIELY CASTRO,AMPHENOL OPTIMIZE MEXICO,2026-09-29,SI,,,,NO,COMPROBADA / UTILIZADA
CFDI-2026-011955,UTILIZADO,MARLENE MIRANDA,BENEFICIARIO,MARIELY CASTRO,PRODUCTOS PARA EL CUIDADO DE LA SALUD,2026-09-29,SI,,,,NO,COMPROBADA / UTILIZADA
CFDI-2026-011956,UTILIZADO,MARLENE MIRANDA,BENEFICIARIO,MARIELY CASTRO,BECTON DICKINSON INFUSION THERAPY SYSTEMS INC,2026-09-29,SI,,,,NO,COMPROBADA / UTILIZADA
CFDI-2026-011957,UTILIZADO,MARLENE MIRANDA,BENEFICIARIO,MARIELY CASTRO,BECTON DICKINSON INFUSION THERAPY SYSTEMS INC,2026-09-29,SI,,,,NO,COMPROBADA / UTILIZADA
CFDI-2026-011958,UTILIZADO,MARLENE MIRANDA,BENEFICIARIO,MARIELY CASTRO,INTEGRATED CABLE ASSEMBLY HOLDINGS,2026-09-29,SI,,,,NO,COMPROBADA / UTILIZADA
CFDI-2026-011959,UTILIZADO,MARLENE MIRANDA,BENEFICIARIO,MARIELY CASTRO,PRODUCTOS PARA EL CUIDADO DE LA SALUD,2026-09-29,SI,,,,NO,COMPROBADA / UTILIZADA
CFDI-2026-011960,UTILIZADO,MARLENE MIRANDA,BENEFICIARIO,MARIELY CASTRO,EDWARDS VACCUM,2026-09-29,SI,,,,NO,COMPROBADA / UTILIZADA
CFDI-2026-011961,UTILIZADO,MARLENE MIRANDA,BENEFICIARIO,MARIELY CASTRO,BECTON DICKINSON INFUSION THERAPY SYSTEMS INC,2026-09-29,SI,,,,NO,COMPROBADA / UTILIZADA
CFDI-2026-011962,UTILIZADO,MARLENE MIRANDA,BENEFICIARIO,MARIELY CASTRO,PRODUCTOS PARA EL CUIDADO DE LA SALUD,2026-09-29,SI,,,,NO,COMPROBADA / UTILIZADA
CFDI-2026-011963,UTILIZADO,MARLENE MIRANDA,BENEFICIARIO,MARIELY CASTRO,INTEGRATED CABLE ASSEMBLY HOLDINGS,2026-09-29,SI,,,,NO,COMPROBADA / UTILIZADA
CFDI-2026-011964,UTILIZADO,MARLENE MIRANDA,BENEFICIARIO,MARIELY CASTRO,ALTEX,2026-09-29,SI,,,,NO,COMPROBADA / UTILIZADA
CFDI-2026-011965,UTILIZADO,MARLENE MIRANDA,BENEFICIARIO,MARIELY CASTRO,BECTON DICKINSON INFUSION THERAPY SYSTEMS INC,2026-09-29,SI,,,,NO,COMPROBADA / UTILIZADA
CFDI-2026-011966,UTILIZADO,MARLENE MIRANDA,BENEFICIARIO,MARIELY CASTRO,AMPHENOL OPTIMIZE MEXICO,2026-09-29,SI,,,,NO,COMPROBADA / UTILIZADA
CFDI-2026-011967,UTILIZADO,MARLENE MIRANDA,BENEFICIARIO,MARIELY CASTRO,MTD CONSUMER PRODUCTS MEXICO,2026-09-29,SI,,,,NO,COMPROBADA / UTILIZADA
CFDI-2026-011968,UTILIZADO,MARLENE MIRANDA,BENEFICIARIO,MARIELY CASTRO,BUSSMANN,2026-09-30,SI,,,,NO,COMPROBADA / UTILIZADA
CFDI-2026-011969,UTILIZADO,MARLENE MIRANDA,BENEFICIARIO,MARIELY CASTRO,DORMAKABA,2026-09-30,SI,,,,NO,COMPROBADA / UTILIZADA
CFDI-2026-011970,UTILIZADO,MARLENE MIRANDA,BENEFICIARIO,MARIELY CASTRO,DORMAKABA,2026-09-30,SI,,,,NO,COMPROBADA / UTILIZADA
CFDI-2026-011971,ASIGNADO_OPERADOR,MARLENE MIRANDA,BENEFICIARIO,MARIELY CASTRO,,,SI,,,,NO,CON MARIELY CASTRO
CFDI-2026-011972,UTILIZADO,MARLENE MIRANDA,BENEFICIARIO,MARIELY CASTRO,INTEGRATED CABLE ASSEMBLY HOLDINGS,2026-09-30,SI,,,,NO,COMPROBADA / UTILIZADA
CFDI-2026-011973,UTILIZADO,MARLENE MIRANDA,BENEFICIARIO,MARIELY CASTRO,BUSSMANN,2026-10-01,SI,,,,NO,COMPROBADA / UTILIZADA
CFDI-2026-011974,UTILIZADO,MARLENE MIRANDA,BENEFICIARIO,MARIELY CASTRO,PRODUCTOS PARA EL CUIDADO DE LA SALUD,2026-09-30,SI,,,,NO,COMPROBADA / UTILIZADA
CFDI-2026-011975,UTILIZADO,MARLENE MIRANDA,BENEFICIARIO,MARIELY CASTRO,DORMAKABA,2026-10-01,SI,,,,NO,COMPROBADA / UTILIZADA
CFDI-2026-011976,UTILIZADO,MARLENE MIRANDA,BENEFICIARIO,MARIELY CASTRO,AMPHENOL ALDEN PRODUCTS MEXICO,2026-10-01,SI,,,,NO,COMPROBADA / UTILIZADA
CFDI-2026-011977,UTILIZADO,MARLENE MIRANDA,BENEFICIARIO,MARIELY CASTRO,MTD CONSUMER PRODUCTS MEXICO,2026-09-30,SI,,,,NO,COMPROBADA / UTILIZADA
CFDI-2026-011978,UTILIZADO,MARLENE MIRANDA,BENEFICIARIO,MARIELY CASTRO,HUMANSCALE,2026-10-01,SI,,,,NO,COMPROBADA / UTILIZADA
CFDI-2026-011979,UTILIZADO,MARLENE MIRANDA,BENEFICIARIO,MARIELY CASTRO,EDWARDS VACCUM,2026-10-01,SI,,,,NO,COMPROBADA / UTILIZADA
CFDI-2026-011980,UTILIZADO,MARLENE MIRANDA,BENEFICIARIO,MARIELY CASTRO,AVENT,2026-10-01,SI,,,,NO,COMPROBADA / UTILIZADA
CFDI-2026-011981,UTILIZADO,MARLENE MIRANDA,BENEFICIARIO,OSIRIS,PRODUCTOS PARA EL CUIDADO DE LA SALUD,2026-09-28,SI,,,,NO,COMPROBADA / UTILIZADA
CFDI-2026-011982,UTILIZADO,MARLENE MIRANDA,BENEFICIARIO,OSIRIS,BUSSMANN,2026-09-28,SI,,,,NO,COMPROBADA / UTILIZADA
CFDI-2026-011983,UTILIZADO,MARLENE MIRANDA,BENEFICIARIO,OSIRIS,PRODUCTOS PARA EL CUIDADO DE LA SALUD,2026-09-28,SI,,,,NO,COMPROBADA / UTILIZADA
CFDI-2026-011984,UTILIZADO,MARLENE MIRANDA,BENEFICIARIO,OSIRIS,BECTON DICKINSON INFUSION THERAPY SYSTEMS INC,2026-09-28,SI,,,,NO,COMPROBADA / UTILIZADA
CFDI-2026-011985,UTILIZADO,MARLENE MIRANDA,BENEFICIARIO,OSIRIS,AMPHENOL OPTIMIZE MEXICO,2026-09-28,SI,,,,NO,COMPROBADA / UTILIZADA
CFDI-2026-011986,UTILIZADO,MARLENE MIRANDA,BENEFICIARIO,OSIRIS,AMPHENOL ALDEN PRODUCTS MEXICO,2026-09-28,SI,,,,NO,COMPROBADA / UTILIZADA
CFDI-2026-011987,UTILIZADO,MARLENE MIRANDA,BENEFICIARIO,OSIRIS,WEISER LOCK MEXICO,2026-09-28,SI,,,,NO,COMPROBADA / UTILIZADA
CFDI-2026-011988,UTILIZADO,MARLENE MIRANDA,BENEFICIARIO,OSIRIS,PRODUCTOS PARA EL CUIDADO DE LA SALUD,2026-09-28,SI,,,,NO,COMPROBADA / UTILIZADA
CFDI-2026-011989,UTILIZADO,MARLENE MIRANDA,BENEFICIARIO,OSIRIS,WEISER LOCK MEXICO,2026-09-28,SI,,,,NO,COMPROBADA / UTILIZADA
CFDI-2026-011990,UTILIZADO,MARLENE MIRANDA,BENEFICIARIO,OSIRIS,PRODUCTOS PARA EL CUIDADO DE LA SALUD,2026-09-28,SI,,,,NO,COMPROBADA / UTILIZADA
CFDI-2026-011991,UTILIZADO,MARLENE MIRANDA,BENEFICIARIO,OSIRIS,BECTON DICKINSON INFUSION THERAPY SYSTEMS INC,2026-09-28,SI,,,,NO,COMPROBADA / UTILIZADA
CFDI-2026-011992,UTILIZADO,MARLENE MIRANDA,BENEFICIARIO,OSIRIS,EDWARDS VACCUM,2026-09-28,SI,,,,NO,COMPROBADA / UTILIZADA
CFDI-2026-011993,UTILIZADO,MARLENE MIRANDA,BENEFICIARIO,OSIRIS,AMPHENOL OPTIMIZE MEXICO,2026-09-28,SI,,,,NO,COMPROBADA / UTILIZADA
CFDI-2026-011994,UTILIZADO,MARLENE MIRANDA,BENEFICIARIO,OSIRIS,AMPHENOL OPTIMIZE MEXICO,2026-09-28,SI,,,,NO,COMPROBADA / UTILIZADA
CFDI-2026-011995,UTILIZADO,MARLENE MIRANDA,BENEFICIARIO,OSIRIS,AMPHENOL OPTIMIZE MEXICO,2026-09-28,SI,,,,NO,COMPROBADA / UTILIZADA
CFDI-2026-011996,UTILIZADO,MARLENE MIRANDA,BENEFICIARIO,OSIRIS,AMPHENOL OPTIMIZE MEXICO,2026-10-02,SI,,,,NO,COMPROBADA / UTILIZADA
CFDI-2026-011997,UTILIZADO,MARLENE MIRANDA,BENEFICIARIO,OSIRIS,AVENT,2026-09-28,SI,,,,NO,COMPROBADA / UTILIZADA
CFDI-2026-011998,UTILIZADO,MARLENE MIRANDA,BENEFICIARIO,OSIRIS,PRODUCTOS PARA EL CUIDADO DE LA SALUD,2026-09-28,SI,,,,NO,COMPROBADA / UTILIZADA
CFDI-2026-011999,UTILIZADO,MARLENE MIRANDA,BENEFICIARIO,OSIRIS,AMPHENOL OPTIMIZE MEXICO,2026-09-28,SI,,,,NO,COMPROBADA / UTILIZADA
CFDI-2026-012000,UTILIZADO,MARLENE MIRANDA,BENEFICIARIO,OSIRIS,AMPHENOL SAA,2026-09-29,SI,,,,NO,COMPROBADA / UTILIZADA
CFDI-2026-012001,UTILIZADO,MARLENE MIRANDA,BENEFICIARIO,OSIRIS,NORTH AMERICAN INTERCONNECT,2026-09-29,SI,,,,NO,COMPROBADA / UTILIZADA
CFDI-2026-012002,UTILIZADO,MARLENE MIRANDA,BENEFICIARIO,OSIRIS,BUSSMANN,2026-09-29,SI,,,,NO,COMPROBADA / UTILIZADA
CFDI-2026-012003,UTILIZADO,MARLENE MIRANDA,BENEFICIARIO,OSIRIS,AMPHENOL ONANON,2026-09-29,SI,,,,NO,COMPROBADA / UTILIZADA
CFDI-2026-012004,UTILIZADO,MARLENE MIRANDA,BENEFICIARIO,OSIRIS,AVENT,2026-09-29,SI,,,,NO,COMPROBADA / UTILIZADA
CFDI-2026-012005,UTILIZADO,MARLENE MIRANDA,BENEFICIARIO,OSIRIS,WEISER LOCK MEXICO,2026-09-30,SI,,,,NO,COMPROBADA / UTILIZADA
CFDI-2026-012006,UTILIZADO,MARLENE MIRANDA,BENEFICIARIO,OSIRIS,PRODUCTOS PARA EL CUIDADO DE LA SALUD,2026-09-30,SI,,,,NO,COMPROBADA / UTILIZADA
CFDI-2026-012007,UTILIZADO,MARLENE MIRANDA,BENEFICIARIO,OSIRIS,AMPHENOL OPTIMIZE MEXICO,2026-09-30,SI,,,,NO,COMPROBADA / UTILIZADA
CFDI-2026-012008,UTILIZADO,MARLENE MIRANDA,BENEFICIARIO,OSIRIS,AMPHENOL ONANON,2026-09-30,SI,,,,NO,COMPROBADA / UTILIZADA
CFDI-2026-012009,UTILIZADO,MARLENE MIRANDA,BENEFICIARIO,OSIRIS,PRODUCTOS PARA EL CUIDADO DE LA SALUD,2026-09-30,SI,,,,NO,COMPROBADA / UTILIZADA
CFDI-2026-012010,UTILIZADO,MARLENE MIRANDA,BENEFICIARIO,OSIRIS,WESTMED DE MEXICO,2026-09-30,SI,,,,NO,COMPROBADA / UTILIZADA
CFDI-2026-012011,UTILIZADO,MARLENE MIRANDA,BENEFICIARIO,OSIRIS,AMPHENOL OPTIMIZE MEXICO,2026-09-30,SI,,,,NO,COMPROBADA / UTILIZADA
CFDI-2026-012012,UTILIZADO,MARLENE MIRANDA,BENEFICIARIO,OSIRIS,MTD CONSUMER PRODUCTS MEXICO,2026-09-30,SI,,,,NO,COMPROBADA / UTILIZADA
CFDI-2026-012013,UTILIZADO,MARLENE MIRANDA,BENEFICIARIO,OSIRIS,EDWARDS VACCUM,2026-09-30,SI,,,,NO,COMPROBADA / UTILIZADA
CFDI-2026-012014,UTILIZADO,MARLENE MIRANDA,BENEFICIARIO,OSIRIS,BECTON DICKINSON INFUSION THERAPY SYSTEMS INC,2026-09-30,SI,,,,NO,COMPROBADA / UTILIZADA
CFDI-2026-012015,UTILIZADO,MARLENE MIRANDA,BENEFICIARIO,OSIRIS,DORMAKABA,2026-09-30,SI,,,,NO,COMPROBADA / UTILIZADA
CFDI-2026-012016,UTILIZADO,MARLENE MIRANDA,BENEFICIARIO,OSIRIS,PRODUCTOS PARA EL CUIDADO DE LA SALUD,2026-09-30,SI,,,,NO,COMPROBADA / UTILIZADA
CFDI-2026-012017,UTILIZADO,MARLENE MIRANDA,BENEFICIARIO,OSIRIS,AMPHENOL OPTIMIZE MEXICO,2026-09-30,SI,,,,NO,COMPROBADA / UTILIZADA
CFDI-2026-012018,UTILIZADO,MARLENE MIRANDA,BENEFICIARIO,OSIRIS,NORTH AMERICAN INTERCONNECT,2026-09-30,SI,,,,NO,COMPROBADA / UTILIZADA
CFDI-2026-012019,UTILIZADO,MARLENE MIRANDA,BENEFICIARIO,OSIRIS,DORMAKABA,2026-09-30,SI,,,,NO,COMPROBADA / UTILIZADA
CFDI-2026-012020,UTILIZADO,MARLENE MIRANDA,BENEFICIARIO,OSIRIS,AMPHENOL OPTIMIZE MEXICO,2026-09-30,SI,,,,NO,COMPROBADA / UTILIZADA
CFDI-2026-012021,UTILIZADO,MARLENE MIRANDA,BENEFICIARIO,OSIRIS,BECTON DICKINSON INFUSION THERAPY SYSTEMS INC,2026-09-30,SI,,,,NO,COMPROBADA / UTILIZADA
CFDI-2026-012022,UTILIZADO,MARLENE MIRANDA,BENEFICIARIO,OSIRIS,MTD CONSUMER PRODUCTS MEXICO,2026-09-30,SI,,,,NO,COMPROBADA / UTILIZADA
CFDI-2026-012023,UTILIZADO,MARLENE MIRANDA,BENEFICIARIO,OSIRIS,AMPHENOL OPTIMIZE MEXICO,2026-09-30,SI,,,,NO,COMPROBADA / UTILIZADA
CFDI-2026-012024,UTILIZADO,MARLENE MIRANDA,BENEFICIARIO,OSIRIS,PRODUCTOS PARA EL CUIDADO DE LA SALUD,2026-09-30,SI,,,,NO,COMPROBADA / UTILIZADA
CFDI-2026-012025,UTILIZADO,MARLENE MIRANDA,BENEFICIARIO,OSIRIS,PRODUCTOS PARA EL CUIDADO DE LA SALUD,2026-09-30,SI,,,,NO,COMPROBADA / UTILIZADA
CFDI-2026-012026,UTILIZADO,MARLENE MIRANDA,BENEFICIARIO,OSIRIS,INTEGRATED CABLE ASSEMBLY HOLDINGS,2026-09-30,SI,,,,NO,COMPROBADA / UTILIZADA
CFDI-2026-012027,UTILIZADO,MARLENE MIRANDA,BENEFICIARIO,OSIRIS,K-C AFC MANUFACTURING,2026-09-30,SI,,,,NO,COMPROBADA / UTILIZADA
CFDI-2026-012028,UTILIZADO,MARLENE MIRANDA,BENEFICIARIO,OSIRIS,BECTON DICKINSON INFUSION THERAPY SYSTEMS INC,2026-09-30,SI,,,,NO,COMPROBADA / UTILIZADA
CFDI-2026-012029,UTILIZADO,MARLENE MIRANDA,BENEFICIARIO,OSIRIS,EDWARDS VACCUM,2026-09-30,SI,,,,NO,COMPROBADA / UTILIZADA
CFDI-2026-012030,UTILIZADO,MARLENE MIRANDA,BENEFICIARIO,OSIRIS,BECTON DICKINSON INFUSION THERAPY SYSTEMS INC,2026-09-30,SI,,,,NO,COMPROBADA / UTILIZADA
CFDI-2026-012031,UTILIZADO,MARLENE MIRANDA,BENEFICIARIO,OSIRIS,AMPHENOL OPTIMIZE MEXICO,2026-09-30,SI,,,,NO,COMPROBADA / UTILIZADA
CFDI-2026-012032,UTILIZADO,MARLENE MIRANDA,BENEFICIARIO,OSIRIS,AVENT,2026-09-30,SI,,,,NO,COMPROBADA / UTILIZADA
CFDI-2026-012033,UTILIZADO,MARLENE MIRANDA,BENEFICIARIO,OSIRIS,MTD CONSUMER PRODUCTS MEXICO,2026-09-30,SI,,,,NO,COMPROBADA / UTILIZADA
CFDI-2026-012034,UTILIZADO,MARLENE MIRANDA,BENEFICIARIO,OSIRIS,WEISER LOCK MEXICO,2026-09-30,SI,,,,NO,COMPROBADA / UTILIZADA
CFDI-2026-012035,UTILIZADO,MARLENE MIRANDA,BENEFICIARIO,OSIRIS,DORMAKABA,2026-09-30,SI,,,,NO,COMPROBADA / UTILIZADA
CFDI-2026-012036,UTILIZADO,MARLENE MIRANDA,BENEFICIARIO,OSIRIS,AVENT,2026-09-30,SI,,,,NO,COMPROBADA / UTILIZADA
CFDI-2026-012037,UTILIZADO,MARLENE MIRANDA,BENEFICIARIO,OSIRIS,NORTH AMERICAN INTERCONNECT,2026-10-01,SI,,,,NO,COMPROBADA / UTILIZADA
CFDI-2026-012038,UTILIZADO,MARLENE MIRANDA,BENEFICIARIO,OSIRIS,NORTH AMERICAN INTERCONNECT,2026-10-01,SI,,,,NO,COMPROBADA / UTILIZADA
CFDI-2026-012039,UTILIZADO,MARLENE MIRANDA,BENEFICIARIO,OSIRIS,AVENT,2026-10-02,SI,,,,NO,COMPROBADA / UTILIZADA
CFDI-2026-012040,UTILIZADO,MARLENE MIRANDA,BENEFICIARIO,OSIRIS,WESTMED DE MEXICO,2026-10-02,SI,,,,NO,COMPROBADA / UTILIZADA
CFDI-2026-012041,UTILIZADO,MARLENE MIRANDA,BENEFICIARIO,ISIS SOTO,BECTON DICKINSON INFUSION THERAPY SYSTEMS INC,2026-09-28,SI,,,,NO,COMPROBADA / UTILIZADA
CFDI-2026-012042,UTILIZADO,MARLENE MIRANDA,BENEFICIARIO,ISIS SOTO,AMPHENOL OPTIMIZE MEXICO,2026-09-28,SI,,,,NO,COMPROBADA / UTILIZADA
CFDI-2026-012043,UTILIZADO,MARLENE MIRANDA,BENEFICIARIO,ISIS SOTO,AMPHENOL OPTIMIZE MEXICO,2026-09-28,SI,,,,NO,COMPROBADA / UTILIZADA
CFDI-2026-012044,UTILIZADO,MARLENE MIRANDA,BENEFICIARIO,ISIS SOTO,AMPHENOL OPTIMIZE MEXICO,2026-09-28,SI,,,,NO,COMPROBADA / UTILIZADA
CFDI-2026-012045,UTILIZADO,MARLENE MIRANDA,BENEFICIARIO,ISIS SOTO,INTEGRATED CABLE ASSEMBLY HOLDINGS,2026-09-28,SI,,,,NO,COMPROBADA / UTILIZADA
CFDI-2026-012046,UTILIZADO,MARLENE MIRANDA,BENEFICIARIO,ISIS SOTO,EATON,2026-09-28,SI,,,,NO,COMPROBADA / UTILIZADA
CFDI-2026-012047,UTILIZADO,MARLENE MIRANDA,BENEFICIARIO,ISIS SOTO,AMPHENOL OPTIMIZE MEXICO,2026-09-28,SI,,,,NO,COMPROBADA / UTILIZADA
CFDI-2026-012048,UTILIZADO,MARLENE MIRANDA,BENEFICIARIO,ISIS SOTO,WEISER LOCK MEXICO,2026-09-28,SI,,,,NO,COMPROBADA / UTILIZADA
CFDI-2026-012049,UTILIZADO,MARLENE MIRANDA,BENEFICIARIO,ISIS SOTO,BECTON SUR,2026-09-28,SI,,,,NO,COMPROBADA / UTILIZADA
CFDI-2026-012050,UTILIZADO,MARLENE MIRANDA,BENEFICIARIO,ISIS SOTO,EATON,2026-09-28,SI,,,,NO,COMPROBADA / UTILIZADA
CFDI-2026-012051,UTILIZADO,MARLENE MIRANDA,BENEFICIARIO,ISIS SOTO,AMPHENOL OPTIMIZE MEXICO,2026-09-28,SI,,,,NO,COMPROBADA / UTILIZADA
CFDI-2026-012052,UTILIZADO,MARLENE MIRANDA,BENEFICIARIO,ISIS SOTO,BUSSMANN,2026-09-28,SI,,,,NO,COMPROBADA / UTILIZADA
CFDI-2026-012053,UTILIZADO,MARLENE MIRANDA,BENEFICIARIO,ISIS SOTO,BECTON SUR,2026-09-28,SI,,,,NO,COMPROBADA / UTILIZADA
CFDI-2026-012054,UTILIZADO,MARLENE MIRANDA,BENEFICIARIO,ISIS SOTO,AMPHENOL OPTIMIZE MEXICO,2026-09-28,SI,,,,NO,COMPROBADA / UTILIZADA
CFDI-2026-012055,UTILIZADO,MARLENE MIRANDA,BENEFICIARIO,ISIS SOTO,MTD CONSUMER PRODUCTS MEXICO,2026-09-28,SI,,,,NO,COMPROBADA / UTILIZADA
CFDI-2026-012056,UTILIZADO,MARLENE MIRANDA,BENEFICIARIO,ISIS SOTO,BECTON SUR,2026-09-29,SI,,,,NO,COMPROBADA / UTILIZADA
CFDI-2026-012057,UTILIZADO,MARLENE MIRANDA,BENEFICIARIO,ISIS SOTO,AMPHENOL ALDEN PRODUCTS MEXICO,2026-09-28,SI,,,,NO,COMPROBADA / UTILIZADA
CFDI-2026-012058,UTILIZADO,MARLENE MIRANDA,BENEFICIARIO,ISIS SOTO,AMPHENOL AHPSD,2026-09-29,SI,,,,NO,COMPROBADA / UTILIZADA
CFDI-2026-012059,UTILIZADO,MARLENE MIRANDA,BENEFICIARIO,ISIS SOTO,AMPHENOL OPTIMIZE MEXICO,2026-09-29,SI,,,,NO,COMPROBADA / UTILIZADA
CFDI-2026-012060,UTILIZADO,MARLENE MIRANDA,BENEFICIARIO,ISIS SOTO,BECTON SUR,2026-09-29,SI,,,,NO,COMPROBADA / UTILIZADA
CFDI-2026-012061,UTILIZADO,MARLENE MIRANDA,BENEFICIARIO,ISIS SOTO,DORMAKABA,2026-09-29,SI,,,,NO,COMPROBADA / UTILIZADA
CFDI-2026-012062,UTILIZADO,MARLENE MIRANDA,BENEFICIARIO,ISIS SOTO,WESTMED DE MEXICO,2026-09-29,SI,,,,NO,COMPROBADA / UTILIZADA
CFDI-2026-012063,UTILIZADO,MARLENE MIRANDA,BENEFICIARIO,ISIS SOTO,BUSSMANN,2026-09-29,SI,,,,NO,COMPROBADA / UTILIZADA
CFDI-2026-012064,UTILIZADO,MARLENE MIRANDA,BENEFICIARIO,ISIS SOTO,WEISER LOCK MEXICO,2026-09-29,SI,,,,NO,COMPROBADA / UTILIZADA
CFDI-2026-012065,UTILIZADO,MARLENE MIRANDA,BENEFICIARIO,ISIS SOTO,EDWARDS VACCUM,2026-09-29,SI,,,,NO,COMPROBADA / UTILIZADA
CFDI-2026-012066,UTILIZADO,MARLENE MIRANDA,BENEFICIARIO,ISIS SOTO,WEISER LOCK MEXICO,2026-09-29,SI,,,,NO,COMPROBADA / UTILIZADA
CFDI-2026-012067,UTILIZADO,MARLENE MIRANDA,BENEFICIARIO,ISIS SOTO,AVENT,2026-09-29,SI,,,,NO,COMPROBADA / UTILIZADA
CFDI-2026-012068,UTILIZADO,MARLENE MIRANDA,BENEFICIARIO,ISIS SOTO,AMPHENOL OPTIMIZE MEXICO,2026-09-29,SI,,,,NO,COMPROBADA / UTILIZADA
CFDI-2026-012069,UTILIZADO,MARLENE MIRANDA,BENEFICIARIO,ISIS SOTO,PRODUCTOS PARA EL CUIDADO DE LA SALUD,2026-09-29,SI,,,,NO,COMPROBADA / UTILIZADA
CFDI-2026-012070,UTILIZADO,MARLENE MIRANDA,BENEFICIARIO,ISIS SOTO,K-C AFC MANUFACTURING,2026-09-29,SI,,,,NO,COMPROBADA / UTILIZADA
CFDI-2026-012071,UTILIZADO,MARLENE MIRANDA,BENEFICIARIO,ISIS SOTO,PRODUCTOS PARA EL CUIDADO DE LA SALUD,2026-09-29,SI,,,,NO,COMPROBADA / UTILIZADA
CFDI-2026-012072,UTILIZADO,MARLENE MIRANDA,BENEFICIARIO,ISIS SOTO,AMPHENOL OPTIMIZE MEXICO,2026-09-29,SI,,,,NO,COMPROBADA / UTILIZADA
CFDI-2026-012073,UTILIZADO,MARLENE MIRANDA,BENEFICIARIO,ISIS SOTO,AMPHENOL OPTIMIZE MEXICO,2026-09-29,SI,,,,NO,COMPROBADA / UTILIZADA
CFDI-2026-012074,UTILIZADO,MARLENE MIRANDA,BENEFICIARIO,ISIS SOTO,INTEGRATED CABLE ASSEMBLY HOLDINGS,2026-09-30,SI,,,,NO,COMPROBADA / UTILIZADA
CFDI-2026-012075,UTILIZADO,MARLENE MIRANDA,BENEFICIARIO,ISIS SOTO,PRODUCTOS PARA EL CUIDADO DE LA SALUD,2026-09-29,SI,,,,NO,COMPROBADA / UTILIZADA
CFDI-2026-012076,UTILIZADO,MARLENE MIRANDA,BENEFICIARIO,ISIS SOTO,AMPHENOL OPTIMIZE MEXICO,2026-09-30,SI,,,,NO,COMPROBADA / UTILIZADA
CFDI-2026-012077,UTILIZADO,MARLENE MIRANDA,BENEFICIARIO,ISIS SOTO,AMPHENOL OPTIMIZE MEXICO,2026-09-29,SI,,,,NO,COMPROBADA / UTILIZADA
CFDI-2026-012078,UTILIZADO,MARLENE MIRANDA,BENEFICIARIO,ISIS SOTO,PRODUCTOS PARA EL CUIDADO DE LA SALUD,2026-09-30,SI,,,,NO,COMPROBADA / UTILIZADA
CFDI-2026-012079,UTILIZADO,MARLENE MIRANDA,BENEFICIARIO,ISIS SOTO,HUMANSCALE,2026-09-30,SI,,,,NO,COMPROBADA / UTILIZADA
CFDI-2026-012080,UTILIZADO,MARLENE MIRANDA,BENEFICIARIO,ISIS SOTO,WEISER LOCK MEXICO,2026-09-30,SI,,,,NO,COMPROBADA / UTILIZADA
CFDI-2026-012081,UTILIZADO,MARLENE MIRANDA,BENEFICIARIO,ISIS SOTO,BUSSMANN,2026-09-30,SI,,,,NO,COMPROBADA / UTILIZADA
CFDI-2026-012082,UTILIZADO,MARLENE MIRANDA,BENEFICIARIO,ISIS SOTO,PRODUCTOS PARA EL CUIDADO DE LA SALUD,2026-09-30,SI,,,,NO,COMPROBADA / UTILIZADA
CFDI-2026-012083,UTILIZADO,MARLENE MIRANDA,BENEFICIARIO,ISIS SOTO,EDWARDS VACCUM,2026-09-30,SI,,,,NO,COMPROBADA / UTILIZADA
CFDI-2026-012084,UTILIZADO,MARLENE MIRANDA,BENEFICIARIO,ISIS SOTO,ITT CT,2026-09-29,SI,,,,NO,COMPROBADA / UTILIZADA
CFDI-2026-012085,UTILIZADO,MARLENE MIRANDA,BENEFICIARIO,ISIS SOTO,PRODUCTOS PARA EL CUIDADO DE LA SALUD,2026-09-30,SI,,,,NO,COMPROBADA / UTILIZADA
CFDI-2026-012086,UTILIZADO,MARLENE MIRANDA,BENEFICIARIO,ISIS SOTO,WESTMED DE MEXICO,2026-09-30,SI,,,,NO,COMPROBADA / UTILIZADA
CFDI-2026-012087,UTILIZADO,MARLENE MIRANDA,BENEFICIARIO,ISIS SOTO,AMPHENOL OPTIMIZE MEXICO,2026-09-30,SI,,,,NO,COMPROBADA / UTILIZADA
CFDI-2026-012088,UTILIZADO,MARLENE MIRANDA,BENEFICIARIO,ISIS SOTO,EDWARDS VACCUM,2026-09-30,SI,,,,NO,COMPROBADA / UTILIZADA
CFDI-2026-012089,UTILIZADO,MARLENE MIRANDA,BENEFICIARIO,ISIS SOTO,AMPHENOL OPTIMIZE MEXICO,2026-09-30,SI,,,,NO,COMPROBADA / UTILIZADA
CFDI-2026-012090,UTILIZADO,MARLENE MIRANDA,BENEFICIARIO,ISIS SOTO,WEISER LOCK MEXICO,2026-09-30,SI,,,,NO,COMPROBADA / UTILIZADA
CFDI-2026-012091,UTILIZADO,MARLENE MIRANDA,BENEFICIARIO,ISIS SOTO,INTEGRATED CABLE ASSEMBLY HOLDINGS,2026-09-30,SI,,,,NO,COMPROBADA / UTILIZADA
CFDI-2026-012092,UTILIZADO,MARLENE MIRANDA,BENEFICIARIO,ISIS SOTO,PRODUCTOS PARA EL CUIDADO DE LA SALUD,2026-09-30,SI,,,,NO,COMPROBADA / UTILIZADA
CFDI-2026-012093,UTILIZADO,MARLENE MIRANDA,BENEFICIARIO,ISIS SOTO,PRODUCTOS PARA EL CUIDADO DE LA SALUD,2026-10-01,SI,,,,NO,COMPROBADA / UTILIZADA
CFDI-2026-012094,UTILIZADO,MARLENE MIRANDA,BENEFICIARIO,ISIS SOTO,WESTMED DE MEXICO,2026-10-01,SI,,,,NO,COMPROBADA / UTILIZADA
CFDI-2026-012095,UTILIZADO,MARLENE MIRANDA,BENEFICIARIO,ISIS SOTO,AMPHENOL OPTIMIZE MEXICO,2026-10-01,SI,,,,NO,COMPROBADA / UTILIZADA
CFDI-2026-012096,UTILIZADO,MARLENE MIRANDA,BENEFICIARIO,ISIS SOTO,DORMAKABA,2026-10-01,SI,,,,NO,COMPROBADA / UTILIZADA
CFDI-2026-012097,UTILIZADO,MARLENE MIRANDA,BENEFICIARIO,ISIS SOTO,PRODUCTOS PARA EL CUIDADO DE LA SALUD,2026-10-01,SI,,,,NO,COMPROBADA / UTILIZADA
CFDI-2026-012098,UTILIZADO,MARLENE MIRANDA,BENEFICIARIO,ISIS SOTO,AMPHENOL OPTIMIZE MEXICO,2026-10-01,SI,,,,NO,COMPROBADA / UTILIZADA
CFDI-2026-012099,UTILIZADO,MARLENE MIRANDA,BENEFICIARIO,ISIS SOTO,HUMANSCALE,2026-10-01,SI,,,,NO,COMPROBADA / UTILIZADA
CFDI-2026-012100,UTILIZADO,MARLENE MIRANDA,BENEFICIARIO,ISIS SOTO,PRODUCTOS PARA EL CUIDADO DE LA SALUD,2026-10-01,SI,,,,NO,COMPROBADA / UTILIZADA
CFDI-2026-012101,UTILIZADO,MARLENE MIRANDA,OPERADOR,PADILLA ORTIZ RAUL FRANCISCO,ITT BIW,2026-10-02,SI,,,,NO,COMPROBADA / UTILIZADA
CFDI-2026-012102,EN_CUSTODIA,MARLENE MIRANDA,,,,,NO,,,,NO,CUSTODIA: MARLENE MIRANDA
CFDI-2026-012103,EN_CUSTODIA,MARLENE MIRANDA,,,,,NO,,,,NO,CUSTODIA: MARLENE MIRANDA
CFDI-2026-012104,ASIGNADO_OPERADOR,MARLENE MIRANDA,OPERADOR,LOPEZ VALENCIA ALEJANDRO,,,NO,,,,NO,CON LOPEZ VALENCIA ALEJANDRO
CFDI-2026-012105,UTILIZADO,MARLENE MIRANDA,OPERADOR,LOPEZ VALENCIA ALEJANDRO,ITT ICS,2026-10-02,SI,,,,NO,COMPROBADA / UTILIZADA
CFDI-2026-012106,EN_CUSTODIA,MARLENE MIRANDA,,,,,NO,,,,NO,CUSTODIA: MARLENE MIRANDA
CFDI-2026-012107,UTILIZADO,MARLENE MIRANDA,OPERADOR,MENDEZ URIBE JOSE SACRAMENTO,ITT CT,2026-09-29,SI,,,,NO,COMPROBADA / UTILIZADA
CFDI-2026-012108,EN_CUSTODIA,MARLENE MIRANDA,,,,,NO,,,,NO,CUSTODIA: MARLENE MIRANDA
CFDI-2026-012109,EN_CUSTODIA,MARLENE MIRANDA,,,,,NO,,,,NO,CUSTODIA: MARLENE MIRANDA
CFDI-2026-012110,EN_CUSTODIA,MARLENE MIRANDA,,,,,NO,,,,NO,CUSTODIA: MARLENE MIRANDA
CFDI-2026-012111,EN_CUSTODIA,MARLENE MIRANDA,,,,,NO,,,,NO,CUSTODIA: MARLENE MIRANDA
CFDI-2026-012112,EN_CUSTODIA,MARLENE MIRANDA,,,,,NO,,,,NO,CUSTODIA: MARLENE MIRANDA
CFDI-2026-012113,EN_CUSTODIA,MARLENE MIRANDA,,,,,NO,,,,NO,CUSTODIA: MARLENE MIRANDA
CFDI-2026-012114,UTILIZADO,MARLENE MIRANDA,OPERADOR,ARVIZU VAZQUEZ MARIO ALBERTO,ITT ICS,2026-09-30,NO,,,,NO,COMPROBADA / UTILIZADA
CFDI-2026-012115,UTILIZADO,MARLENE MIRANDA,OPERADOR,ARVIZU VAZQUEZ MARIO ALBERTO,ITT ICS,2026-10-01,SI,,,,NO,COMPROBADA / UTILIZADA
CFDI-2026-012116,UTILIZADO,MARLENE MIRANDA,OPERADOR,DE LA CRUZ TAUTIMES MARTIN,ITT CT,2026-09-28,SI,,,,NO,COMPROBADA / UTILIZADA
CFDI-2026-012117,UTILIZADO,MARLENE MIRANDA,OPERADOR,DE LA CRUZ TAUTIMES MARTIN,ITT ICS,2026-09-29,SI,,,,NO,COMPROBADA / UTILIZADA
CFDI-2026-012118,EN_CUSTODIA,MARLENE MIRANDA,,,,,NO,,,,NO,CUSTODIA: MARLENE MIRANDA
CFDI-2026-012119,ASIGNADO_OPERADOR,MARLENE MIRANDA,OPERADOR,DE LEON HERNANDEZ ABRAHAM,,,NO,,,,NO,CON DE LEON HERNANDEZ ABRAHAM
CFDI-2026-012120,ASIGNADO_OPERADOR,MARLENE MIRANDA,OPERADOR,DE LEON HERNANDEZ ABRAHAM,,,NO,,,,NO,CON DE LEON HERNANDEZ ABRAHAM
CFDI-2026-012121,UTILIZADO,MARLENE MIRANDA,OPERADOR,HERRERA GONZALEZ FRANCISCO JAVIER,ITT CT,2026-09-30,SI,,,,NO,COMPROBADA / UTILIZADA
CFDI-2026-012122,EN_CUSTODIA,MARLENE MIRANDA,,,,,NO,,,,NO,CUSTODIA: MARLENE MIRANDA
CFDI-2026-012123,EN_CUSTODIA,MARLENE MIRANDA,,,,,NO,,,,NO,CUSTODIA: MARLENE MIRANDA
CFDI-2026-012124,UTILIZADO,MARLENE MIRANDA,OPERADOR,DE LA CRUZ TAUTIMES MARTIN,ITT ICS,2026-09-30,SI,,,,NO,COMPROBADA / UTILIZADA
CFDI-2026-012125,UTILIZADO,MARLENE MIRANDA,OPERADOR,DE LA CRUZ TAUTIMES MARTIN,ITT CT,2026-10-01,SI,,,,NO,COMPROBADA / UTILIZADA
CFDI-2026-012126,UTILIZADO,MARLENE MIRANDA,OPERADOR,ARCE BARCELO LUIS RENE,ITT CT,2026-09-30,SI,,,,NO,COMPROBADA / UTILIZADA
CFDI-2026-012127,UTILIZADO,MARLENE MIRANDA,OPERADOR,ARCE BARCELO LUIS RENE,ITT CT,2026-09-30,SI,,,,NO,COMPROBADA / UTILIZADA
CFDI-2026-012128,UTILIZADO,MARLENE MIRANDA,BENEFICIARIO,MARIELY CASTRO,AMPHENOL OPTIMIZE MEXICO,2026-09-30,SI,,,,NO,COMPROBADA / UTILIZADA
CFDI-2026-012129,UTILIZADO,MARLENE MIRANDA,BENEFICIARIO,MARIELY CASTRO,BECTON DICKINSON INFUSION THERAPY SYSTEMS INC,2026-09-30,SI,,,,NO,COMPROBADA / UTILIZADA
CFDI-2026-012130,UTILIZADO,MARLENE MIRANDA,BENEFICIARIO,MARIELY CASTRO,AMPHENOL ALDEN PRODUCTS MEXICO,2026-09-30,SI,,,,NO,COMPROBADA / UTILIZADA
CFDI-2026-012131,UTILIZADO,MARLENE MIRANDA,BENEFICIARIO,MARIELY CASTRO,MTD CONSUMER PRODUCTS MEXICO,2026-09-30,SI,,,,NO,COMPROBADA / UTILIZADA
CFDI-2026-012132,UTILIZADO,MARLENE MIRANDA,BENEFICIARIO,MARIELY CASTRO,AMPHENOL OPTIMIZE MEXICO,2026-09-30,SI,,,,NO,COMPROBADA / UTILIZADA
CFDI-2026-012133,UTILIZADO,MARLENE MIRANDA,BENEFICIARIO,MARIELY CASTRO,BECTON DICKINSON INFUSION THERAPY SYSTEMS INC,2026-09-30,SI,,,,NO,COMPROBADA / UTILIZADA
CFDI-2026-012134,UTILIZADO,MARLENE MIRANDA,BENEFICIARIO,MARIELY CASTRO,HUMANSCALE,2026-09-30,SI,,,,NO,COMPROBADA / UTILIZADA
CFDI-2026-012135,UTILIZADO,MARLENE MIRANDA,BENEFICIARIO,MARIELY CASTRO,PRODUCTOS PARA EL CUIDADO DE LA SALUD,2026-09-30,SI,,,,NO,COMPROBADA / UTILIZADA
CFDI-2026-012136,UTILIZADO,MARLENE MIRANDA,BENEFICIARIO,MARIELY CASTRO,PRODUCTOS PARA EL CUIDADO DE LA SALUD,2026-10-01,SI,,,,NO,COMPROBADA / UTILIZADA
CFDI-2026-012137,UTILIZADO,MARLENE MIRANDA,BENEFICIARIO,MARIELY CASTRO,WEISER LOCK MEXICO,2026-10-01,SI,,,,NO,COMPROBADA / UTILIZADA
CFDI-2026-012138,UTILIZADO,MARLENE MIRANDA,BENEFICIARIO,MARIELY CASTRO,PRODUCTOS PARA EL CUIDADO DE LA SALUD,2026-10-01,SI,,,,NO,COMPROBADA / UTILIZADA
CFDI-2026-012139,UTILIZADO,MARLENE MIRANDA,BENEFICIARIO,MARIELY CASTRO,DORMAKABA,2026-10-01,SI,,,,NO,COMPROBADA / UTILIZADA
CFDI-2026-012140,UTILIZADO,MARLENE MIRANDA,BENEFICIARIO,MARIELY CASTRO,AMPHENOL OPTIMIZE MEXICO,2026-10-01,SI,,,,NO,COMPROBADA / UTILIZADA
CFDI-2026-012141,UTILIZADO,MARLENE MIRANDA,BENEFICIARIO,MARIELY CASTRO,BUSSMANN,2026-10-01,SI,,,,NO,COMPROBADA / UTILIZADA
CFDI-2026-012142,UTILIZADO,MARLENE MIRANDA,BENEFICIARIO,MARIELY CASTRO,AMPHENOL OPTIMIZE MEXICO,2026-10-01,SI,,,,NO,COMPROBADA / UTILIZADA
CFDI-2026-012143,UTILIZADO,MARLENE MIRANDA,BENEFICIARIO,MARIELY CASTRO,AMPHENOL OPTIMIZE MEXICO,2026-10-01,SI,,,,NO,COMPROBADA / UTILIZADA
CFDI-2026-012144,UTILIZADO,MARLENE MIRANDA,BENEFICIARIO,MARIELY CASTRO,BADGER METER DE MEXICO,2026-10-01,SI,,,,NO,COMPROBADA / UTILIZADA
CFDI-2026-012145,UTILIZADO,MARLENE MIRANDA,BENEFICIARIO,MARIELY CASTRO,BUSSMANN,2026-10-01,SI,,,,NO,COMPROBADA / UTILIZADA
CFDI-2026-012146,UTILIZADO,MARLENE MIRANDA,BENEFICIARIO,MARIELY CASTRO,EDWARDS VACCUM,2026-10-01,SI,,,,NO,COMPROBADA / UTILIZADA
CFDI-2026-012147,UTILIZADO,MARLENE MIRANDA,BENEFICIARIO,MARIELY CASTRO,WESTMED DE MEXICO,2026-10-01,SI,,,,NO,COMPROBADA / UTILIZADA
CFDI-2026-012148,UTILIZADO,MARLENE MIRANDA,BENEFICIARIO,MARIELY CASTRO,BUSSMANN,2026-10-01,SI,,,,NO,COMPROBADA / UTILIZADA
CFDI-2026-012149,UTILIZADO,MARLENE MIRANDA,BENEFICIARIO,MARIELY CASTRO,PRODUCTOS PARA EL CUIDADO DE LA SALUD,2026-10-01,SI,,,,NO,COMPROBADA / UTILIZADA
CFDI-2026-012150,UTILIZADO,MARLENE MIRANDA,BENEFICIARIO,MARIELY CASTRO,EDWARDS VACCUM,2026-10-01,SI,,,,NO,COMPROBADA / UTILIZADA
CFDI-2026-012151,UTILIZADO,MARLENE MIRANDA,BENEFICIARIO,MARIELY CASTRO,AMPHENOL OPTIMIZE MEXICO,2026-10-01,SI,,,,NO,COMPROBADA / UTILIZADA
CFDI-2026-012152,UTILIZADO,MARLENE MIRANDA,BENEFICIARIO,MARIELY CASTRO,AMPHENOL OPTIMIZE MEXICO,2026-10-01,SI,,,,NO,COMPROBADA / UTILIZADA
CFDI-2026-012153,UTILIZADO,MARLENE MIRANDA,BENEFICIARIO,MARIELY CASTRO,BECTON DICKINSON INFUSION THERAPY SYSTEMS INC,2026-10-01,SI,,,,NO,COMPROBADA / UTILIZADA
CFDI-2026-012154,UTILIZADO,MARLENE MIRANDA,BENEFICIARIO,MARIELY CASTRO,K-C AFC MANUFACTURING,2026-10-02,SI,,,,NO,COMPROBADA / UTILIZADA
CFDI-2026-012155,UTILIZADO,MARLENE MIRANDA,BENEFICIARIO,MARIELY CASTRO,BECTON DICKINSON INFUSION THERAPY SYSTEMS INC,2026-10-02,SI,,,,NO,COMPROBADA / UTILIZADA
CFDI-2026-012156,UTILIZADO,MARLENE MIRANDA,BENEFICIARIO,MARIELY CASTRO,AMPHENOL ONANON,2026-10-02,SI,,,,NO,COMPROBADA / UTILIZADA
CFDI-2026-012157,UTILIZADO,MARLENE MIRANDA,BENEFICIARIO,MARIELY CASTRO,BECTON DICKINSON INFUSION THERAPY SYSTEMS INC,2026-10-02,SI,,,,NO,COMPROBADA / UTILIZADA
CFDI-2026-012158,UTILIZADO,MARLENE MIRANDA,OPERADOR,ARCE BARCELO LUIS RENE,ITT ICS,2026-10-01,SI,,,,NO,COMPROBADA / UTILIZADA
CFDI-2026-012159,UTILIZADO,MARLENE MIRANDA,OPERADOR,ARCE BARCELO LUIS RENE,ITT ICS,2026-10-01,SI,,,,NO,COMPROBADA / UTILIZADA
CFDI-2026-012160,ASIGNADO_OPERADOR,MARLENE MIRANDA,OPERADOR,ARVIZU VAZQUEZ MARIO ALBERTO,,,NO,,,,NO,CON ARVIZU VAZQUEZ MARIO ALBERTO
CFDI-2026-012161,ASIGNADO_OPERADOR,MARLENE MIRANDA,OPERADOR,ARVIZU VAZQUEZ MARIO ALBERTO,,,NO,,,,NO,CON ARVIZU VAZQUEZ MARIO ALBERTO
CFDI-2026-012162,UTILIZADO,MARLENE MIRANDA,OPERADOR,VALENZUELA VERDUZCO RICARDO,ITT ICS,2026-10-02,SI,,,,NO,COMPROBADA / UTILIZADA
CFDI-2026-012163,UTILIZADO,MARLENE MIRANDA,BENEFICIARIO,OSIRIS,PRODUCTOS PARA EL CUIDADO DE LA SALUD,2026-10-02,SI,,,,NO,COMPROBADA / UTILIZADA
CFDI-2026-012164,UTILIZADO,MARLENE MIRANDA,BENEFICIARIO,OSIRIS,PRODUCTOS PARA EL CUIDADO DE LA SALUD,2026-10-02,SI,,,,NO,COMPROBADA / UTILIZADA
CFDI-2026-012165,UTILIZADO,MARLENE MIRANDA,BENEFICIARIO,OSIRIS,AMPHENOL OPTIMIZE MEXICO,2026-10-02,SI,,,,NO,COMPROBADA / UTILIZADA
CFDI-2026-012166,UTILIZADO,MARLENE MIRANDA,BENEFICIARIO,OSIRIS,PRODUCTOS PARA EL CUIDADO DE LA SALUD,2026-10-02,SI,,,,NO,COMPROBADA / UTILIZADA
CFDI-2026-012167,UTILIZADO,MARLENE MIRANDA,BENEFICIARIO,OSIRIS,AMPHENOL OPTIMIZE MEXICO,2026-10-02,SI,,,,NO,COMPROBADA / UTILIZADA
CFDI-2026-012168,UTILIZADO,MARLENE MIRANDA,BENEFICIARIO,OSIRIS,AMPHENOL OPTIMIZE MEXICO,2026-10-02,SI,,,,NO,COMPROBADA / UTILIZADA
CFDI-2026-012169,UTILIZADO,MARLENE MIRANDA,BENEFICIARIO,OSIRIS,PRODUCTOS PARA EL CUIDADO DE LA SALUD,2026-10-02,SI,,,,NO,COMPROBADA / UTILIZADA
CFDI-2026-012170,UTILIZADO,MARLENE MIRANDA,BENEFICIARIO,OSIRIS,BADGER METER DE MEXICO,2026-10-02,SI,,,,NO,COMPROBADA / UTILIZADA
CFDI-2026-012171,UTILIZADO,MARLENE MIRANDA,BENEFICIARIO,OSIRIS,INTEGRATED CABLE ASSEMBLY HOLDINGS,2026-10-02,SI,,,,NO,COMPROBADA / UTILIZADA
CFDI-2026-012172,UTILIZADO,MARLENE MIRANDA,BENEFICIARIO,OSIRIS,DORMAKABA,2026-10-02,SI,,,,NO,COMPROBADA / UTILIZADA
CFDI-2026-012173,UTILIZADO,MARLENE MIRANDA,BENEFICIARIO,OSIRIS,WEISER LOCK MEXICO,2026-10-01,SI,,,,NO,COMPROBADA / UTILIZADA
CFDI-2026-012174,UTILIZADO,MARLENE MIRANDA,BENEFICIARIO,OSIRIS,PRODUCTOS PARA EL CUIDADO DE LA SALUD,2026-10-01,SI,,,,NO,COMPROBADA / UTILIZADA
CFDI-2026-012175,UTILIZADO,MARLENE MIRANDA,BENEFICIARIO,OSIRIS,PRODUCTOS PARA EL CUIDADO DE LA SALUD,2026-10-01,SI,,,,NO,COMPROBADA / UTILIZADA
CFDI-2026-012176,UTILIZADO,MARLENE MIRANDA,BENEFICIARIO,OSIRIS,WEISER LOCK MEXICO,2026-10-01,SI,,,,NO,COMPROBADA / UTILIZADA
CFDI-2026-012177,UTILIZADO,MARLENE MIRANDA,BENEFICIARIO,OSIRIS,"DANNY HERMAN TRUCKING,INC",2026-10-01,SI,,,,NO,COMPROBADA / UTILIZADA
CFDI-2026-012178,UTILIZADO,MARLENE MIRANDA,BENEFICIARIO,OSIRIS,AMPHENOL ONANON,2026-10-01,SI,,,,NO,COMPROBADA / UTILIZADA
CFDI-2026-012179,UTILIZADO,MARLENE MIRANDA,BENEFICIARIO,OSIRIS,BECTON DICKINSON INFUSION THERAPY SYSTEMS INC,2026-10-01,SI,,,,NO,COMPROBADA / UTILIZADA
CFDI-2026-012180,UTILIZADO,MARLENE MIRANDA,BENEFICIARIO,OSIRIS,AMPHENOL OPTIMIZE MEXICO,2026-10-01,SI,,,,NO,COMPROBADA / UTILIZADA
CFDI-2026-012181,UTILIZADO,MARLENE MIRANDA,BENEFICIARIO,OSIRIS,BUSSMANN,2026-10-01,SI,,,,NO,COMPROBADA / UTILIZADA
CFDI-2026-012182,UTILIZADO,MARLENE MIRANDA,BENEFICIARIO,OSIRIS,AMPHENOL OPTIMIZE MEXICO,2026-10-01,SI,,,,NO,COMPROBADA / UTILIZADA
CFDI-2026-012183,UTILIZADO,MARLENE MIRANDA,BENEFICIARIO,OSIRIS,WEISER LOCK MEXICO,2026-10-01,SI,,,,NO,COMPROBADA / UTILIZADA
CFDI-2026-012184,UTILIZADO,MARLENE MIRANDA,BENEFICIARIO,OSIRIS,AMPHENOL SAA,2026-10-01,SI,,,,NO,COMPROBADA / UTILIZADA
CFDI-2026-012185,UTILIZADO,MARLENE MIRANDA,BENEFICIARIO,OSIRIS,AMPHENOL AHPS,2026-10-01,SI,,,,NO,COMPROBADA / UTILIZADA
CFDI-2026-012186,EN_CUSTODIA,MARLENE MIRANDA,,,,,NO,,,,NO,CUSTODIA: MARLENE MIRANDA
CFDI-2026-012187,UTILIZADO,MARLENE MIRANDA,BENEFICIARIO,ISIS SOTO,HUMANSCALE,2026-10-01,SI,,,,NO,COMPROBADA / UTILIZADA
CFDI-2026-012188,UTILIZADO,MARLENE MIRANDA,BENEFICIARIO,ISIS SOTO,DORMAKABA,2026-10-01,SI,,,,NO,COMPROBADA / UTILIZADA
CFDI-2026-012189,UTILIZADO,MARLENE MIRANDA,BENEFICIARIO,ISIS SOTO,WEISER LOCK MEXICO,2026-10-01,SI,,,,NO,COMPROBADA / UTILIZADA
CFDI-2026-012190,UTILIZADO,MARLENE MIRANDA,BENEFICIARIO,ISIS SOTO,PRODUCTOS PARA EL CUIDADO DE LA SALUD,2026-10-01,SI,,,,NO,COMPROBADA / UTILIZADA
CFDI-2026-012191,UTILIZADO,MARLENE MIRANDA,BENEFICIARIO,ISIS SOTO,K-C AFC MANUFACTURING,2026-10-01,SI,,,,NO,COMPROBADA / UTILIZADA
CFDI-2026-012192,UTILIZADO,MARLENE MIRANDA,BENEFICIARIO,ISIS SOTO,PRODUCTOS PARA EL CUIDADO DE LA SALUD,2026-10-01,SI,,,,NO,COMPROBADA / UTILIZADA
CFDI-2026-012193,UTILIZADO,MARLENE MIRANDA,BENEFICIARIO,ISIS SOTO,HUMANSCALE,2026-10-01,SI,,,,NO,COMPROBADA / UTILIZADA
CFDI-2026-012194,UTILIZADO,MARLENE MIRANDA,BENEFICIARIO,ISIS SOTO,AMPHENOL OPTIMIZE MEXICO,2026-10-02,SI,,,,NO,COMPROBADA / UTILIZADA
CFDI-2026-012195,UTILIZADO,MARLENE MIRANDA,BENEFICIARIO,ISIS SOTO,AMPHENOL ALDEN PRODUCTS MEXICO,2026-10-02,SI,,,,NO,COMPROBADA / UTILIZADA
CFDI-2026-012196,UTILIZADO,MARLENE MIRANDA,BENEFICIARIO,ISIS SOTO,DORMAKABA,2026-10-02,SI,,,,NO,COMPROBADA / UTILIZADA
CFDI-2026-012197,UTILIZADO,MARLENE MIRANDA,BENEFICIARIO,ISIS SOTO,PRODUCTOS PARA EL CUIDADO DE LA SALUD,2026-10-02,SI,,,,NO,COMPROBADA / UTILIZADA
CFDI-2026-012198,UTILIZADO,MARLENE MIRANDA,BENEFICIARIO,ISIS SOTO,AMPHENOL OPTIMIZE MEXICO,2026-10-02,SI,,,,NO,COMPROBADA / UTILIZADA
CFDI-2026-012199,UTILIZADO,MARLENE MIRANDA,BENEFICIARIO,ISIS SOTO,WEISER LOCK MEXICO,2026-10-02,SI,,,,NO,COMPROBADA / UTILIZADA
CFDI-2026-012200,UTILIZADO,MARLENE MIRANDA,BENEFICIARIO,ISIS SOTO,AMPHENOL OPTIMIZE MEXICO,2026-10-02,SI,,,,NO,COMPROBADA / UTILIZADA
CFDI-2026-012201,UTILIZADO,MARLENE MIRANDA,BENEFICIARIO,ISIS SOTO,DORMAKABA,2026-10-02,SI,,,,NO,COMPROBADA / UTILIZADA
CFDI-2026-012202,ASIGNADO_OPERADOR,MARLENE MIRANDA,OPERADOR,ESTRADA GARCIA JAIME,,,NO,,,,NO,CON ESTRADA GARCIA JAIME
CFDI-2026-012203,UTILIZADO,MARLENE MIRANDA,OPERADOR,DE LA CRUZ TAUTIMES MARTIN,ITT ICS,2026-10-03,SI,,,,NO,COMPROBADA / UTILIZADA
CFDI-2026-012204,UTILIZADO,MARLENE MIRANDA,OPERADOR,ARROYO PERALTA ISAAC,ITT CT,2026-10-02,SI,,,,NO,COMPROBADA / UTILIZADA
CFDI-2026-012205,ASIGNADO_OPERADOR,MARLENE MIRANDA,OPERADOR,ARROYO PERALTA ISAAC,,,NO,,,,NO,CON ARROYO PERALTA ISAAC
CFDI-2026-012206,UTILIZADO,MARLENE MIRANDA,BENEFICIARIO,OSIRIS,MTD CONSUMER PRODUCTS MEXICO,2026-10-03,SI,,,,NO,COMPROBADA / UTILIZADA
CFDI-2026-012207,UTILIZADO,MARLENE MIRANDA,BENEFICIARIO,OSIRIS,WEISER LOCK MEXICO,2026-10-03,SI,,,,NO,COMPROBADA / UTILIZADA
CFDI-2026-012208,UTILIZADO,MARLENE MIRANDA,BENEFICIARIO,OSIRIS,MTD CONSUMER PRODUCTS MEXICO,2026-10-03,SI,,,,NO,COMPROBADA / UTILIZADA
CFDI-2026-012209,UTILIZADO,MARLENE MIRANDA,BENEFICIARIO,OSIRIS,AMPHENOL OPTIMIZE MEXICO,2026-10-03,SI,,,,NO,COMPROBADA / UTILIZADA
CFDI-2026-012210,UTILIZADO,MARLENE MIRANDA,BENEFICIARIO,OSIRIS,WESTMED DE MEXICO,2026-10-03,SI,,,,NO,COMPROBADA / UTILIZADA
CFDI-2026-012211,UTILIZADO,MARLENE MIRANDA,BENEFICIARIO,OSIRIS,AMPHENOL OPTIMIZE MEXICO,2026-10-03,SI,,,,NO,COMPROBADA / UTILIZADA
CFDI-2026-012212,UTILIZADO,MARLENE MIRANDA,BENEFICIARIO,OSIRIS,PRODUCTOS PARA EL CUIDADO DE LA SALUD,2026-10-03,SI,,,,NO,COMPROBADA / UTILIZADA
CFDI-2026-012213,UTILIZADO,MARLENE MIRANDA,BENEFICIARIO,OSIRIS,K-C AFC MANUFACTURING,2026-10-03,SI,,,,NO,COMPROBADA / UTILIZADA
CFDI-2026-012214,UTILIZADO,MARLENE MIRANDA,BENEFICIARIO,OSIRIS,AMPHENOL OPTIMIZE MEXICO,2026-10-03,SI,,,,NO,COMPROBADA / UTILIZADA
CFDI-2026-012215,UTILIZADO,MARLENE MIRANDA,BENEFICIARIO,OSIRIS,EDWARDS VACCUM,2026-10-03,SI,,,,NO,COMPROBADA / UTILIZADA
CFDI-2026-012216,UTILIZADO,MARLENE MIRANDA,BENEFICIARIO,OSIRIS,INTEGRATED CABLE ASSEMBLY HOLDINGS,2026-10-03,SI,,,,NO,COMPROBADA / UTILIZADA
CFDI-2026-012217,UTILIZADO,MARLENE MIRANDA,BENEFICIARIO,OSIRIS,AMPHENOL OPTIMIZE MEXICO,2026-10-03,SI,,,,NO,COMPROBADA / UTILIZADA
CFDI-2026-012218,UTILIZADO,MARLENE MIRANDA,BENEFICIARIO,OSIRIS,WESTMED DE MEXICO,2026-10-03,SI,,,,NO,COMPROBADA / UTILIZADA
CFDI-2026-012219,UTILIZADO,MARLENE MIRANDA,BENEFICIARIO,OSIRIS,HUMANSCALE,2026-10-03,SI,,,,NO,COMPROBADA / UTILIZADA
CFDI-2026-012220,UTILIZADO,MARLENE MIRANDA,BENEFICIARIO,OSIRIS,WEISER LOCK MEXICO,2026-10-03,SI,,,,NO,COMPROBADA / UTILIZADA
CFDI-2026-012221,UTILIZADO,MARLENE MIRANDA,BENEFICIARIO,OSIRIS,PRODUCTOS PARA EL CUIDADO DE LA SALUD,2026-10-03,SI,,,,NO,COMPROBADA / UTILIZADA
CFDI-2026-012222,UTILIZADO,MARLENE MIRANDA,BENEFICIARIO,OSIRIS,AMPHENOL OPTIMIZE MEXICO,2026-10-03,SI,,,,NO,COMPROBADA / UTILIZADA
CFDI-2026-012223,UTILIZADO,MARLENE MIRANDA,BENEFICIARIO,OSIRIS,AMPHENOL OPTIMIZE MEXICO,2026-10-03,SI,,,,NO,COMPROBADA / UTILIZADA
CFDI-2026-012224,UTILIZADO,MARLENE MIRANDA,BENEFICIARIO,OSIRIS,WEISER LOCK MEXICO,2026-10-03,SI,,,,NO,COMPROBADA / UTILIZADA
CFDI-2026-012225,UTILIZADO,MARLENE MIRANDA,BENEFICIARIO,OSIRIS,NORTH AMERICAN INTERCONNECT,2026-10-03,SI,,,,NO,COMPROBADA / UTILIZADA
CFDI-2026-012226,UTILIZADO,MARLENE MIRANDA,BENEFICIARIO,OSIRIS,AMPHENOL OPTIMIZE MEXICO,2026-10-03,SI,,,,NO,COMPROBADA / UTILIZADA
CFDI-2026-012227,UTILIZADO,MARLENE MIRANDA,BENEFICIARIO,OSIRIS,EDWARDS VACCUM,2026-10-03,SI,,,,NO,COMPROBADA / UTILIZADA
CFDI-2026-012228,ASIGNADO_OPERADOR,MARLENE MIRANDA,BENEFICIARIO,OSIRIS,,,NO,,,,NO,CON OSIRIS
CFDI-2026-012229,ASIGNADO_OPERADOR,MARLENE MIRANDA,BENEFICIARIO,OSIRIS,,,NO,,,,NO,CON OSIRIS
CFDI-2026-012230,ASIGNADO_OPERADOR,MARLENE MIRANDA,BENEFICIARIO,OSIRIS,,,NO,,,,NO,CON OSIRIS
CFDI-2026-012231,UTILIZADO,MARLENE MIRANDA,BENEFICIARIO,MARIELY CASTRO,BECTON DICKINSON INFUSION THERAPY SYSTEMS INC,2026-10-02,SI,,,,NO,COMPROBADA / UTILIZADA
CFDI-2026-012232,UTILIZADO,MARLENE MIRANDA,BENEFICIARIO,MARIELY CASTRO,PRODUCTOS PARA EL CUIDADO DE LA SALUD,2026-10-02,SI,,,,NO,COMPROBADA / UTILIZADA
CFDI-2026-012233,UTILIZADO,MARLENE MIRANDA,BENEFICIARIO,MARIELY CASTRO,BECTON DICKINSON INFUSION THERAPY SYSTEMS INC,2026-10-02,SI,,,,NO,COMPROBADA / UTILIZADA
CFDI-2026-012234,UTILIZADO,MARLENE MIRANDA,BENEFICIARIO,MARIELY CASTRO,PRODUCTOS PARA EL CUIDADO DE LA SALUD,2026-10-03,SI,,,,NO,COMPROBADA / UTILIZADA
CFDI-2026-012235,UTILIZADO,MARLENE MIRANDA,BENEFICIARIO,MARIELY CASTRO,BUSSMANN,2026-10-03,SI,,,,NO,COMPROBADA / UTILIZADA
CFDI-2026-012236,UTILIZADO,MARLENE MIRANDA,BENEFICIARIO,MARIELY CASTRO,AVENT,2026-10-03,SI,,,,NO,COMPROBADA / UTILIZADA
CFDI-2026-012237,UTILIZADO,MARLENE MIRANDA,BENEFICIARIO,MARIELY CASTRO,EDWARDS VACCUM,2026-10-03,SI,,,,NO,COMPROBADA / UTILIZADA
CFDI-2026-012238,UTILIZADO,MARLENE MIRANDA,BENEFICIARIO,MARIELY CASTRO,AVENT,2026-10-02,SI,,,,NO,COMPROBADA / UTILIZADA
CFDI-2026-012239,UTILIZADO,MARLENE MIRANDA,BENEFICIARIO,MARIELY CASTRO,BECTON DICKINSON INFUSION THERAPY SYSTEMS INC,2026-10-03,SI,,,,NO,COMPROBADA / UTILIZADA
CFDI-2026-012240,UTILIZADO,MARLENE MIRANDA,BENEFICIARIO,MARIELY CASTRO,K-C AFC MANUFACTURING,2026-10-03,SI,,,,NO,COMPROBADA / UTILIZADA
CFDI-2026-012241,UTILIZADO,MARLENE MIRANDA,BENEFICIARIO,MARIELY CASTRO,AMPHENOL OPTIMIZE MEXICO,2026-10-03,SI,,,,NO,COMPROBADA / UTILIZADA
CFDI-2026-012242,UTILIZADO,MARLENE MIRANDA,BENEFICIARIO,MARIELY CASTRO,AMPHENOL SAA,2026-10-03,SI,,,,NO,COMPROBADA / UTILIZADA
CFDI-2026-012243,UTILIZADO,MARLENE MIRANDA,BENEFICIARIO,MARIELY CASTRO,HUMANSCALE,2026-10-02,SI,,,,NO,COMPROBADA / UTILIZADA
CFDI-2026-012244,UTILIZADO,MARLENE MIRANDA,BENEFICIARIO,MARIELY CASTRO,AMPHENOL OPTIMIZE MEXICO,2026-10-02,SI,,,,NO,COMPROBADA / UTILIZADA
CFDI-2026-012245,UTILIZADO,MARLENE MIRANDA,BENEFICIARIO,MARIELY CASTRO,AMPHENOL ONANON,2026-10-03,SI,,,,NO,COMPROBADA / UTILIZADA
CFDI-2026-012246,UTILIZADO,MARLENE MIRANDA,BENEFICIARIO,MARIELY CASTRO,WEISER LOCK MEXICO,2026-10-03,SI,,,,NO,COMPROBADA / UTILIZADA
CFDI-2026-012247,ASIGNADO_OPERADOR,MARLENE MIRANDA,OPERADOR,ARCE BARCELO LUIS RENE,,,NO,,,,NO,CON ARCE BARCELO LUIS RENE
CFDI-2026-012248,ASIGNADO_OPERADOR,MARLENE MIRANDA,OPERADOR,ARCE BARCELO LUIS RENE,,,NO,,,,NO,CON ARCE BARCELO LUIS RENE
CFDI-2026-012249,UTILIZADO,MARLENE MIRANDA,BENEFICIARIO,ISIS SOTO,PRODUCTOS PARA EL CUIDADO DE LA SALUD,2026-10-02,SI,,,,NO,COMPROBADA / UTILIZADA
CFDI-2026-012250,UTILIZADO,MARLENE MIRANDA,BENEFICIARIO,ISIS SOTO,DORMAKABA,2026-10-02,SI,,,,NO,COMPROBADA / UTILIZADA
CFDI-2026-012251,UTILIZADO,MARLENE MIRANDA,BENEFICIARIO,ISIS SOTO,EDWARDS VACCUM,2026-09-23,SI,,,,NO,COMPROBADA / UTILIZADA
CFDI-2026-012252,NUEVO,,,,,,NO,,,,NO,NUEVO
CFDI-2026-012253,NUEVO,,,,,,NO,,,,NO,NUEVO
CFDI-2026-012254,NUEVO,,,,,,NO,,,,NO,NUEVO
CFDI-2026-012255,NUEVO,,,,,,NO,,,,NO,NUEVO
CFDI-2026-012256,NUEVO,,,,,,NO,,,,NO,NUEVO
CFDI-2026-012257,NUEVO,,,,,,NO,,,,NO,NUEVO
CFDI-2026-012258,NUEVO,,,,,,NO,,,,NO,NUEVO
CFDI-2026-012259,NUEVO,,,,,,NO,,,,NO,NUEVO
CFDI-2026-012260,NUEVO,,,,,,NO,,,,NO,NUEVO
CFDI-2026-012261,NUEVO,,,,,,NO,,,,NO,NUEVO
CFDI-2026-012262,NUEVO,,,,,,NO,,,,NO,NUEVO
CFDI-2026-012263,NUEVO,,,,,,NO,,,,NO,NUEVO
CFDI-2026-012264,NUEVO,,,,,,NO,,,,NO,NUEVO
CFDI-2026-012265,NUEVO,,,,,,NO,,,,NO,NUEVO
CFDI-2026-012266,NUEVO,,,,,,NO,,,,NO,NUEVO
CFDI-2026-012267,NUEVO,,,,,,NO,,,,NO,NUEVO
CFDI-2026-012268,NUEVO,,,,,,NO,,,,NO,NUEVO
CFDI-2026-012269,NUEVO,,,,,,NO,,,,NO,NUEVO
CFDI-2026-012270,NUEVO,,,,,,NO,,,,NO,NUEVO
CFDI-2026-012271,NUEVO,,,,,,NO,,,,NO,NUEVO
CFDI-2026-012272,NUEVO,,,,,,NO,,,,NO,NUEVO
CFDI-2026-012273,NUEVO,,,,,,NO,,,,NO,NUEVO
CFDI-2026-012274,NUEVO,,,,,,NO,,,,NO,NUEVO
CFDI-2026-012275,NUEVO,,,,,,NO,,,,NO,NUEVO
CFDI-2026-012276,NUEVO,,,,,,NO,,,,NO,NUEVO
CFDI-2026-012277,NUEVO,,,,,,NO,,,,NO,NUEVO
CFDI-2026-012278,NUEVO,,,,,,NO,,,,NO,NUEVO
CFDI-2026-012279,NUEVO,,,,,,NO,,,,NO,NUEVO
CFDI-2026-012280,NUEVO,,,,,,NO,,,,NO,NUEVO
CFDI-2026-012281,NUEVO,,,,,,NO,,,,NO,NUEVO
CFDI-2026-012282,NUEVO,,,,,,NO,,,,NO,NUEVO
CFDI-2026-012283,NUEVO,,,,,,NO,,,,NO,NUEVO
CFDI-2026-012284,NUEVO,,,,,,NO,,,,NO,NUEVO
CFDI-2026-012285,NUEVO,,,,,,NO,,,,NO,NUEVO
CFDI-2026-012286,NUEVO,,,,,,NO,,,,NO,NUEVO
CFDI-2026-012287,NUEVO,,,,,,NO,,,,NO,NUEVO
CFDI-2026-012288,NUEVO,,,,,,NO,,,,NO,NUEVO
CFDI-2026-012289,NUEVO,,,,,,NO,,,,NO,NUEVO
CFDI-2026-012290,NUEVO,,,,,,NO,,,,NO,NUEVO
CFDI-2026-012291,NUEVO,,,,,,NO,,,,NO,NUEVO
CFDI-2026-012292,NUEVO,,,,,,NO,,,,NO,NUEVO
CFDI-2026-012293,NUEVO,,,,,,NO,,,,NO,NUEVO
CFDI-2026-012294,NUEVO,,,,,,NO,,,,NO,NUEVO
CFDI-2026-012295,NUEVO,,,,,,NO,,,,NO,NUEVO
CFDI-2026-012296,NUEVO,,,,,,NO,,,,NO,NUEVO
CFDI-2026-012297,NUEVO,,,,,,NO,,,,NO,NUEVO
CFDI-2026-012298,NUEVO,,,,,,NO,,,,NO,NUEVO
CFDI-2026-012299,NUEVO,,,,,,NO,,,,NO,NUEVO
CFDI-2026-012300,NUEVO,,,,,,NO,,,,NO,NUEVO
CFDI-2026-012301,NUEVO,,,,,,NO,,,,NO,NUEVO
CFDI-2026-012302,NUEVO,,,,,,NO,,,,NO,NUEVO
CFDI-2026-012303,NUEVO,,,,,,NO,,,,NO,NUEVO
CFDI-2026-012304,NUEVO,,,,,,NO,,,,NO,NUEVO
CFDI-2026-012305,NUEVO,,,,,,NO,,,,NO,NUEVO
CFDI-2026-012306,NUEVO,,,,,,NO,,,,NO,NUEVO
CFDI-2026-012307,NUEVO,,,,,,NO,,,,NO,NUEVO
CFDI-2026-012308,NUEVO,,,,,,NO,,,,NO,NUEVO
CFDI-2026-012309,NUEVO,,,,,,NO,,,,NO,NUEVO
CFDI-2026-012310,NUEVO,,,,,,NO,,,,NO,NUEVO
CFDI-2026-012311,NUEVO,,,,,,NO,,,,NO,NUEVO
CFDI-2026-012312,NUEVO,,,,,,NO,,,,NO,NUEVO
CFDI-2026-012313,NUEVO,,,,,,NO,,,,NO,NUEVO
CFDI-2026-012314,NUEVO,,,,,,NO,,,,NO,NUEVO
CFDI-2026-012315,NUEVO,,,,,,NO,,,,NO,NUEVO
CFDI-2026-012316,NUEVO,,,,,,NO,,,,NO,NUEVO
CFDI-2026-012317,NUEVO,,,,,,NO,,,,NO,NUEVO
CFDI-2026-012318,NUEVO,,,,,,NO,,,,NO,NUEVO
CFDI-2026-012319,NUEVO,,,,,,NO,,,,NO,NUEVO
CFDI-2026-012320,NUEVO,,,,,,NO,,,,NO,NUEVO
CFDI-2026-012321,NUEVO,,,,,,NO,,,,NO,NUEVO
CFDI-2026-012322,NUEVO,,,,,,NO,,,,NO,NUEVO
CFDI-2026-012323,NUEVO,,,,,,NO,,,,NO,NUEVO
CFDI-2026-012324,NUEVO,,,,,,NO,,,,NO,NUEVO
CFDI-2026-012325,NUEVO,,,,,,NO,,,,NO,NUEVO
CFDI-2026-012326,NUEVO,,,,,,NO,,,,NO,NUEVO
CFDI-2026-012327,NUEVO,,,,,,NO,,,,NO,NUEVO
CFDI-2026-012328,NUEVO,,,,,,NO,,,,NO,NUEVO
CFDI-2026-012329,NUEVO,,,,,,NO,,,,NO,NUEVO
CFDI-2026-012330,NUEVO,,,,,,NO,,,,NO,NUEVO
CFDI-2026-012331,NUEVO,,,,,,NO,,,,NO,NUEVO
CFDI-2026-012332,NUEVO,,,,,,NO,,,,NO,NUEVO
CFDI-2026-012333,NUEVO,,,,,,NO,,,,NO,NUEVO
CFDI-2026-012334,NUEVO,,,,,,NO,,,,NO,NUEVO
CFDI-2026-012335,NUEVO,,,,,,NO,,,,NO,NUEVO
CFDI-2026-012336,NUEVO,,,,,,NO,,,,NO,NUEVO
CFDI-2026-012337,NUEVO,,,,,,NO,,,,NO,NUEVO
CFDI-2026-012338,NUEVO,,,,,,NO,,,,NO,NUEVO
CFDI-2026-012339,NUEVO,,,,,,NO,,,,NO,NUEVO
CFDI-2026-012340,NUEVO,,,,,,NO,,,,NO,NUEVO
CFDI-2026-012341,NUEVO,,,,,,NO,,,,NO,NUEVO
CFDI-2026-012342,NUEVO,,,,,,NO,,,,NO,NUEVO
CFDI-2026-012343,NUEVO,,,,,,NO,,,,NO,NUEVO
CFDI-2026-012344,NUEVO,,,,,,NO,,,,NO,NUEVO
CFDI-2026-012345,NUEVO,,,,,,NO,,,,NO,NUEVO
CFDI-2026-012346,NUEVO,,,,,,NO,,,,NO,NUEVO
CFDI-2026-012347,NUEVO,,,,,,NO,,,,NO,NUEVO
CFDI-2026-012348,NUEVO,,,,,,NO,,,,NO,NUEVO
CFDI-2026-012349,NUEVO,,,,,,NO,,,,NO,NUEVO
CFDI-2026-012350,NUEVO,,,,,,NO,,,,NO,NUEVO
CFDI-2026-012351,NUEVO,,,,,,NO,,,,NO,NUEVO
CFDI-2026-012352,NUEVO,,,,,,NO,,,,NO,NUEVO
CFDI-2026-012353,NUEVO,,,,,,NO,,,,NO,NUEVO
CFDI-2026-012354,NUEVO,,,,,,NO,,,,NO,NUEVO
CFDI-2026-012355,NUEVO,,,,,,NO,,,,NO,NUEVO
CFDI-2026-012356,NUEVO,,,,,,NO,,,,NO,NUEVO
CFDI-2026-012357,NUEVO,,,,,,NO,,,,NO,NUEVO
CFDI-2026-012358,NUEVO,,,,,,NO,,,,NO,NUEVO
CFDI-2026-012359,NUEVO,,,,,,NO,,,,NO,NUEVO
CFDI-2026-012360,NUEVO,,,,,,NO,,,,NO,NUEVO
CFDI-2026-012361,NUEVO,,,,,,NO,,,,NO,NUEVO
CFDI-2026-012362,NUEVO,,,,,,NO,,,,NO,NUEVO
CFDI-2026-012363,NUEVO,,,,,,NO,,,,NO,NUEVO
CFDI-2026-012364,NUEVO,,,,,,NO,,,,NO,NUEVO
CFDI-2026-012365,NUEVO,,,,,,NO,,,,NO,NUEVO
CFDI-2026-012366,NUEVO,,,,,,NO,,,,NO,NUEVO
CFDI-2026-012367,NUEVO,,,,,,NO,,,,NO,NUEVO
CFDI-2026-012368,NUEVO,,,,,,NO,,,,NO,NUEVO
CFDI-2026-012369,NUEVO,,,,,,NO,,,,NO,NUEVO
CFDI-2026-012370,NUEVO,,,,,,NO,,,,NO,NUEVO
CFDI-2026-012371,NUEVO,,,,,,NO,,,,NO,NUEVO
CFDI-2026-012372,NUEVO,,,,,,NO,,,,NO,NUEVO
CFDI-2026-012373,NUEVO,,,,,,NO,,,,NO,NUEVO
CFDI-2026-012374,NUEVO,,,,,,NO,,,,NO,NUEVO
CFDI-2026-012375,NUEVO,,,,,,NO,,,,NO,NUEVO
CFDI-2026-012376,NUEVO,,,,,,NO,,,,NO,NUEVO
CFDI-2026-012377,NUEVO,,,,,,NO,,,,NO,NUEVO
CFDI-2026-012378,NUEVO,,,,,,NO,,,,NO,NUEVO
CFDI-2026-012379,NUEVO,,,,,,NO,,,,NO,NUEVO
CFDI-2026-012380,NUEVO,,,,,,NO,,,,NO,NUEVO
CFDI-2026-012381,NUEVO,,,,,,NO,,,,NO,NUEVO
CFDI-2026-012382,NUEVO,,,,,,NO,,,,NO,NUEVO
CFDI-2026-012383,NUEVO,,,,,,NO,,,,NO,NUEVO
CFDI-2026-012384,NUEVO,,,,,,NO,,,,NO,NUEVO
CFDI-2026-012385,NUEVO,,,,,,NO,,,,NO,NUEVO
CFDI-2026-012386,NUEVO,,,,,,NO,,,,NO,NUEVO
CFDI-2026-012387,NUEVO,,,,,,NO,,,,NO,NUEVO
CFDI-2026-012388,NUEVO,,,,,,NO,,,,NO,NUEVO
CFDI-2026-012389,NUEVO,,,,,,NO,,,,NO,NUEVO
CFDI-2026-012390,NUEVO,,,,,,NO,,,,NO,NUEVO
CFDI-2026-012391,NUEVO,,,,,,NO,,,,NO,NUEVO
CFDI-2026-012392,NUEVO,,,,,,NO,,,,NO,NUEVO
CFDI-2026-012393,NUEVO,,,,,,NO,,,,NO,NUEVO
CFDI-2026-012394,NUEVO,,,,,,NO,,,,NO,NUEVO
CFDI-2026-012395,NUEVO,,,,,,NO,,,,NO,NUEVO
CFDI-2026-012396,NUEVO,,,,,,NO,,,,NO,NUEVO
CFDI-2026-012397,NUEVO,,,,,,NO,,,,NO,NUEVO
CFDI-2026-012398,NUEVO,,,,,,NO,,,,NO,NUEVO
CFDI-2026-012399,NUEVO,,,,,,NO,,,,NO,NUEVO
CFDI-2026-012400,NUEVO,,,,,,NO,,,,NO,NUEVO
CFDI-2026-012401,NUEVO,,,,,,NO,,,,NO,NUEVO
CFDI-2026-012402,NUEVO,,,,,,NO,,,,NO,NUEVO
CFDI-2026-012403,NUEVO,,,,,,NO,,,,NO,NUEVO
CFDI-2026-012404,NUEVO,,,,,,NO,,,,NO,NUEVO
CFDI-2026-012405,NUEVO,,,,,,NO,,,,NO,NUEVO
CFDI-2026-012406,NUEVO,,,,,,NO,,,,NO,NUEVO
CFDI-2026-012407,NUEVO,,,,,,NO,,,,NO,NUEVO
CFDI-2026-012408,NUEVO,,,,,,NO,,,,NO,NUEVO
CFDI-2026-012409,NUEVO,,,,,,NO,,,,NO,NUEVO
CFDI-2026-012410,NUEVO,,,,,,NO,,,,NO,NUEVO
CFDI-2026-012411,NUEVO,,,,,,NO,,,,NO,NUEVO
CFDI-2026-012412,NUEVO,,,,,,NO,,,,NO,NUEVO
CFDI-2026-012413,NUEVO,,,,,,NO,,,,NO,NUEVO
CFDI-2026-012414,NUEVO,,,,,,NO,,,,NO,NUEVO
CFDI-2026-012415,NUEVO,,,,,,NO,,,,NO,NUEVO
CFDI-2026-012416,NUEVO,,,,,,NO,,,,NO,NUEVO
CFDI-2026-012417,NUEVO,,,,,,NO,,,,NO,NUEVO
CFDI-2026-012418,NUEVO,,,,,,NO,,,,NO,NUEVO
CFDI-2026-012419,NUEVO,,,,,,NO,,,,NO,NUEVO
CFDI-2026-012420,NUEVO,,,,,,NO,,,,NO,NUEVO
CFDI-2026-012421,NUEVO,,,,,,NO,,,,NO,NUEVO
CFDI-2026-012422,NUEVO,,,,,,NO,,,,NO,NUEVO
CFDI-2026-012423,NUEVO,,,,,,NO,,,,NO,NUEVO
CFDI-2026-012424,NUEVO,,,,,,NO,,,,NO,NUEVO
CFDI-2026-012425,NUEVO,,,,,,NO,,,,NO,NUEVO
CFDI-2026-012426,NUEVO,,,,,,NO,,,,NO,NUEVO
CFDI-2026-012427,NUEVO,,,,,,NO,,,,NO,NUEVO
CFDI-2026-012428,NUEVO,,,,,,NO,,,,NO,NUEVO
CFDI-2026-012429,NUEVO,,,,,,NO,,,,NO,NUEVO
CFDI-2026-012430,NUEVO,,,,,,NO,,,,NO,NUEVO
CFDI-2026-012431,NUEVO,,,,,,NO,,,,NO,NUEVO
CFDI-2026-012432,NUEVO,,,,,,NO,,,,NO,NUEVO
CFDI-2026-012433,NUEVO,,,,,,NO,,,,NO,NUEVO
CFDI-2026-012434,NUEVO,,,,,,NO,,,,NO,NUEVO
CFDI-2026-012435,NUEVO,,,,,,NO,,,,NO,NUEVO
CFDI-2026-012436,NUEVO,,,,,,NO,,,,NO,NUEVO
CFDI-2026-012437,NUEVO,,,,,,NO,,,,NO,NUEVO
CFDI-2026-012438,NUEVO,,,,,,NO,,,,NO,NUEVO
CFDI-2026-012439,NUEVO,,,,,,NO,,,,NO,NUEVO
CFDI-2026-012440,NUEVO,,,,,,NO,,,,NO,NUEVO
CFDI-2026-012441,NUEVO,,,,,,NO,,,,NO,NUEVO
CFDI-2026-012442,NUEVO,,,,,,NO,,,,NO,NUEVO
CFDI-2026-012443,NUEVO,,,,,,NO,,,,NO,NUEVO
CFDI-2026-012444,NUEVO,,,,,,NO,,,,NO,NUEVO
CFDI-2026-012445,NUEVO,,,,,,NO,,,,NO,NUEVO
CFDI-2026-012446,NUEVO,,,,,,NO,,,,NO,NUEVO
CFDI-2026-012447,NUEVO,,,,,,NO,,,,NO,NUEVO
CFDI-2026-012448,NUEVO,,,,,,NO,,,,NO,NUEVO
CFDI-2026-012449,NUEVO,,,,,,NO,,,,NO,NUEVO
CFDI-2026-012450,NUEVO,,,,,,NO,,,,NO,NUEVO
CFDI-2026-012451,NUEVO,,,,,,NO,,,,NO,NUEVO
CFDI-2026-012452,NUEVO,,,,,,NO,,,,NO,NUEVO
CFDI-2026-012453,NUEVO,,,,,,NO,,,,NO,NUEVO
CFDI-2026-012454,NUEVO,,,,,,NO,,,,NO,NUEVO
CFDI-2026-012455,NUEVO,,,,,,NO,,,,NO,NUEVO
CFDI-2026-012456,NUEVO,,,,,,NO,,,,NO,NUEVO
CFDI-2026-012457,NUEVO,,,,,,NO,,,,NO,NUEVO
CFDI-2026-012458,NUEVO,,,,,,NO,,,,NO,NUEVO
CFDI-2026-012459,NUEVO,,,,,,NO,,,,NO,NUEVO
CFDI-2026-012460,NUEVO,,,,,,NO,,,,NO,NUEVO
CFDI-2026-012461,NUEVO,,,,,,NO,,,,NO,NUEVO
CFDI-2026-012462,NUEVO,,,,,,NO,,,,NO,NUEVO
CFDI-2026-012463,NUEVO,,,,,,NO,,,,NO,NUEVO
CFDI-2026-012464,NUEVO,,,,,,NO,,,,NO,NUEVO
CFDI-2026-012465,NUEVO,,,,,,NO,,,,NO,NUEVO
CFDI-2026-012466,NUEVO,,,,,,NO,,,,NO,NUEVO
CFDI-2026-012467,NUEVO,,,,,,NO,,,,NO,NUEVO
CFDI-2026-012468,NUEVO,,,,,,NO,,,,NO,NUEVO
CFDI-2026-012469,NUEVO,,,,,,NO,,,,NO,NUEVO
CFDI-2026-012470,NUEVO,,,,,,NO,,,,NO,NUEVO
CFDI-2026-012471,NUEVO,,,,,,NO,,,,NO,NUEVO
CFDI-2026-012472,NUEVO,,,,,,NO,,,,NO,NUEVO
CFDI-2026-012473,NUEVO,,,,,,NO,,,,NO,NUEVO
CFDI-2026-012474,NUEVO,,,,,,NO,,,,NO,NUEVO
CFDI-2026-012475,NUEVO,,,,,,NO,,,,NO,NUEVO
CFDI-2026-012476,NUEVO,,,,,,NO,,,,NO,NUEVO
CFDI-2026-012477,NUEVO,,,,,,NO,,,,NO,NUEVO
CFDI-2026-012478,NUEVO,,,,,,NO,,,,NO,NUEVO
CFDI-2026-012479,NUEVO,,,,,,NO,,,,NO,NUEVO
CFDI-2026-012480,NUEVO,,,,,,NO,,,,NO,NUEVO
CFDI-2026-012481,NUEVO,,,,,,NO,,,,NO,NUEVO
CFDI-2026-012482,NUEVO,,,,,,NO,,,,NO,NUEVO
CFDI-2026-012483,NUEVO,,,,,,NO,,,,NO,NUEVO
CFDI-2026-012484,NUEVO,,,,,,NO,,,,NO,NUEVO
CFDI-2026-012485,NUEVO,,,,,,NO,,,,NO,NUEVO
CFDI-2026-012486,NUEVO,,,,,,NO,,,,NO,NUEVO
CFDI-2026-012487,NUEVO,,,,,,NO,,,,NO,NUEVO
CFDI-2026-012488,NUEVO,,,,,,NO,,,,NO,NUEVO
CFDI-2026-012489,NUEVO,,,,,,NO,,,,NO,NUEVO
CFDI-2026-012490,NUEVO,,,,,,NO,,,,NO,NUEVO
CFDI-2026-012491,NUEVO,,,,,,NO,,,,NO,NUEVO
CFDI-2026-012492,NUEVO,,,,,,NO,,,,NO,NUEVO
CFDI-2026-012493,NUEVO,,,,,,NO,,,,NO,NUEVO
CFDI-2026-012494,NUEVO,,,,,,NO,,,,NO,NUEVO
CFDI-2026-012495,NUEVO,,,,,,NO,,,,NO,NUEVO
CFDI-2026-012496,NUEVO,,,,,,NO,,,,NO,NUEVO
CFDI-2026-012497,NUEVO,,,,,,NO,,,,NO,NUEVO
CFDI-2026-012498,NUEVO,,,,,,NO,,,,NO,NUEVO
CFDI-2026-012499,NUEVO,,,,,,NO,,,,NO,NUEVO
CFDI-2026-012500,NUEVO,,,,,,NO,,,,NO,NUEVO
CFDI-2026-012501,NUEVO,,,,,,NO,,,,NO,NUEVO
CFDI-2026-012502,NUEVO,,,,,,NO,,,,NO,NUEVO
CFDI-2026-012503,NUEVO,,,,,,NO,,,,NO,NUEVO
CFDI-2026-012504,NUEVO,,,,,,NO,,,,NO,NUEVO
CFDI-2026-012505,NUEVO,,,,,,NO,,,,NO,NUEVO
CFDI-2026-012506,NUEVO,,,,,,NO,,,,NO,NUEVO
CFDI-2026-012507,NUEVO,,,,,,NO,,,,NO,NUEVO
CFDI-2026-012508,NUEVO,,,,,,NO,,,,NO,NUEVO
CFDI-2026-012509,NUEVO,,,,,,NO,,,,NO,NUEVO
CFDI-2026-012510,NUEVO,,,,,,NO,,,,NO,NUEVO
CFDI-2026-012511,NUEVO,,,,,,NO,,,,NO,NUEVO
CFDI-2026-012512,NUEVO,,,,,,NO,,,,NO,NUEVO
CFDI-2026-012513,NUEVO,,,,,,NO,,,,NO,NUEVO
CFDI-2026-012514,NUEVO,,,,,,NO,,,,NO,NUEVO
CFDI-2026-012515,NUEVO,,,,,,NO,,,,NO,NUEVO
CFDI-2026-012516,NUEVO,,,,,,NO,,,,NO,NUEVO
CFDI-2026-012517,NUEVO,,,,,,NO,,,,NO,NUEVO
CFDI-2026-012518,NUEVO,,,,,,NO,,,,NO,NUEVO
CFDI-2026-012519,NUEVO,,,,,,NO,,,,NO,NUEVO
CFDI-2026-012520,NUEVO,,,,,,NO,,,,NO,NUEVO
CFDI-2026-012521,NUEVO,,,,,,NO,,,,NO,NUEVO
CFDI-2026-012522,NUEVO,,,,,,NO,,,,NO,NUEVO
CFDI-2026-012523,NUEVO,,,,,,NO,,,,NO,NUEVO
CFDI-2026-012524,NUEVO,,,,,,NO,,,,NO,NUEVO
CFDI-2026-012525,NUEVO,,,,,,NO,,,,NO,NUEVO
CFDI-2026-012526,NUEVO,,,,,,NO,,,,NO,NUEVO
CFDI-2026-012527,NUEVO,,,,,,NO,,,,NO,NUEVO
CFDI-2026-012528,NUEVO,,,,,,NO,,,,NO,NUEVO
CFDI-2026-012529,NUEVO,,,,,,NO,,,,NO,NUEVO
CFDI-2026-012530,NUEVO,,,,,,NO,,,,NO,NUEVO
CFDI-2026-012531,NUEVO,,,,,,NO,,,,NO,NUEVO
CFDI-2026-012532,NUEVO,,,,,,NO,,,,NO,NUEVO
CFDI-2026-012533,NUEVO,,,,,,NO,,,,NO,NUEVO
CFDI-2026-012534,NUEVO,,,,,,NO,,,,NO,NUEVO
CFDI-2026-012535,NUEVO,,,,,,NO,,,,NO,NUEVO
CFDI-2026-012536,NUEVO,,,,,,NO,,,,NO,NUEVO
CFDI-2026-012537,NUEVO,,,,,,NO,,,,NO,NUEVO
CFDI-2026-012538,NUEVO,,,,,,NO,,,,NO,NUEVO
CFDI-2026-012539,NUEVO,,,,,,NO,,,,NO,NUEVO
CFDI-2026-012540,NUEVO,,,,,,NO,,,,NO,NUEVO
CFDI-2026-012541,NUEVO,,,,,,NO,,,,NO,NUEVO
CFDI-2026-012542,NUEVO,,,,,,NO,,,,NO,NUEVO
CFDI-2026-012543,NUEVO,,,,,,NO,,,,NO,NUEVO
CFDI-2026-012544,NUEVO,,,,,,NO,,,,NO,NUEVO
CFDI-2026-012545,NUEVO,,,,,,NO,,,,NO,NUEVO
CFDI-2026-012546,NUEVO,,,,,,NO,,,,NO,NUEVO
CFDI-2026-012547,NUEVO,,,,,,NO,,,,NO,NUEVO
CFDI-2026-012548,NUEVO,,,,,,NO,,,,NO,NUEVO
CFDI-2026-012549,NUEVO,,,,,,NO,,,,NO,NUEVO
CFDI-2026-012550,NUEVO,,,,,,NO,,,,NO,NUEVO
CFDI-2026-012551,NUEVO,,,,,,NO,,,,NO,NUEVO
CFDI-2026-012552,NUEVO,,,,,,NO,,,,NO,NUEVO
CFDI-2026-012553,NUEVO,,,,,,NO,,,,NO,NUEVO
CFDI-2026-012554,NUEVO,,,,,,NO,,,,NO,NUEVO
CFDI-2026-012555,NUEVO,,,,,,NO,,,,NO,NUEVO
CFDI-2026-012556,NUEVO,,,,,,NO,,,,NO,NUEVO
CFDI-2026-012557,NUEVO,,,,,,NO,,,,NO,NUEVO
CFDI-2026-012558,NUEVO,,,,,,NO,,,,NO,NUEVO
CFDI-2026-012559,NUEVO,,,,,,NO,,,,NO,NUEVO
CFDI-2026-012560,NUEVO,,,,,,NO,,,,NO,NUEVO
CFDI-2026-012561,NUEVO,,,,,,NO,,,,NO,NUEVO
CFDI-2026-012562,NUEVO,,,,,,NO,,,,NO,NUEVO
CFDI-2026-012563,NUEVO,,,,,,NO,,,,NO,NUEVO
CFDI-2026-012564,NUEVO,,,,,,NO,,,,NO,NUEVO
CFDI-2026-012565,NUEVO,,,,,,NO,,,,NO,NUEVO
CFDI-2026-012566,NUEVO,,,,,,NO,,,,NO,NUEVO
CFDI-2026-012567,NUEVO,,,,,,NO,,,,NO,NUEVO
CFDI-2026-012568,NUEVO,,,,,,NO,,,,NO,NUEVO
CFDI-2026-012569,NUEVO,,,,,,NO,,,,NO,NUEVO
CFDI-2026-012570,NUEVO,,,,,,NO,,,,NO,NUEVO
CFDI-2026-012571,NUEVO,,,,,,NO,,,,NO,NUEVO
CFDI-2026-012572,NUEVO,,,,,,NO,,,,NO,NUEVO
CFDI-2026-012573,NUEVO,,,,,,NO,,,,NO,NUEVO
CFDI-2026-012574,NUEVO,,,,,,NO,,,,NO,NUEVO
CFDI-2026-012575,NUEVO,,,,,,NO,,,,NO,NUEVO
CFDI-2026-012576,NUEVO,,,,,,NO,,,,NO,NUEVO
CFDI-2026-012577,NUEVO,,,,,,NO,,,,NO,NUEVO
CFDI-2026-012578,NUEVO,,,,,,NO,,,,NO,NUEVO
CFDI-2026-012579,NUEVO,,,,,,NO,,,,NO,NUEVO
CFDI-2026-012580,NUEVO,,,,,,NO,,,,NO,NUEVO
CFDI-2026-012581,NUEVO,,,,,,NO,,,,NO,NUEVO
CFDI-2026-012582,NUEVO,,,,,,NO,,,,NO,NUEVO
CFDI-2026-012583,NUEVO,,,,,,NO,,,,NO,NUEVO
CFDI-2026-012584,NUEVO,,,,,,NO,,,,NO,NUEVO
CFDI-2026-012585,NUEVO,,,,,,NO,,,,NO,NUEVO
CFDI-2026-012586,NUEVO,,,,,,NO,,,,NO,NUEVO
CFDI-2026-012587,NUEVO,,,,,,NO,,,,NO,NUEVO
CFDI-2026-012588,NUEVO,,,,,,NO,,,,NO,NUEVO
CFDI-2026-012589,NUEVO,,,,,,NO,,,,NO,NUEVO
CFDI-2026-012590,NUEVO,,,,,,NO,,,,NO,NUEVO
CFDI-2026-012591,NUEVO,,,,,,NO,,,,NO,NUEVO
CFDI-2026-012592,NUEVO,,,,,,NO,,,,NO,NUEVO
CFDI-2026-012593,NUEVO,,,,,,NO,,,,NO,NUEVO
CFDI-2026-012594,NUEVO,,,,,,NO,,,,NO,NUEVO
CFDI-2026-012595,NUEVO,,,,,,NO,,,,NO,NUEVO
CFDI-2026-012596,NUEVO,,,,,,NO,,,,NO,NUEVO
CFDI-2026-012597,NUEVO,,,,,,NO,,,,NO,NUEVO
CFDI-2026-012598,NUEVO,,,,,,NO,,,,NO,NUEVO
CFDI-2026-012599,NUEVO,,,,,,NO,,,,NO,NUEVO
CFDI-2026-012600,NUEVO,,,,,,NO,,,,NO,NUEVO
CFDI-2026-012601,NUEVO,,,,,,NO,,,,NO,NUEVO
CFDI-2026-012602,NUEVO,,,,,,NO,,,,NO,NUEVO
CFDI-2026-012603,NUEVO,,,,,,NO,,,,NO,NUEVO
CFDI-2026-012604,NUEVO,,,,,,NO,,,,NO,NUEVO
CFDI-2026-012605,NUEVO,,,,,,NO,,,,NO,NUEVO
CFDI-2026-012606,NUEVO,,,,,,NO,,,,NO,NUEVO
CFDI-2026-012607,NUEVO,,,,,,NO,,,,NO,NUEVO
CFDI-2026-012608,NUEVO,,,,,,NO,,,,NO,NUEVO
CFDI-2026-012609,NUEVO,,,,,,NO,,,,NO,NUEVO
CFDI-2026-012610,NUEVO,,,,,,NO,,,,NO,NUEVO
CFDI-2026-012611,NUEVO,,,,,,NO,,,,NO,NUEVO
CFDI-2026-012612,NUEVO,,,,,,NO,,,,NO,NUEVO
CFDI-2026-012613,NUEVO,,,,,,NO,,,,NO,NUEVO
CFDI-2026-012614,NUEVO,,,,,,NO,,,,NO,NUEVO
CFDI-2026-012615,NUEVO,,,,,,NO,,,,NO,NUEVO
CFDI-2026-012616,NUEVO,,,,,,NO,,,,NO,NUEVO
CFDI-2026-012617,NUEVO,,,,,,NO,,,,NO,NUEVO
CFDI-2026-012618,NUEVO,,,,,,NO,,,,NO,NUEVO
CFDI-2026-012619,NUEVO,,,,,,NO,,,,NO,NUEVO
CFDI-2026-012620,NUEVO,,,,,,NO,,,,NO,NUEVO
CFDI-2026-012621,NUEVO,,,,,,NO,,,,NO,NUEVO
CFDI-2026-012622,NUEVO,,,,,,NO,,,,NO,NUEVO
CFDI-2026-012623,NUEVO,,,,,,NO,,,,NO,NUEVO
CFDI-2026-012624,NUEVO,,,,,,NO,,,,NO,NUEVO
CFDI-2026-012625,NUEVO,,,,,,NO,,,,NO,NUEVO
CFDI-2026-012626,NUEVO,,,,,,NO,,,,NO,NUEVO
CFDI-2026-012627,NUEVO,,,,,,NO,,,,NO,NUEVO
CFDI-2026-012628,NUEVO,,,,,,NO,,,,NO,NUEVO
CFDI-2026-012629,NUEVO,,,,,,NO,,,,NO,NUEVO
CFDI-2026-012630,NUEVO,,,,,,NO,,,,NO,NUEVO
CFDI-2026-012631,NUEVO,,,,,,NO,,,,NO,NUEVO
CFDI-2026-012632,NUEVO,,,,,,NO,,,,NO,NUEVO
CFDI-2026-012633,NUEVO,,,,,,NO,,,,NO,NUEVO
CFDI-2026-012634,NUEVO,,,,,,NO,,,,NO,NUEVO
CFDI-2026-012635,NUEVO,,,,,,NO,,,,NO,NUEVO
CFDI-2026-012636,NUEVO,,,,,,NO,,,,NO,NUEVO
CFDI-2026-012637,NUEVO,,,,,,NO,,,,NO,NUEVO
CFDI-2026-012638,NUEVO,,,,,,NO,,,,NO,NUEVO
CFDI-2026-012639,NUEVO,,,,,,NO,,,,NO,NUEVO
CFDI-2026-012640,NUEVO,,,,,,NO,,,,NO,NUEVO
CFDI-2026-012641,NUEVO,,,,,,NO,,,,NO,NUEVO
CFDI-2026-012642,NUEVO,,,,,,NO,,,,NO,NUEVO
CFDI-2026-012643,NUEVO,,,,,,NO,,,,NO,NUEVO
CFDI-2026-012644,NUEVO,,,,,,NO,,,,NO,NUEVO
CFDI-2026-012645,NUEVO,,,,,,NO,,,,NO,NUEVO
CFDI-2026-012646,NUEVO,,,,,,NO,,,,NO,NUEVO
CFDI-2026-012647,NUEVO,,,,,,NO,,,,NO,NUEVO
CFDI-2026-012648,NUEVO,,,,,,NO,,,,NO,NUEVO
CFDI-2026-012649,NUEVO,,,,,,NO,,,,NO,NUEVO
CFDI-2026-012650,NUEVO,,,,,,NO,,,,NO,NUEVO
CFDI-2026-012651,NUEVO,,,,,,NO,,,,NO,NUEVO
M-2026-000001,UTILIZADO,MARLENE MIRANDA,OPERADOR,CASTRO PEÑUELAS GUILLERMO,AMPHENOL OPTIMIZE MEXICO,2026-09-16,SI,PRO-20260926-AMPHENOL-OPTIMIZE-MEXICO-140305,FACTURADA,23423423423,SI,COMPROBADA / UTILIZADA
M-2026-000003,UTILIZADO,MARLENE MIRANDA,OPERADOR,CASTRO PEÑUELAS GUILLERMO,K-C AFC MANUFACTURING,2026-09-19,SI,,,,NO,COMPROBADA / UTILIZADA
M-2026-000010,UTILIZADO,MARLENE MIRANDA,BENEFICIARIO,FRANCISCO pruebas,AMPHENOL ALDEN PRODUCTS MEXICO,2026-09-26,SI,,,,NO,COMPROBADA / UTILIZADA
M-2026-000015,ASIGNADO_OPERADOR,MARLENE MIRANDA,OPERADOR,CASTRO PEÑUELAS GUILLERMO,,,NO,,,,NO,CON CASTRO PEÑUELAS GUILLERMO
M-2026-000050,UTILIZADO,MARLENE MIRANDA,OPERADOR,CASTRO PEÑUELAS GUILLERMO,AMPHENOL OPTIMIZE MEXICO,2026-09-26,SI,PRO-20260926-AMPHENOL-OPTIMIZE-MEXICO-140305,FACTURADA,23423423423,SI,COMPROBADA / UTILIZADA
M-2026-007921,UTILIZADO,MARLENE MIRANDA,OPERADOR,VALENZUELA LEON JUAN ANTONIO,DORMAKABA,2026-07-13,SI,PRO-20261001-DORMAKABA-144753,FACTURADA,FLB 13143,SI,COMPROBADA / UTILIZADA
M-2026-008688,UTILIZADO,MARLENE MIRANDA,OPERADOR,HERNANDEZ ARIAS HUGO,DORMAKABA,2026-09-17,SI,PRO-20261001-DORMAKABA-144753,FACTURADA,FLB 13143,SI,COMPROBADA / UTILIZADA
M-2026-008944,UTILIZADO,MARLENE MIRANDA,OPERADOR,INZUNZA MONTOYA NOEL,HUMANSCALE,2026-09-13,SI,PRO-20261001-HUMANSCALE-113830,FACTURADA,FLB 13133,SI,COMPROBADA / UTILIZADA
M-2026-010089,UTILIZADO,MARLENE MIRANDA,OPERADOR,ESTRADA GARCIA JAIME,AMPHENOL OPTIMIZE MEXICO,2026-09-24,SI,PRO-20261001-AMPHENOL-OPTIMIZE-MEXICO-115730,FACTURADA,FLB13135,SI,COMPROBADA / UTILIZADA
M-2026-010127,UTILIZADO,MARLENE MIRANDA,BENEFICIARIO,MARIA,EDWARDS VACCUM,2026-09-25,SI,,,,NO,COMPROBADA / UTILIZADA
M-2026-010128,ASIGNADO_OPERADOR,MARLENE MIRANDA,BENEFICIARIO,MARIA,,,NO,,,,NO,CON MARIA
M-2026-010615,UTILIZADO,MARLENE MIRANDA,OPERADOR,PEREZ CHAVEZ CARLOS GERALDO,EDWARDS VACCUM,2026-08-21,SI,,,,NO,COMPROBADA / UTILIZADA
M-2026-010627,UTILIZADO,MARLENE MIRANDA,OPERADOR,GAXIOLA WAR JOEL ALFREDO,DORMAKABA,2026-09-21,SI,PRO-20261001-DORMAKABA-144753,FACTURADA,FLB 13143,SI,COMPROBADA / UTILIZADA
M-2026-010655,UTILIZADO,MARLENE MIRANDA,OPERADOR,ZEPEDA MORALES LUIS FERNANDO,DORMAKABA,2026-09-18,SI,PRO-20261001-DORMAKABA-144753,FACTURADA,FLB 13143,SI,COMPROBADA / UTILIZADA
M-2026-010812,UTILIZADO,MARLENE MIRANDA,BENEFICIARIO,MARIA,EDWARDS VACCUM,2026-09-24,SI,,,,NO,COMPROBADA / UTILIZADA
M-2026-010813,UTILIZADO,MARLENE MIRANDA,BENEFICIARIO,MARIA,EDWARDS VACCUM,2026-09-24,SI,,,,NO,COMPROBADA / UTILIZADA
M-2026-010814,UTILIZADO,MARLENE MIRANDA,OPERADOR,INZUNZA MONTOYA NOEL,EDWARDS VACCUM,2026-09-24,SI,,,,NO,COMPROBADA / UTILIZADA
M-2026-010815,UTILIZADO,MARLENE MIRANDA,OPERADOR,INZUNZA MONTOYA NOEL,EDWARDS VACCUM,2026-09-24,SI,,,,NO,COMPROBADA / UTILIZADA
M-2026-010860,UTILIZADO,MARLENE MIRANDA,OPERADOR,INZUNZA MONTOYA NOEL,PRODUCTOS PARA EL CUIDADO DE LA SALUD,2026-09-25,SI,PRO-20261003-PRODUCTOS-PARA-EL-CUIDADO-DE-LA-SALUD-121143,FACTURADA,FLB 13209,SI,COMPROBADA / UTILIZADA
M-2026-010955,UTILIZADO,MARLENE MIRANDA,OPERADOR,SOTO CORRAL SERGIO,INTEGRATED CABLE ASSEMBLY HOLDINGS,2026-09-24,SI,PRO-20261001-INTEGRATED-CABLE-ASSEMBLY-HOLDINGS-143725,FACTURADA,FLB13145,SI,COMPROBADA / UTILIZADA
M-2026-011074,UTILIZADO,MARLENE MIRANDA,OPERADOR,CIENFUEGOS GOCHAR RENATO ALONSO,AMPHENOL ALDEN PRODUCTS MEXICO,2026-09-16,SI,PRO-20261002-AMPHENOL-ALDEN-PRODUCTS-MEXICO-100229,FACTURADA,FLB 13146,SI,COMPROBADA / UTILIZADA
M-2026-011113,UTILIZADO,MARLENE MIRANDA,OPERADOR,MENDEZ URIBE JOSE SACRAMENTO,DORMAKABA,2026-09-03,SI,PRO-20261001-DORMAKABA-144753,FACTURADA,FLB 13143,SI,COMPROBADA / UTILIZADA
M-2026-011142,UTILIZADO,MARLENE MIRANDA,OPERADOR,ORTIZ GARCIA CANDELARIO,WEISER LOCK MEXICO,2026-09-25,SI,PRO-20261001-WEISER-LOCK-MEXICO-160852,PENDIENTE_FACTURAR,,NO,COMPROBADA / UTILIZADA
M-2026-011143,UTILIZADO,MARLENE MIRANDA,OPERADOR,ORTIZ GARCIA CANDELARIO,WEISER LOCK MEXICO,2026-09-25,SI,PRO-20261001-WEISER-LOCK-MEXICO-160852,PENDIENTE_FACTURAR,,NO,COMPROBADA / UTILIZADA
M-2026-011144,UTILIZADO,MARLENE MIRANDA,OPERADOR,ROMERO GALINDO FRANCISCO RAMON,DORMAKABA,2026-09-25,SI,PRO-20261001-DORMAKABA-144753,FACTURADA,FLB 13143,SI,COMPROBADA / UTILIZADA
M-2026-011292,UTILIZADO,MARLENE MIRANDA,OPERADOR,ROMERO IRIQUI JACOBO,K-C AFC MANUFACTURING,2026-10-02,SI,PRO-20261002-K-C-AFC-MANUFACTURING-092017,FACTURADA,FLB 13107,SI,COMPROBADA / UTILIZADA
M-2026-011293,UTILIZADO,MARLENE MIRANDA,OPERADOR,ZEPEDA MORALES LUIS FERNANDO,EDWARDS VACCUM,2026-09-26,SI,,,,NO,COMPROBADA / UTILIZADA
M-2026-011365,UTILIZADO,MARLENE MIRANDA,OPERADOR,LEAL IBAL JOSE LUIS,AMPHENOL OPTIMIZE MEXICO,2026-09-24,SI,,,,NO,COMPROBADA / UTILIZADA
M-2026-011366,UTILIZADO,MARLENE MIRANDA,OPERADOR,CASTRO GUZMAN SALVADOR,HUMANSCALE,2026-09-24,SI,PRO-20261001-HUMANSCALE-120536,FACTURADA,FLB 13136,SI,COMPROBADA / UTILIZADA
M-2026-011375,UTILIZADO,MARLENE MIRANDA,OPERADOR,SOTO CORRAL SERGIO,INTEGRATED CABLE ASSEMBLY HOLDINGS,2026-09-24,SI,PRO-20261001-INTEGRATED-CABLE-ASSEMBLY-HOLDINGS-143725,FACTURADA,FLB13145,SI,COMPROBADA / UTILIZADA
M-2026-011399,UTILIZADO,MARLENE MIRANDA,OPERADOR,INZUNZA MONTOYA NOEL,AMPHENOL SAA,2026-09-25,SI,PRO-20261001-AMPHENOL-SAA-145110,FACTURADA,FLB13142,SI,COMPROBADA / UTILIZADA
M-2026-011433,UTILIZADO,MARLENE MIRANDA,OPERADOR,INZUNZA MONTOYA NOEL,AMPHENOL OPTIMIZE MEXICO,2026-09-29,SI,PRO-20261001-AMPHENOL-OPTIMIZE-MEXICO-135205,FACTURADA,FLB13139,SI,COMPROBADA / UTILIZADA
M-2026-011434,UTILIZADO,MARLENE MIRANDA,OPERADOR,INZUNZA MONTOYA NOEL,DORMAKABA,2026-09-25,SI,PRO-20261001-DORMAKABA-144753,FACTURADA,FLB 13143,SI,COMPROBADA / UTILIZADA
M-2026-011446,UTILIZADO,MARLENE MIRANDA,OPERADOR,SOTO CORRAL SERGIO,AMPHENOL OPTIMIZE MEXICO,2026-10-01,SI,,,,NO,COMPROBADA / UTILIZADA
M-2026-011465,UTILIZADO,MARLENE MIRANDA,OPERADOR,VALENZUELA CORDERO JOAQUIN,PRODUCTOS PARA EL CUIDADO DE LA SALUD,2026-09-15,SI,PRO-20261003-PRODUCTOS-PARA-EL-CUIDADO-DE-LA-SALUD-121143,FACTURADA,FLB 13209,SI,COMPROBADA / UTILIZADA
M-2026-011473,UTILIZADO,MARLENE MIRANDA,OPERADOR,INZUNZA MONTOYA NOEL,DORMAKABA,2026-09-25,SI,PRO-20261001-DORMAKABA-144753,FACTURADA,FLB 13143,SI,COMPROBADA / UTILIZADA
M-2026-011474,UTILIZADO,MARLENE MIRANDA,OPERADOR,GAXIOLA WAR JOEL ALFREDO,WESTMED DE MEXICO,2026-09-29,SI,,,,NO,COMPROBADA / UTILIZADA
M-2026-011475,CANCELADO,MARLENE MIRANDA,OPERADOR,VIZCARRA AMEZCUA BLADIMID,,2026-09-25,SI,,,,NO,CANCELADA
M-2026-011479,UTILIZADO,MARLENE MIRANDA,OPERADOR,YRISSONT GUILLERMARD AGUSTIN,EDWARDS VACCUM,2026-09-22,SI,,,,NO,COMPROBADA / UTILIZADA
M-2026-011505,UTILIZADO,MARLENE MIRANDA,OPERADOR,QUIÑONES ARENAS JESUS ALEJANDRO,INTEGRATED CABLE ASSEMBLY HOLDINGS,2026-09-30,SI,,,,NO,COMPROBADA / UTILIZADA
M-2026-011513,UTILIZADO,MARLENE MIRANDA,OPERADOR,ROMERO GALINDO FRANCISCO RAMON,DORMAKABA,2026-09-25,SI,PRO-20261001-DORMAKABA-144753,FACTURADA,FLB 13143,SI,COMPROBADA / UTILIZADA
M-2026-011514,UTILIZADO,MARLENE MIRANDA,OPERADOR,ARCE BARCELO LUIS RENE,HUMANSCALE,2026-09-25,NO,PRO-20261001-HUMANSCALE-113830,FACTURADA,FLB 13133,SI,COMPROBADA / UTILIZADA
M-2026-011516,CANCELADO,MARLENE MIRANDA,OPERADOR,ARCE BARCELO LUIS RENE,,2026-09-28,NO,,,,NO,CANCELADA
M-2026-011547,UTILIZADO,MARLENE MIRANDA,OPERADOR,FLORES ARIAS ADRIAN,AMPHENOL ALDEN PRODUCTS MEXICO,2026-09-10,SI,PRO-20261002-AMPHENOL-ALDEN-PRODUCTS-MEXICO-100229,FACTURADA,FLB 13146,SI,COMPROBADA / UTILIZADA
M-2026-011555,UTILIZADO,MARLENE MIRANDA,OPERADOR,PEREZ CHAVEZ CARLOS GERALDO,WESTMED DE MEXICO,2026-09-10,SI,PRO-20261002-WESTMED-DE-MEXICO-122029,FACTURADA,FLB 13169,SI,COMPROBADA / UTILIZADA
M-2026-011573,UTILIZADO,MARLENE MIRANDA,OPERADOR,CIENFUEGOS GOCHAR RENATO ALONSO,AVENT,2026-09-29,SI,PRO-20261002-AVENT-154700,FACTURADA,FLB 13199,SI,COMPROBADA / UTILIZADA
M-2026-011576,UTILIZADO,MARLENE MIRANDA,OPERADOR,LUNA ANDRADE DANIEL,AMPHENOL OPTIMIZE MEXICO,2026-09-29,SI,,,,NO,COMPROBADA / UTILIZADA
M-2026-011577,UTILIZADO,MARLENE MIRANDA,OPERADOR,LUNA ANDRADE DANIEL,DORMAKABA,2026-09-21,SI,PRO-20261001-DORMAKABA-144753,FACTURADA,FLB 13143,SI,COMPROBADA / UTILIZADA
M-2026-011583,UTILIZADO,MARLENE MIRANDA,OPERADOR,ARCE BARCELO LUIS RENE,EDWARDS VACCUM,2026-09-25,SI,,,,NO,COMPROBADA / UTILIZADA
M-2026-011585,CANCELADO,MARLENE MIRANDA,OPERADOR,VIZCARRA AMEZCUA BLADIMID,,2026-09-24,SI,,,,NO,CANCELADA
M-2026-011586,UTILIZADO,MARLENE MIRANDA,OPERADOR,MENDEZ URIBE JOSE SACRAMENTO,DORMAKABA,2026-09-23,SI,PRO-20261001-DORMAKABA-144753,FACTURADA,FLB 13143,SI,COMPROBADA / UTILIZADA
M-2026-011587,UTILIZADO,MARLENE MIRANDA,OPERADOR,MEDINA ARMENDARIZ LUIS ENRIQUE,DORMAKABA,2026-09-24,SI,PRO-20261001-DORMAKABA-144753,FACTURADA,FLB 13143,SI,COMPROBADA / UTILIZADA
M-2026-011616,UTILIZADO,MARLENE MIRANDA,OPERADOR,GAXIOLA WAR JOEL ALFREDO,WESTMED DE MEXICO,2026-09-29,SI,PRO-20261002-WESTMED-DE-MEXICO-110747,FACTURADA,FLB13148,SI,COMPROBADA / UTILIZADA
M-2026-011635,UTILIZADO,MARLENE MIRANDA,OPERADOR,ZEPEDA MORALES LUIS FERNANDO,AMPHENOL OPTIMIZE MEXICO,2026-09-25,NO,PRO-20261001-AMPHENOL-OPTIMIZE-MEXICO-115730,FACTURADA,FLB13135,SI,COMPROBADA / UTILIZADA
M-2026-011636,UTILIZADO,MARLENE MIRANDA,OPERADOR,ZEPEDA MORALES LUIS FERNANDO,AMPHENOL OPTIMIZE MEXICO,2026-09-25,NO,PRO-20261001-AMPHENOL-OPTIMIZE-MEXICO-135205,FACTURADA,FLB13139,SI,COMPROBADA / UTILIZADA
M-2026-011638,UTILIZADO,MARLENE MIRANDA,OPERADOR,ZEPEDA MORALES LUIS FERNANDO,HUMANSCALE,2026-09-26,NO,PRO-20261001-HUMANSCALE-120536,FACTURADA,FLB 13136,SI,COMPROBADA / UTILIZADA
M-2026-011639,UTILIZADO,MARLENE MIRANDA,OPERADOR,ARCE BARCELO LUIS RENE,EDWARDS VACCUM,2026-09-25,NO,,,,NO,COMPROBADA / UTILIZADA
M-2026-011644,UTILIZADO,MARLENE MIRANDA,OPERADOR,LEAL IBAL JOSE LUIS,WEISER LOCK MEXICO,2026-09-25,SI,PRO-20261001-WEISER-LOCK-MEXICO-160852,PENDIENTE_FACTURAR,,NO,COMPROBADA / UTILIZADA
M-2026-011658,UTILIZADO,MARLENE MIRANDA,OPERADOR,MEDINA ARMENDARIZ LUIS ENRIQUE,DORMAKABA,2026-09-24,SI,PRO-20261001-DORMAKABA-144753,FACTURADA,FLB 13143,SI,COMPROBADA / UTILIZADA
M-2026-011659,UTILIZADO,MARLENE MIRANDA,OPERADOR,MEDINA ARMENDARIZ LUIS ENRIQUE,DORMAKABA,2026-09-24,SI,PRO-20261001-DORMAKABA-144753,FACTURADA,FLB 13143,SI,COMPROBADA / UTILIZADA
M-2026-011660,UTILIZADO,MARLENE MIRANDA,OPERADOR,MEDINA ARMENDARIZ LUIS ENRIQUE,DORMAKABA,2026-09-24,SI,PRO-20261001-DORMAKABA-144753,FACTURADA,FLB 13143,SI,COMPROBADA / UTILIZADA
M-2026-011661,UTILIZADO,MARLENE MIRANDA,OPERADOR,GAXIOLA WAR JOEL ALFREDO,AMPHENOL OPTIMIZE MEXICO,2026-09-30,SI,,,,NO,COMPROBADA / UTILIZADA
M-2026-011663,UTILIZADO,MARLENE MIRANDA,OPERADOR,QUIÑONES ARENAS JESUS ALEJANDRO,INTEGRATED CABLE ASSEMBLY HOLDINGS,2026-09-30,SI,,,,NO,COMPROBADA / UTILIZADA
M-2026-011664,UTILIZADO,MARLENE MIRANDA,OPERADOR,MEDINA ARMENDARIZ LUIS ENRIQUE,ITT CT,2026-10-01,SI,,,,NO,COMPROBADA / UTILIZADA
M-2026-011665,UTILIZADO,MARLENE MIRANDA,OPERADOR,VALENZUELA CORDERO JOAQUIN,M C DAVIS INTERNACIONAL,2026-10-02,SI,,,,NO,COMPROBADA / UTILIZADA
M-2026-011666,UTILIZADO,MARLENE MIRANDA,OPERADOR,VALENZUELA CORDERO JOAQUIN,M C DAVIS INTERNACIONAL,2026-10-02,SI,,,,NO,COMPROBADA / UTILIZADA
M-2026-011675,UTILIZADO,MARLENE MIRANDA,OPERADOR,VALLES PARRA FRANCISCO,WEISER LOCK MEXICO,2026-09-24,SI,PRO-20261001-WEISER-LOCK-MEXICO-160852,PENDIENTE_FACTURAR,,NO,COMPROBADA / UTILIZADA
M-2026-011676,UTILIZADO,MARLENE MIRANDA,OPERADOR,VALLES PARRA FRANCISCO,WEISER LOCK MEXICO,2026-09-25,SI,PRO-20261001-WEISER-LOCK-MEXICO-160852,PENDIENTE_FACTURAR,,NO,COMPROBADA / UTILIZADA
M-2026-011679,UTILIZADO,MARLENE MIRANDA,OPERADOR,QUIÑONES ARENAS JESUS ALEJANDRO,INTEGRATED CABLE ASSEMBLY HOLDINGS,2026-09-30,SI,,,,NO,COMPROBADA / UTILIZADA
M-2026-011680,UTILIZADO,MARLENE MIRANDA,OPERADOR,QUIÑONES ARENAS JESUS ALEJANDRO,PRODUCTOS PARA EL CUIDADO DE LA SALUD,2026-10-01,SI,,,,NO,COMPROBADA / UTILIZADA
M-2026-011687,UTILIZADO,MARLENE MIRANDA,OPERADOR,CASTRO GUZMAN SALVADOR,AVENT,2026-09-23,SI,,,,NO,COMPROBADA / UTILIZADA
M-2026-011688,UTILIZADO,MARLENE MIRANDA,OPERADOR,ROMERO IRIQUI JACOBO,EDWARDS VACCUM,2026-09-24,NO,,,,NO,COMPROBADA / UTILIZADA
M-2026-011696,UTILIZADO,MARLENE MIRANDA,OPERADOR,ORNELAS MANJARREZ JESUS EMILIO,DORMAKABA,2026-09-11,SI,PRO-20261001-DORMAKABA-144753,FACTURADA,FLB 13143,SI,COMPROBADA / UTILIZADA
M-2026-011716,UTILIZADO,MARLENE MIRANDA,OPERADOR,YRISSONT GUILLERMARD AGUSTIN,AMPHENOL OPTIMIZE MEXICO,2026-09-28,SI,,,,NO,COMPROBADA / UTILIZADA
M-2026-011725,UTILIZADO,MARLENE MIRANDA,OPERADOR,MENDEZ URIBE JOSE SACRAMENTO,DORMAKABA,2026-09-30,SI,,,,NO,COMPROBADA / UTILIZADA
M-2026-011726,UTILIZADO,MARLENE MIRANDA,OPERADOR,SOTO CORRAL SERGIO,WEISER LOCK MEXICO,2026-09-23,SI,PRO-20261001-WEISER-LOCK-MEXICO-160852,PENDIENTE_FACTURAR,,NO,COMPROBADA / UTILIZADA
M-2026-011733,UTILIZADO,MARLENE MIRANDA,OPERADOR,QUIÑONES ARENAS JESUS ALEJANDRO,PRODUCTOS PARA EL CUIDADO DE LA SALUD,2026-10-01,SI,,,,NO,COMPROBADA / UTILIZADA
M-2026-011734,UTILIZADO,MARLENE MIRANDA,OPERADOR,MENDEZ URIBE JOSE SACRAMENTO,DORMAKABA,2026-09-30,SI,,,,NO,COMPROBADA / UTILIZADA
M-2026-011742,UTILIZADO,MARLENE MIRANDA,OPERADOR,ZEPEDA MORALES LUIS FERNANDO,AMPHENOL ALDEN PRODUCTS MEXICO,2026-09-11,SI,PRO-20261002-AMPHENOL-ALDEN-PRODUCTS-MEXICO-105728,FACTURADA,FLB 13149,SI,COMPROBADA / UTILIZADA
M-2026-011751,UTILIZADO,MARLENE MIRANDA,OPERADOR,ORTIZ GARCIA CANDELARIO,AMPHENOL ALDEN PRODUCTS MEXICO,2026-09-18,SI,PRO-20261002-AMPHENOL-ALDEN-PRODUCTS-MEXICO-105728,FACTURADA,FLB 13149,SI,COMPROBADA / UTILIZADA
M-2026-011753,UTILIZADO,MARLENE MIRANDA,OPERADOR,SOTO CORRAL SERGIO,WEISER LOCK MEXICO,2026-09-23,SI,PRO-20261001-WEISER-LOCK-MEXICO-160852,PENDIENTE_FACTURAR,,NO,COMPROBADA / UTILIZADA
M-2026-011754,UTILIZADO,MARLENE MIRANDA,OPERADOR,SOTO CORRAL SERGIO,WEISER LOCK MEXICO,2026-09-23,SI,PRO-20261001-WEISER-LOCK-MEXICO-160852,PENDIENTE_FACTURAR,,NO,COMPROBADA / UTILIZADA
M-2026-011759,UTILIZADO,MARLENE MIRANDA,OPERADOR,SOTO CORRAL SERGIO,WEISER LOCK MEXICO,2026-09-23,SI,PRO-20261001-WEISER-LOCK-MEXICO-160852,PENDIENTE_FACTURAR,,NO,COMPROBADA / UTILIZADA
M-2026-011760,UTILIZADO,MARLENE MIRANDA,OPERADOR,SOTO CORRAL SERGIO,WEISER LOCK MEXICO,2026-09-23,SI,PRO-20261001-WEISER-LOCK-MEXICO-160852,PENDIENTE_FACTURAR,,NO,COMPROBADA / UTILIZADA
M-2026-011761,UTILIZADO,MARLENE MIRANDA,OPERADOR,SOTO CORRAL SERGIO,PRODUCTOS PARA EL CUIDADO DE LA SALUD,2026-09-23,SI,PRO-20261003-PRODUCTOS-PARA-EL-CUIDADO-DE-LA-SALUD-121143,FACTURADA,FLB 13209,SI,COMPROBADA / UTILIZADA
M-2026-011766,UTILIZADO,MARLENE MIRANDA,OPERADOR,ANTUNA SIRAYTARE CESAR ULISES,AMPHENOL ALDEN PRODUCTS MEXICO,2026-09-17,SI,PRO-20261002-AMPHENOL-ALDEN-PRODUCTS-MEXICO-100229,FACTURADA,FLB 13146,SI,COMPROBADA / UTILIZADA
M-2026-011770,UTILIZADO,MARLENE MIRANDA,OPERADOR,VALENZUELA CORDERO JOAQUIN,PRODUCTOS PARA EL CUIDADO DE LA SALUD,2026-09-15,SI,PRO-20261003-PRODUCTOS-PARA-EL-CUIDADO-DE-LA-SALUD-125606,FACTURADA,FLB 13211,SI,COMPROBADA / UTILIZADA
M-2026-011772,UTILIZADO,MARLENE MIRANDA,OPERADOR,VALENZUELA CORDERO JOAQUIN,PRODUCTOS PARA EL CUIDADO DE LA SALUD,2026-09-16,SI,PRO-20261003-PRODUCTOS-PARA-EL-CUIDADO-DE-LA-SALUD-121143,FACTURADA,FLB 13209,SI,COMPROBADA / UTILIZADA
M-2026-011773,UTILIZADO,MARLENE MIRANDA,OPERADOR,VALENZUELA CORDERO JOAQUIN,INTEGRATED CABLE ASSEMBLY HOLDINGS,2026-09-18,SI,PRO-20261001-INTEGRATED-CABLE-ASSEMBLY-HOLDINGS-143725,FACTURADA,FLB13145,SI,COMPROBADA / UTILIZADA
M-2026-011774,UTILIZADO,MARLENE MIRANDA,OPERADOR,VALENZUELA CORDERO JOAQUIN,DORMAKABA,2026-09-17,SI,PRO-20261001-DORMAKABA-144753,FACTURADA,FLB 13143,SI,COMPROBADA / UTILIZADA
M-2026-011775,UTILIZADO,MARLENE MIRANDA,OPERADOR,VALENZUELA CORDERO JOAQUIN,DORMAKABA,2026-09-17,SI,PRO-20261001-DORMAKABA-144753,FACTURADA,FLB 13143,SI,COMPROBADA / UTILIZADA
M-2026-011778,UTILIZADO,MARLENE MIRANDA,OPERADOR,VALENZUELA CORDERO JOAQUIN,DORMAKABA,2026-09-18,SI,PRO-20261001-DORMAKABA-144753,FACTURADA,FLB 13143,SI,COMPROBADA / UTILIZADA
M-2026-011779,UTILIZADO,MARLENE MIRANDA,OPERADOR,VALENZUELA CORDERO JOAQUIN,M C DAVIS INTERNACIONAL,2026-09-21,SI,PRO-20261001-M-C-DAVIS-INTERNACIONAL-112453,FACTURADA,FLB 13132,SI,COMPROBADA / UTILIZADA
M-2026-011780,UTILIZADO,MARLENE MIRANDA,OPERADOR,VALENZUELA CORDERO JOAQUIN,PRODUCTOS PARA EL CUIDADO DE LA SALUD,2026-09-22,SI,PRO-20261003-PRODUCTOS-PARA-EL-CUIDADO-DE-LA-SALUD-125606,FACTURADA,FLB 13211,SI,COMPROBADA / UTILIZADA
M-2026-011781,UTILIZADO,MARLENE MIRANDA,OPERADOR,VALENZUELA CORDERO JOAQUIN,PRODUCTOS PARA EL CUIDADO DE LA SALUD,2026-09-22,SI,PRO-20261003-PRODUCTOS-PARA-EL-CUIDADO-DE-LA-SALUD-121143,FACTURADA,FLB 13209,SI,COMPROBADA / UTILIZADA
M-2026-011782,UTILIZADO,MARLENE MIRANDA,OPERADOR,VALENZUELA CORDERO JOAQUIN,PRODUCTOS PARA EL CUIDADO DE LA SALUD,2026-09-22,SI,PRO-20261003-PRODUCTOS-PARA-EL-CUIDADO-DE-LA-SALUD-121143,FACTURADA,FLB 13209,SI,COMPROBADA / UTILIZADA
M-2026-011789,UTILIZADO,MARLENE MIRANDA,OPERADOR,MENDEZ URIBE JOSE SACRAMENTO,DORMAKABA,2026-10-01,SI,,,,NO,COMPROBADA / UTILIZADA
M-2026-011790,UTILIZADO,MARLENE MIRANDA,OPERADOR,INZUNZA MONTOYA NOEL,PRODUCTOS PARA EL CUIDADO DE LA SALUD,2026-09-30,SI,,,,NO,COMPROBADA / UTILIZADA
M-2026-011791,UTILIZADO,MARLENE MIRANDA,OPERADOR,INZUNZA MONTOYA NOEL,BECTON DICKINSON INFUSION THERAPY SYSTEMS INC,2026-09-30,SI,,,,NO,COMPROBADA / UTILIZADA
M-2026-011792,UTILIZADO,MARLENE MIRANDA,OPERADOR,INZUNZA MONTOYA NOEL,AMPHENOL ALDEN PRODUCTS MEXICO,2026-10-01,SI,,,,NO,COMPROBADA / UTILIZADA
M-2026-011799,UTILIZADO,MARLENE MIRANDA,OPERADOR,DE LA CRUZ TAUTIMES MARTIN,WEISER LOCK MEXICO,2026-09-21,SI,PRO-20261001-WEISER-LOCK-MEXICO-160852,PENDIENTE_FACTURAR,,NO,COMPROBADA / UTILIZADA
M-2026-011800,UTILIZADO,MARLENE MIRANDA,OPERADOR,ORTIZ GARCIA CANDELARIO,DORMAKABA,2026-09-30,SI,,,,NO,COMPROBADA / UTILIZADA
M-2026-011805,UTILIZADO,MARLENE MIRANDA,OPERADOR,HERRERA GONZALEZ FRANCISCO JAVIER,DORMAKABA,2026-09-15,SI,PRO-20261001-DORMAKABA-144753,FACTURADA,FLB 13143,SI,COMPROBADA / UTILIZADA
M-2026-011840,UTILIZADO,MARLENE MIRANDA,OPERADOR,ORTIZ GARCIA CANDELARIO,HUMANSCALE,2026-09-30,SI,,,,NO,COMPROBADA / UTILIZADA
M-2026-011841,UTILIZADO,MARLENE MIRANDA,OPERADOR,ORTIZ GARCIA CANDELARIO,DORMAKABA,2026-09-30,SI,,,,NO,COMPROBADA / UTILIZADA
M-2026-011842,UTILIZADO,MARLENE MIRANDA,OPERADOR,CASTELLANOS ROSAS CESAR ANDREI,AMPHENOL OPTIMIZE MEXICO,2026-09-23,SI,,,,NO,COMPROBADA / UTILIZADA
M-2026-011845,UTILIZADO,MARLENE MIRANDA,OPERADOR,VIZCARRA AMEZCUA BLADIMID,AMPHENOL ALDEN PRODUCTS MEXICO,2026-09-17,SI,PRO-20261002-AMPHENOL-ALDEN-PRODUCTS-MEXICO-100229,FACTURADA,FLB 13146,SI,COMPROBADA / UTILIZADA
M-2026-011846,UTILIZADO,MARLENE MIRANDA,OPERADOR,VIZCARRA AMEZCUA BLADIMID,AMPHENOL ALDEN PRODUCTS MEXICO,2026-09-17,SI,PRO-20261002-AMPHENOL-ALDEN-PRODUCTS-MEXICO-100229,FACTURADA,FLB 13146,SI,COMPROBADA / UTILIZADA
M-2026-011850,UTILIZADO,MARLENE MIRANDA,OPERADOR,VALENZUELA CORDERO JOAQUIN,AMPHENOL OPTIMIZE MEXICO,2026-09-28,SI,,,,NO,COMPROBADA / UTILIZADA
M-2026-011858,CANCELADO,,,,,2026-10-02,NO,,,,NO,CANCELADA
M-2026-011861,UTILIZADO,MARLENE MIRANDA,OPERADOR,ORTIZ GARCIA CANDELARIO,PRODUCTOS PARA EL CUIDADO DE LA SALUD,2026-09-17,SI,PRO-20261003-PRODUCTOS-PARA-EL-CUIDADO-DE-LA-SALUD-121143,FACTURADA,FLB 13209,SI,COMPROBADA / UTILIZADA
M-2026-011863,UTILIZADO,MARLENE MIRANDA,OPERADOR,LEAL IBAL JOSE LUIS,AMPHENOL ALDEN PRODUCTS MEXICO,2026-09-14,SI,PRO-20261002-AMPHENOL-ALDEN-PRODUCTS-MEXICO-100229,FACTURADA,FLB 13146,SI,COMPROBADA / UTILIZADA
M-2026-011864,UTILIZADO,MARLENE MIRANDA,OPERADOR,LEAL IBAL JOSE LUIS,AMPHENOL ALDEN PRODUCTS MEXICO,0064-09-14,SI,PRO-20261002-AMPHENOL-ALDEN-PRODUCTS-MEXICO-100229,FACTURADA,FLB 13146,SI,COMPROBADA / UTILIZADA
M-2026-011865,CANCELADO,MARLENE MIRANDA,OPERADOR,LEAL IBAL JOSE LUIS,,2026-09-29,SI,,,,NO,CANCELADA
M-2026-011884,UTILIZADO,MARLENE MIRANDA,OPERADOR,VALENZUELA CORDERO JOAQUIN,DORMAKABA,2026-09-30,SI,,,,NO,COMPROBADA / UTILIZADA
M-2026-011885,UTILIZADO,MARLENE MIRANDA,OPERADOR,VALENZUELA CORDERO JOAQUIN,DORMAKABA,2026-09-30,SI,,,,NO,COMPROBADA / UTILIZADA
M-2026-011886,UTILIZADO,MARLENE MIRANDA,OPERADOR,VALENZUELA CORDERO JOAQUIN,DORMAKABA,2026-09-30,SI,,,,NO,COMPROBADA / UTILIZADA
M-2026-011897,UTILIZADO,MARLENE MIRANDA,OPERADOR,VALENZUELA CORDERO JOAQUIN,ITT BIW,2026-09-29,SI,,,,NO,COMPROBADA / UTILIZADA
M-2026-011898,UTILIZADO,MARLENE MIRANDA,OPERADOR,VALENZUELA CORDERO JOAQUIN,PRODUCTOS PARA EL CUIDADO DE LA SALUD,2026-09-30,SI,,,,NO,COMPROBADA / UTILIZADA
M-2026-011899,UTILIZADO,MARLENE MIRANDA,OPERADOR,VALENZUELA CORDERO JOAQUIN,ITT ICS,2026-09-30,SI,,,,NO,COMPROBADA / UTILIZADA
M-2026-011900,UTILIZADO,MARLENE MIRANDA,OPERADOR,VALENZUELA CORDERO JOAQUIN,ITT ICS,2026-09-30,SI,,,,NO,COMPROBADA / UTILIZADA
M-2026-011902,UTILIZADO,MARLENE MIRANDA,OPERADOR,VALENZUELA CORDERO JOAQUIN,DORMAKABA,2026-09-30,SI,,,,NO,COMPROBADA / UTILIZADA
M-2026-011903,UTILIZADO,MARLENE MIRANDA,OPERADOR,VALENZUELA CORDERO JOAQUIN,ITT ICS,2026-09-28,SI,,,,NO,COMPROBADA / UTILIZADA
M-2026-011904,UTILIZADO,MARLENE MIRANDA,OPERADOR,VALENZUELA CORDERO JOAQUIN,DORMAKABA,2026-09-28,SI,,,,NO,COMPROBADA / UTILIZADA
M-2026-011906,UTILIZADO,MARLENE MIRANDA,OPERADOR,CASTELLANOS ROSAS CESAR ANDREI,AMPHENOL OPTIMIZE MEXICO,2026-09-23,SI,,,,NO,COMPROBADA / UTILIZADA
M-2026-011907,UTILIZADO,MARLENE MIRANDA,OPERADOR,MENDEZ URIBE JOSE SACRAMENTO,DORMAKABA,2026-09-23,SI,PRO-20261001-DORMAKABA-144753,FACTURADA,FLB 13143,SI,COMPROBADA / UTILIZADA
M-2026-011908,ASIGNADO_OPERADOR,MARLENE MIRANDA,OPERADOR,VALENZUELA CORDERO JOAQUIN,,,NO,,,,NO,CON VALENZUELA CORDERO JOAQUIN
M-2026-011917,UTILIZADO,MARLENE MIRANDA,OPERADOR,SOTO CORRAL SERGIO,AMPHENOL ALDEN PRODUCTS MEXICO,2026-09-17,SI,PRO-20261002-AMPHENOL-ALDEN-PRODUCTS-MEXICO-105728,FACTURADA,FLB 13149,SI,COMPROBADA / UTILIZADA
M-2026-011920,UTILIZADO,MARLENE MIRANDA,OPERADOR,VALENZUELA CORDERO JOAQUIN,PRODUCTOS PARA EL CUIDADO DE LA SALUD,2026-09-29,SI,,,,NO,COMPROBADA / UTILIZADA
M-2026-011921,UTILIZADO,MARLENE MIRANDA,OPERADOR,VALENZUELA CORDERO JOAQUIN,PRODUCTOS PARA EL CUIDADO DE LA SALUD,2026-09-29,SI,,,,NO,COMPROBADA / UTILIZADA
M-2026-011922,UTILIZADO,MARLENE MIRANDA,OPERADOR,VALENZUELA CORDERO JOAQUIN,ITT ICS,2026-09-29,SI,,,,NO,COMPROBADA / UTILIZADA
M-2026-011923,UTILIZADO,MARLENE MIRANDA,OPERADOR,VALENZUELA CORDERO JOAQUIN,ITT ICS,2026-09-29,SI,,,,NO,COMPROBADA / UTILIZADA
M-2026-011924,UTILIZADO,MARLENE MIRANDA,OPERADOR,VALENZUELA CORDERO JOAQUIN,PRODUCTOS PARA EL CUIDADO DE LA SALUD,2026-09-24,SI,PRO-20261003-PRODUCTOS-PARA-EL-CUIDADO-DE-LA-SALUD-121143,FACTURADA,FLB 13209,SI,COMPROBADA / UTILIZADA
M-2026-011925,UTILIZADO,MARLENE MIRANDA,OPERADOR,VALENZUELA CORDERO JOAQUIN,INTEGRATED CABLE ASSEMBLY HOLDINGS,2026-09-24,SI,PRO-20261001-INTEGRATED-CABLE-ASSEMBLY-HOLDINGS-143725,FACTURADA,FLB13145,SI,COMPROBADA / UTILIZADA
M-2026-011926,UTILIZADO,MARLENE MIRANDA,OPERADOR,VALENZUELA CORDERO JOAQUIN,INTEGRATED CABLE ASSEMBLY HOLDINGS,2026-09-24,SI,PRO-20261001-INTEGRATED-CABLE-ASSEMBLY-HOLDINGS-143725,FACTURADA,FLB13145,SI,COMPROBADA / UTILIZADA
M-2026-011927,ASIGNADO_OPERADOR,MARLENE MIRANDA,OPERADOR,VALENZUELA LEON JUAN ANTONIO,,,NO,,,,NO,CON VALENZUELA LEON JUAN ANTONIO
M-2026-011928,UTILIZADO,MARLENE MIRANDA,OPERADOR,VALENZUELA CORDERO JOAQUIN,INTEGRATED CABLE ASSEMBLY HOLDINGS,2026-09-24,SI,PRO-20261001-INTEGRATED-CABLE-ASSEMBLY-HOLDINGS-143725,FACTURADA,FLB13145,SI,COMPROBADA / UTILIZADA
M-2026-011929,ASIGNADO_OPERADOR,MARLENE MIRANDA,OPERADOR,VALENZUELA LEON JUAN ANTONIO,,,NO,,,,NO,CON VALENZUELA LEON JUAN ANTONIO
M-2026-011930,UTILIZADO,MARLENE MIRANDA,OPERADOR,VALENZUELA CORDERO JOAQUIN,M C DAVIS INTERNACIONAL,2026-09-09,SI,PRO-20261001-M-C-DAVIS-INTERNACIONAL-112453,FACTURADA,FLB 13132,SI,COMPROBADA / UTILIZADA
M-2026-011931,UTILIZADO,MARLENE MIRANDA,OPERADOR,VALENZUELA CORDERO JOAQUIN,M C DAVIS INTERNACIONAL,2026-09-25,SI,PRO-20261001-M-C-DAVIS-INTERNACIONAL-112453,FACTURADA,FLB 13132,SI,COMPROBADA / UTILIZADA
M-2026-011932,UTILIZADO,MARLENE MIRANDA,OPERADOR,VALENZUELA CORDERO JOAQUIN,DORMAKABA,2026-09-28,SI,,,,NO,COMPROBADA / UTILIZADA
M-2026-011948,UTILIZADO,MARLENE MIRANDA,OPERADOR,ROMERO IRIQUI JACOBO,WESTMED DE MEXICO,2026-09-22,NO,PRO-20261002-WESTMED-DE-MEXICO-122302,FACTURADA,FLB 13172,SI,COMPROBADA / UTILIZADA
M-2026-011949,UTILIZADO,MARLENE MIRANDA,OPERADOR,LEAL IBAL JOSE LUIS,AVENT,2026-09-25,SI,,,,NO,COMPROBADA / UTILIZADA
M-2026-011950,UTILIZADO,MARLENE MIRANDA,OPERADOR,LEAL IBAL JOSE LUIS,AMPHENOL OPTIMIZE MEXICO,2026-09-25,SI,,,,NO,COMPROBADA / UTILIZADA
M-2026-011951,UTILIZADO,MARLENE MIRANDA,OPERADOR,LEAL IBAL JOSE LUIS,WEISER LOCK MEXICO,2026-09-25,SI,PRO-20261001-WEISER-LOCK-MEXICO-160852,PENDIENTE_FACTURAR,,NO,COMPROBADA / UTILIZADA
M-2026-011952,UTILIZADO,MARLENE MIRANDA,OPERADOR,LEAL IBAL JOSE LUIS,WEISER LOCK MEXICO,2026-09-25,SI,PRO-20261001-WEISER-LOCK-MEXICO-160852,PENDIENTE_FACTURAR,,NO,COMPROBADA / UTILIZADA
M-2026-011954,UTILIZADO,MARLENE MIRANDA,OPERADOR,ROMERO GALINDO FRANCISCO RAMON,DORMAKABA,2026-09-25,SI,PRO-20261001-DORMAKABA-144753,FACTURADA,FLB 13143,SI,COMPROBADA / UTILIZADA
M-2026-011955,UTILIZADO,MARLENE MIRANDA,OPERADOR,ROMERO GALINDO FRANCISCO RAMON,DORMAKABA,2026-09-25,SI,PRO-20261001-DORMAKABA-144753,FACTURADA,FLB 13143,SI,COMPROBADA / UTILIZADA
M-2026-011959,UTILIZADO,MARLENE MIRANDA,OPERADOR,ARCE BARCELO LUIS RENE,ITT ICS,2026-09-30,SI,,,,NO,COMPROBADA / UTILIZADA
M-2026-011960,UTILIZADO,MARLENE MIRANDA,OPERADOR,ARCE BARCELO LUIS RENE,ITT ICS,2026-09-30,SI,,,,NO,COMPROBADA / UTILIZADA
M-2026-011961,UTILIZADO,MARLENE MIRANDA,OPERADOR,MENDEZ URIBE JOSE SACRAMENTO,AMPHENOL OPTIMIZE MEXICO,2026-10-01,SI,,,,NO,COMPROBADA / UTILIZADA
M-2026-011967,UTILIZADO,MARLENE MIRANDA,OPERADOR,ROMERO IRIQUI JACOBO,INTEGRATED CABLE ASSEMBLY HOLDINGS,2026-09-22,NO,PRO-20261001-INTEGRATED-CABLE-ASSEMBLY-HOLDINGS-143725,FACTURADA,FLB13145,SI,COMPROBADA / UTILIZADA
M-2026-011968,UTILIZADO,MARLENE MIRANDA,OPERADOR,ROMERO IRIQUI JACOBO,EDWARDS VACCUM,2026-09-24,NO,,,,NO,COMPROBADA / UTILIZADA
M-2026-011969,UTILIZADO,MARLENE MIRANDA,OPERADOR,ROMERO IRIQUI JACOBO,EDWARDS VACCUM,2026-09-24,NO,,,,NO,COMPROBADA / UTILIZADA
M-2026-011970,UTILIZADO,MARLENE MIRANDA,OPERADOR,FLORES ARIAS ADRIAN,AMPHENOL OPTIMIZE MEXICO,2026-09-25,NO,,,,NO,COMPROBADA / UTILIZADA
M-2026-011971,UTILIZADO,MARLENE MIRANDA,OPERADOR,ARCE BARCELO LUIS RENE,ITT ICS,2026-09-30,SI,,,,NO,COMPROBADA / UTILIZADA
M-2026-011972,UTILIZADO,MARLENE MIRANDA,OPERADOR,ARCE BARCELO LUIS RENE,ITT ICS,2026-09-30,SI,,,,NO,COMPROBADA / UTILIZADA
M-2026-012011,UTILIZADO,MARLENE MIRANDA,OPERADOR,ARCE BARCELO LUIS RENE,ITT ICS,2026-09-30,SI,,,,NO,COMPROBADA / UTILIZADA
M-2026-012012,UTILIZADO,MARLENE MIRANDA,OPERADOR,VALLES PARRA FRANCISCO,PRODUCTOS PARA EL CUIDADO DE LA SALUD,2026-09-25,SI,PRO-20261003-PRODUCTOS-PARA-EL-CUIDADO-DE-LA-SALUD-121143,FACTURADA,FLB 13209,SI,COMPROBADA / UTILIZADA
M-2026-012027,UTILIZADO,MARLENE MIRANDA,OPERADOR,MEDINA ARMENDARIZ LUIS ENRIQUE,ITT ICS,2026-09-25,SI,,,,NO,COMPROBADA / UTILIZADA
M-2026-012029,UTILIZADO,MARLENE MIRANDA,OPERADOR,MENDEZ URIBE JOSE SACRAMENTO,DORMAKABA,2026-09-23,SI,PRO-20261001-DORMAKABA-144753,FACTURADA,FLB 13143,SI,COMPROBADA / UTILIZADA
M-2026-012030,ASIGNADO_OPERADOR,MARLENE MIRANDA,OPERADOR,CURIEL CARRASCO PLACIDO,,,NO,,,,NO,CON CURIEL CARRASCO PLACIDO
M-2026-012031,ASIGNADO_OPERADOR,MARLENE MIRANDA,OPERADOR,CURIEL CARRASCO PLACIDO,,,NO,,,,NO,CON CURIEL CARRASCO PLACIDO
M-2026-012032,UTILIZADO,MARLENE MIRANDA,OPERADOR,DE LA CRUZ TAUTIMES MARTIN,AMPHENOL SAA,2026-09-23,SI,PRO-20261001-AMPHENOL-SAA-145110,FACTURADA,FLB13142,SI,COMPROBADA / UTILIZADA
M-2026-012038,UTILIZADO,MARLENE MIRANDA,OPERADOR,PEREZ REYES JOSE GERARDO,WESTMED DE MEXICO,2026-09-21,NO,,,,NO,COMPROBADA / UTILIZADA
M-2026-012039,ASIGNADO_OPERADOR,MARLENE MIRANDA,OPERADOR,PEREZ REYES JOSE GERARDO,,,NO,,,,NO,CON PEREZ REYES JOSE GERARDO
M-2026-012040,UTILIZADO,MARLENE MIRANDA,OPERADOR,PEREZ REYES JOSE GERARDO,WESTMED DE MEXICO,2026-09-21,NO,,,,NO,COMPROBADA / UTILIZADA
M-2026-012041,UTILIZADO,MARLENE MIRANDA,OPERADOR,PEREZ REYES JOSE GERARDO,INTEGRATED CABLE ASSEMBLY HOLDINGS,2026-09-22,SI,PRO-20261001-INTEGRATED-CABLE-ASSEMBLY-HOLDINGS-143725,FACTURADA,FLB13145,SI,COMPROBADA / UTILIZADA
M-2026-012042,UTILIZADO,MARLENE MIRANDA,OPERADOR,PEREZ REYES JOSE GERARDO,MTD CONSUMER PRODUCTS MEXICO,2026-09-23,SI,PRO-20261001-MTD-CONSUMER-PRODUCTS-MEXICO-112421,FACTURADA,FLB 13134,SI,COMPROBADA / UTILIZADA
M-2026-012047,UTILIZADO,MARLENE MIRANDA,OPERADOR,GAXIOLA WAR JOEL ALFREDO,AMPHENOL ALDEN PRODUCTS MEXICO,2026-09-17,SI,PRO-20261002-AMPHENOL-ALDEN-PRODUCTS-MEXICO-105728,FACTURADA,FLB 13149,SI,COMPROBADA / UTILIZADA
M-2026-012063,UTILIZADO,MARLENE MIRANDA,OPERADOR,ARCE BARCELO LUIS RENE,AMPHENOL OPTIMIZE MEXICO,2026-09-19,SI,,,,NO,COMPROBADA / UTILIZADA
M-2026-012070,UTILIZADO,MARLENE MIRANDA,OPERADOR,INZUNZA MONTOYA NOEL,INTEGRATED CABLE ASSEMBLY HOLDINGS,2026-09-21,NO,PRO-20261001-INTEGRATED-CABLE-ASSEMBLY-HOLDINGS-142238,FACTURADA,FLB13086,SI,COMPROBADA / UTILIZADA
M-2026-012071,UTILIZADO,MARLENE MIRANDA,OPERADOR,INZUNZA MONTOYA NOEL,EDWARDS VACCUM,2026-09-22,SI,,,,NO,COMPROBADA / UTILIZADA
M-2026-012072,UTILIZADO,MARLENE MIRANDA,OPERADOR,INZUNZA MONTOYA NOEL,PRODUCTOS PARA EL CUIDADO DE LA SALUD,2026-09-22,SI,PRO-20261003-PRODUCTOS-PARA-EL-CUIDADO-DE-LA-SALUD-121143,FACTURADA,FLB 13209,SI,COMPROBADA / UTILIZADA
M-2026-012073,UTILIZADO,MARLENE MIRANDA,OPERADOR,INZUNZA MONTOYA NOEL,WESTMED DE MEXICO,2026-09-22,SI,PRO-20261002-WESTMED-DE-MEXICO-122510,FACTURADA,FLB 13176,SI,COMPROBADA / UTILIZADA
M-2026-012074,UTILIZADO,MARLENE MIRANDA,OPERADOR,INZUNZA MONTOYA NOEL,WESTMED DE MEXICO,2026-09-22,SI,PRO-20261002-WESTMED-DE-MEXICO-122710,FACTURADA,FLB 13179,SI,COMPROBADA / UTILIZADA
M-2026-012075,UTILIZADO,MARLENE MIRANDA,OPERADOR,INZUNZA MONTOYA NOEL,DORMAKABA,2026-09-23,SI,PRO-20261001-DORMAKABA-144753,FACTURADA,FLB 13143,SI,COMPROBADA / UTILIZADA
M-2026-012076,UTILIZADO,MARLENE MIRANDA,OPERADOR,INZUNZA MONTOYA NOEL,DORMAKABA,2026-09-23,SI,PRO-20261001-DORMAKABA-144753,FACTURADA,FLB 13143,SI,COMPROBADA / UTILIZADA
M-2026-012077,UTILIZADO,MARLENE MIRANDA,OPERADOR,INZUNZA MONTOYA NOEL,DORMAKABA,2026-09-25,SI,PRO-20261001-DORMAKABA-144753,FACTURADA,FLB 13143,SI,COMPROBADA / UTILIZADA
M-2026-012078,UTILIZADO,MARLENE MIRANDA,OPERADOR,INZUNZA MONTOYA NOEL,DORMAKABA,2026-09-23,SI,PRO-20261001-DORMAKABA-144753,FACTURADA,FLB 13143,SI,COMPROBADA / UTILIZADA
M-2026-012079,UTILIZADO,MARLENE MIRANDA,OPERADOR,INZUNZA MONTOYA NOEL,DORMAKABA,2026-09-22,SI,PRO-20261001-DORMAKABA-144753,FACTURADA,FLB 13143,SI,COMPROBADA / UTILIZADA
M-2026-012080,UTILIZADO,MARLENE MIRANDA,OPERADOR,ARVIZU VAZQUEZ MARIO ALBERTO,INTEGRATED CABLE ASSEMBLY HOLDINGS,2026-09-21,NO,PRO-20261001-INTEGRATED-CABLE-ASSEMBLY-HOLDINGS-142238,FACTURADA,FLB13086,SI,COMPROBADA / UTILIZADA
M-2026-012081,UTILIZADO,MARLENE MIRANDA,OPERADOR,ARVIZU VAZQUEZ MARIO ALBERTO,ITT ICS,2026-09-22,SI,,,,NO,COMPROBADA / UTILIZADA
M-2026-012082,UTILIZADO,MARLENE MIRANDA,OPERADOR,ARVIZU VAZQUEZ MARIO ALBERTO,PRODUCTOS PARA EL CUIDADO DE LA SALUD,2026-09-23,SI,PRO-20261003-PRODUCTOS-PARA-EL-CUIDADO-DE-LA-SALUD-121143,FACTURADA,FLB 13209,SI,COMPROBADA / UTILIZADA
M-2026-012083,UTILIZADO,MARLENE MIRANDA,OPERADOR,ARVIZU VAZQUEZ MARIO ALBERTO,AVENT,2026-09-24,SI,,,,NO,COMPROBADA / UTILIZADA
M-2026-012084,UTILIZADO,MARLENE MIRANDA,OPERADOR,GAXIOLA WAR JOEL ALFREDO,EDWARDS VACCUM,2026-10-01,SI,,,,NO,COMPROBADA / UTILIZADA
M-2026-012085,UTILIZADO,MARLENE MIRANDA,OPERADOR,GAXIOLA WAR JOEL ALFREDO,WEISER LOCK MEXICO,2026-10-01,SI,,,,NO,COMPROBADA / UTILIZADA
M-2026-012086,UTILIZADO,MARLENE MIRANDA,OPERADOR,GAXIOLA WAR JOEL ALFREDO,WEISER LOCK MEXICO,2026-10-02,SI,,,,NO,COMPROBADA / UTILIZADA
M-2026-012087,UTILIZADO,MARLENE MIRANDA,OPERADOR,GAXIOLA WAR JOEL ALFREDO,WEISER LOCK MEXICO,2026-10-02,SI,,,,NO,COMPROBADA / UTILIZADA
M-2026-012088,UTILIZADO,MARLENE MIRANDA,OPERADOR,GAXIOLA WAR JOEL ALFREDO,WEISER LOCK MEXICO,2026-10-02,SI,,,,NO,COMPROBADA / UTILIZADA
M-2026-012089,ASIGNADO_OPERADOR,MARLENE MIRANDA,BENEFICIARIO,Francisco Duarte,,2026-09-29,NO,,,,NO,CON Francisco Duarte
M-2026-012090,UTILIZADO,MARLENE MIRANDA,OPERADOR,ORTIZ GARCIA CANDELARIO,WEISER LOCK MEXICO,2026-09-21,SI,PRO-20261001-WEISER-LOCK-MEXICO-160852,PENDIENTE_FACTURAR,,NO,COMPROBADA / UTILIZADA
M-2026-012091,UTILIZADO,MARLENE MIRANDA,OPERADOR,ORTIZ GARCIA CANDELARIO,WEISER LOCK MEXICO,2026-09-21,NO,PRO-20261001-WEISER-LOCK-MEXICO-160852,PENDIENTE_FACTURAR,,NO,COMPROBADA / UTILIZADA
M-2026-012092,UTILIZADO,MARLENE MIRANDA,OPERADOR,ORTIZ GARCIA CANDELARIO,PRODUCTOS PARA EL CUIDADO DE LA SALUD,2026-09-21,NO,PRO-20261003-PRODUCTOS-PARA-EL-CUIDADO-DE-LA-SALUD-121143,FACTURADA,FLB 13209,SI,COMPROBADA / UTILIZADA
M-2026-012093,UTILIZADO,MARLENE MIRANDA,OPERADOR,ORTIZ GARCIA CANDELARIO,AVENT,2026-09-21,NO,PRO-20261002-AVENT-154700,FACTURADA,FLB 13200,SI,COMPROBADA / UTILIZADA
M-2026-012094,UTILIZADO,MARLENE MIRANDA,OPERADOR,ORTIZ GARCIA CANDELARIO,WEISER LOCK MEXICO,2026-09-23,NO,,,,NO,COMPROBADA / UTILIZADA
M-2026-012095,UTILIZADO,MARLENE MIRANDA,OPERADOR,ORTIZ GARCIA CANDELARIO,WEISER LOCK MEXICO,2026-09-21,NO,PRO-20261001-WEISER-LOCK-MEXICO-160852,PENDIENTE_FACTURAR,,NO,COMPROBADA / UTILIZADA
M-2026-012096,UTILIZADO,MARLENE MIRANDA,OPERADOR,ORTIZ GARCIA CANDELARIO,EDWARDS VACCUM,2026-09-21,NO,,,,NO,COMPROBADA / UTILIZADA
M-2026-012097,UTILIZADO,MARLENE MIRANDA,OPERADOR,ORTIZ GARCIA CANDELARIO,EDWARDS VACCUM,2026-09-22,SI,,,,NO,COMPROBADA / UTILIZADA
M-2026-012098,CANCELADO,MARLENE MIRANDA,OPERADOR,ORTIZ GARCIA CANDELARIO,,2026-09-24,NO,,,,NO,CANCELADA
M-2026-012099,UTILIZADO,MARLENE MIRANDA,OPERADOR,ORTIZ GARCIA CANDELARIO,WEISER LOCK MEXICO,2026-09-21,NO,PRO-20261001-WEISER-LOCK-MEXICO-160852,PENDIENTE_FACTURAR,,NO,COMPROBADA / UTILIZADA
M-2026-012100,UTILIZADO,MARLENE MIRANDA,OPERADOR,VALENZUELA VERDUZCO RICARDO,AMPHENOL ALDEN PRODUCTS MEXICO,2026-09-23,SI,PRO-20261002-AMPHENOL-ALDEN-PRODUCTS-MEXICO-105728,FACTURADA,FLB 13149,SI,COMPROBADA / UTILIZADA
M-2026-012101,UTILIZADO,MARLENE MIRANDA,OPERADOR,VALENZUELA VERDUZCO RICARDO,AMPHENOL OPTIMIZE MEXICO,2026-09-23,SI,PRO-20261001-AMPHENOL-OPTIMIZE-MEXICO-115730,FACTURADA,FLB13135,SI,COMPROBADA / UTILIZADA
M-2026-012102,UTILIZADO,MARLENE MIRANDA,OPERADOR,VALENZUELA VERDUZCO RICARDO,AMPHENOL OPTIMIZE MEXICO,2026-09-24,SI,PRO-20261001-AMPHENOL-OPTIMIZE-MEXICO-135205,FACTURADA,FLB13139,SI,COMPROBADA / UTILIZADA
M-2026-012103,UTILIZADO,MARLENE MIRANDA,OPERADOR,VALENZUELA VERDUZCO RICARDO,AMPHENOL SAA,2026-09-22,SI,PRO-20261001-AMPHENOL-SAA-123232,FACTURADA,FLB13137,SI,COMPROBADA / UTILIZADA
M-2026-012104,UTILIZADO,MARLENE MIRANDA,OPERADOR,VALENZUELA VERDUZCO RICARDO,ITT ICS,2026-09-24,SI,,,,NO,COMPROBADA / UTILIZADA
M-2026-012105,UTILIZADO,MARLENE MIRANDA,OPERADOR,VALENZUELA VERDUZCO RICARDO,ITT ICS,2026-09-24,SI,,,,NO,COMPROBADA / UTILIZADA
M-2026-012106,UTILIZADO,MARLENE MIRANDA,OPERADOR,VALENZUELA VERDUZCO RICARDO,ITT ICS,2026-09-24,SI,,,,NO,COMPROBADA / UTILIZADA
M-2026-012107,UTILIZADO,MARLENE MIRANDA,OPERADOR,VALENZUELA VERDUZCO RICARDO,AMPHENOL SAA,2026-09-22,SI,PRO-20261001-AMPHENOL-SAA-123232,FACTURADA,FLB13137,SI,COMPROBADA / UTILIZADA
M-2026-012108,UTILIZADO,MARLENE MIRANDA,OPERADOR,VALENZUELA VERDUZCO RICARDO,WESTMED DE MEXICO,2026-09-22,NO,PRO-20261002-WESTMED-DE-MEXICO-124256,FACTURADA,FLB13192,SI,COMPROBADA / UTILIZADA
M-2026-012109,UTILIZADO,MARLENE MIRANDA,OPERADOR,VALENZUELA VERDUZCO RICARDO,INTEGRATED CABLE ASSEMBLY HOLDINGS,2026-09-21,NO,PRO-20261001-INTEGRATED-CABLE-ASSEMBLY-HOLDINGS-142238,FACTURADA,FLB13086,SI,COMPROBADA / UTILIZADA
M-2026-012110,UTILIZADO,MARLENE MIRANDA,OPERADOR,VALENZUELA LEON JUAN ANTONIO,DORMAKABA,2026-09-21,NO,PRO-20261001-DORMAKABA-144753,FACTURADA,FLB 13143,SI,COMPROBADA / UTILIZADA
M-2026-012111,UTILIZADO,MARLENE MIRANDA,OPERADOR,VALENZUELA LEON JUAN ANTONIO,WESTMED DE MEXICO,2026-09-21,NO,,,,NO,COMPROBADA / UTILIZADA
M-2026-012112,UTILIZADO,MARLENE MIRANDA,OPERADOR,VALENZUELA LEON JUAN ANTONIO,PRODUCTOS PARA EL CUIDADO DE LA SALUD,2026-09-24,SI,PRO-20261003-PRODUCTOS-PARA-EL-CUIDADO-DE-LA-SALUD-121143,FACTURADA,FLB 13209,SI,COMPROBADA / UTILIZADA
M-2026-012113,ASIGNADO_OPERADOR,MARLENE MIRANDA,BENEFICIARIO,Francisco Duarte,,2026-09-29,NO,,,,NO,CON Francisco Duarte
M-2026-012114,ASIGNADO_OPERADOR,MARLENE MIRANDA,BENEFICIARIO,Francisco Duarte,,2026-09-29,NO,,,,NO,CON Francisco Duarte
M-2026-012115,ASIGNADO_OPERADOR,MARLENE MIRANDA,BENEFICIARIO,Francisco Duarte,,2026-09-29,NO,,,,NO,CON Francisco Duarte
M-2026-012116,ASIGNADO_OPERADOR,MARLENE MIRANDA,BENEFICIARIO,Francisco Duarte,,2026-09-29,NO,,,,NO,CON Francisco Duarte
M-2026-012117,ASIGNADO_OPERADOR,MARLENE MIRANDA,BENEFICIARIO,Francisco Duarte,,2026-09-29,NO,,,,NO,CON Francisco Duarte
M-2026-012118,ASIGNADO_OPERADOR,MARLENE MIRANDA,BENEFICIARIO,Francisco Duarte,,2026-09-29,NO,,,,NO,CON Francisco Duarte
M-2026-012119,ASIGNADO_OPERADOR,MARLENE MIRANDA,BENEFICIARIO,Francisco Duarte,,2026-09-29,NO,,,,NO,CON Francisco Duarte
M-2026-012120,ASIGNADO_OPERADOR,MARLENE MIRANDA,OPERADOR,JICOBAMEA BUITIMEA EDGARDO,,,NO,,,,NO,CON JICOBAMEA BUITIMEA EDGARDO
M-2026-012121,UTILIZADO,MARLENE MIRANDA,OPERADOR,LEAL IBAL JOSE LUIS,AMPHENOL SAA,2026-09-21,NO,PRO-20261001-AMPHENOL-SAA-145110,FACTURADA,FLB13142,SI,COMPROBADA / UTILIZADA
M-2026-012122,UTILIZADO,MARLENE MIRANDA,OPERADOR,LEAL IBAL JOSE LUIS,WESTMED DE MEXICO,2026-09-21,NO,,,,NO,COMPROBADA / UTILIZADA
M-2026-012123,UTILIZADO,MARLENE MIRANDA,OPERADOR,LEAL IBAL JOSE LUIS,WESTMED DE MEXICO,2026-09-21,NO,,,,NO,COMPROBADA / UTILIZADA
M-2026-012124,UTILIZADO,MARLENE MIRANDA,OPERADOR,LEAL IBAL JOSE LUIS,AMPHENOL ALDEN PRODUCTS MEXICO,2026-09-21,NO,PRO-20261002-AMPHENOL-ALDEN-PRODUCTS-MEXICO-105728,FACTURADA,FLB 13149,SI,COMPROBADA / UTILIZADA
M-2026-012125,UTILIZADO,MARLENE MIRANDA,OPERADOR,LEAL IBAL JOSE LUIS,AVENT,2026-09-21,NO,PRO-20261002-AVENT-154700,FACTURADA,FLB 13201,SI,COMPROBADA / UTILIZADA
M-2026-012126,UTILIZADO,MARLENE MIRANDA,OPERADOR,LEAL IBAL JOSE LUIS,WESTMED DE MEXICO,2026-09-22,SI,,,,NO,COMPROBADA / UTILIZADA
M-2026-012127,UTILIZADO,MARLENE MIRANDA,OPERADOR,LEAL IBAL JOSE LUIS,WESTMED DE MEXICO,2026-09-22,SI,PRO-20261002-WESTMED-DE-MEXICO-122929,FACTURADA,FLB 13184,SI,COMPROBADA / UTILIZADA
M-2026-012128,UTILIZADO,MARLENE MIRANDA,OPERADOR,LEAL IBAL JOSE LUIS,AVENT,2026-09-22,SI,PRO-20261002-AVENT-113101,FACTURADA,FLB 13151,SI,COMPROBADA / UTILIZADA
M-2026-012129,UTILIZADO,MARLENE MIRANDA,OPERADOR,LEAL IBAL JOSE LUIS,AVENT,2026-09-23,SI,PRO-20261002-AVENT-154700,FACTURADA,FLB 13202,SI,COMPROBADA / UTILIZADA
M-2026-012130,UTILIZADO,MARLENE MIRANDA,OPERADOR,LEAL IBAL JOSE LUIS,AVENT,2026-09-23,SI,PRO-20261002-AVENT-165807,FACTURADA,FLB 13204,SI,COMPROBADA / UTILIZADA
M-2026-012131,UTILIZADO,MARLENE MIRANDA,OPERADOR,VALLES PARRA FRANCISCO,WEISER LOCK MEXICO,2026-09-21,NO,PRO-20261001-WEISER-LOCK-MEXICO-160852,PENDIENTE_FACTURAR,,NO,COMPROBADA / UTILIZADA
M-2026-012132,UTILIZADO,MARLENE MIRANDA,OPERADOR,VALLES PARRA FRANCISCO,WEISER LOCK MEXICO,2026-09-21,NO,PRO-20261001-WEISER-LOCK-MEXICO-160852,PENDIENTE_FACTURAR,,NO,COMPROBADA / UTILIZADA
M-2026-012133,UTILIZADO,MARLENE MIRANDA,OPERADOR,VALLES PARRA FRANCISCO,WEISER LOCK MEXICO,2026-09-22,SI,PRO-20261001-WEISER-LOCK-MEXICO-160852,PENDIENTE_FACTURAR,,NO,COMPROBADA / UTILIZADA
M-2026-012134,UTILIZADO,MARLENE MIRANDA,OPERADOR,VALLES PARRA FRANCISCO,WEISER LOCK MEXICO,2026-09-22,SI,PRO-20261001-WEISER-LOCK-MEXICO-160852,PENDIENTE_FACTURAR,,NO,COMPROBADA / UTILIZADA
M-2026-012135,UTILIZADO,MARLENE MIRANDA,OPERADOR,VALLES PARRA FRANCISCO,WEISER LOCK MEXICO,2026-09-22,SI,PRO-20261001-WEISER-LOCK-MEXICO-160852,PENDIENTE_FACTURAR,,NO,COMPROBADA / UTILIZADA
M-2026-012136,UTILIZADO,MARLENE MIRANDA,OPERADOR,VALLES PARRA FRANCISCO,WEISER LOCK MEXICO,2026-09-23,SI,PRO-20261001-WEISER-LOCK-MEXICO-160852,PENDIENTE_FACTURAR,,NO,COMPROBADA / UTILIZADA
M-2026-012137,UTILIZADO,MARLENE MIRANDA,OPERADOR,VALLES PARRA FRANCISCO,WEISER LOCK MEXICO,2026-09-23,SI,PRO-20261001-WEISER-LOCK-MEXICO-160852,PENDIENTE_FACTURAR,,NO,COMPROBADA / UTILIZADA
M-2026-012138,UTILIZADO,MARLENE MIRANDA,OPERADOR,VALLES PARRA FRANCISCO,WEISER LOCK MEXICO,2026-09-24,SI,PRO-20261001-WEISER-LOCK-MEXICO-160852,PENDIENTE_FACTURAR,,NO,COMPROBADA / UTILIZADA
M-2026-012139,ASIGNADO_OPERADOR,MARLENE MIRANDA,OPERADOR,CURIEL CARRASCO PLACIDO,,,NO,,,,NO,CON CURIEL CARRASCO PLACIDO
M-2026-012140,ASIGNADO_OPERADOR,MARLENE MIRANDA,OPERADOR,CURIEL CARRASCO PLACIDO,,,NO,,,,NO,CON CURIEL CARRASCO PLACIDO
M-2026-012141,CANCELADO,MARLENE MIRANDA,OPERADOR,ARCE BARCELO LUIS RENE,,2026-09-24,NO,,,,NO,CANCELADA
M-2026-012142,UTILIZADO,MARLENE MIRANDA,OPERADOR,ARCE BARCELO LUIS RENE,PRODUCTOS PARA EL CUIDADO DE LA SALUD,2026-09-21,NO,PRO-20261003-PRODUCTOS-PARA-EL-CUIDADO-DE-LA-SALUD-121143,FACTURADA,FLB 13209,SI,COMPROBADA / UTILIZADA
M-2026-012143,UTILIZADO,MARLENE MIRANDA,OPERADOR,ARCE BARCELO LUIS RENE,WEISER LOCK MEXICO,2026-09-21,NO,PRO-20261001-WEISER-LOCK-MEXICO-160852,PENDIENTE_FACTURAR,,NO,COMPROBADA / UTILIZADA
M-2026-012144,UTILIZADO,MARLENE MIRANDA,OPERADOR,ARCE BARCELO LUIS RENE,WESTMED DE MEXICO,2026-09-22,SI,PRO-20261002-WESTMED-DE-MEXICO-125144,FACTURADA,FLB13193,SI,COMPROBADA / UTILIZADA
M-2026-012145,UTILIZADO,MARLENE MIRANDA,OPERADOR,ARCE BARCELO LUIS RENE,INTEGRATED CABLE ASSEMBLY HOLDINGS,2026-09-22,SI,PRO-20261001-INTEGRATED-CABLE-ASSEMBLY-HOLDINGS-143725,FACTURADA,FLB13145,SI,COMPROBADA / UTILIZADA
M-2026-012146,UTILIZADO,MARLENE MIRANDA,OPERADOR,ARCE BARCELO LUIS RENE,DORMAKABA,2026-09-23,SI,PRO-20261001-DORMAKABA-144753,FACTURADA,FLB 13143,SI,COMPROBADA / UTILIZADA
M-2026-012147,UTILIZADO,MARLENE MIRANDA,OPERADOR,ARCE BARCELO LUIS RENE,DORMAKABA,2026-09-23,SI,PRO-20261001-DORMAKABA-144753,FACTURADA,FLB 13143,SI,COMPROBADA / UTILIZADA
M-2026-012148,UTILIZADO,MARLENE MIRANDA,OPERADOR,ARCE BARCELO LUIS RENE,WEISER LOCK MEXICO,2026-09-24,SI,PRO-20261001-WEISER-LOCK-MEXICO-160852,PENDIENTE_FACTURAR,,NO,COMPROBADA / UTILIZADA
M-2026-012149,UTILIZADO,MARLENE MIRANDA,OPERADOR,ARCE BARCELO LUIS RENE,WEISER LOCK MEXICO,2026-09-24,SI,PRO-20261001-WEISER-LOCK-MEXICO-160852,PENDIENTE_FACTURAR,,NO,COMPROBADA / UTILIZADA
M-2026-012150,UTILIZADO,MARLENE MIRANDA,OPERADOR,ARCE BARCELO LUIS RENE,WEISER LOCK MEXICO,2026-09-24,SI,PRO-20261001-WEISER-LOCK-MEXICO-160852,PENDIENTE_FACTURAR,,NO,COMPROBADA / UTILIZADA
M-2026-012151,UTILIZADO,MARLENE MIRANDA,OPERADOR,LOPEZ VALENCIA ALEJANDRO,AVENT,2026-09-23,SI,PRO-20261002-AVENT-114834,FACTURADA,FLB 13152,SI,COMPROBADA / UTILIZADA
M-2026-012152,UTILIZADO,MARLENE MIRANDA,OPERADOR,LOPEZ VALENCIA ALEJANDRO,DORMAKABA,2026-09-24,SI,PRO-20261001-DORMAKABA-144753,FACTURADA,FLB 13143,SI,COMPROBADA / UTILIZADA
M-2026-012153,ASIGNADO_OPERADOR,MARLENE MIRANDA,BENEFICIARIO,Francisco Duarte,,2026-09-29,NO,,,,NO,CON Francisco Duarte
M-2026-012154,ASIGNADO_OPERADOR,MARLENE MIRANDA,BENEFICIARIO,Francisco Duarte,,2026-09-29,NO,,,,NO,CON Francisco Duarte
M-2026-012155,UTILIZADO,MARLENE MIRANDA,OPERADOR,MARQUEZ ROMERO OMAR HORACIO,AVENT,2026-09-21,SI,PRO-20261002-AVENT-114834,FACTURADA,FLB 13153,SI,COMPROBADA / UTILIZADA
M-2026-012156,UTILIZADO,MARLENE MIRANDA,OPERADOR,ARCE BARCELO LUIS RENE,AVENT,2026-08-31,SI,PRO-20261002-AVENT-114834,FACTURADA,FLB 13154,SI,COMPROBADA / UTILIZADA
M-2026-012157,UTILIZADO,MARLENE MIRANDA,OPERADOR,MEDINA ARMENDARIZ LUIS ENRIQUE,AVENT,2026-09-04,SI,PRO-20261002-AVENT-114834,FACTURADA,FLB 13155,SI,COMPROBADA / UTILIZADA
M-2026-012158,UTILIZADO,MARLENE MIRANDA,OPERADOR,CASTELLANOS ROSAS CESAR ANDREI,AVENT,2026-09-04,SI,PRO-20261002-AVENT-114834,FACTURADA,FLB 13156,SI,COMPROBADA / UTILIZADA
M-2026-012159,UTILIZADO,MARLENE MIRANDA,OPERADOR,QUIÑONES ARENAS JESUS ALEJANDRO,AVENT,2026-09-07,SI,PRO-20261002-AVENT-120638,FACTURADA,FLB 12159,SI,COMPROBADA / UTILIZADA
M-2026-012160,UTILIZADO,MARLENE MIRANDA,OPERADOR,ORTIZ GARCIA CANDELARIO,AVENT,2026-09-11,SI,PRO-20261002-AVENT-120638,FACTURADA,FLB 12160,SI,COMPROBADA / UTILIZADA
M-2026-012161,UTILIZADO,MARLENE MIRANDA,OPERADOR,ROMERO GALINDO FRANCISCO RAMON,AMPHENOL OPTIMIZE MEXICO,2026-09-22,SI,PRO-20261001-AMPHENOL-OPTIMIZE-MEXICO-135205,FACTURADA,FLB13139,SI,COMPROBADA / UTILIZADA
M-2026-012162,UTILIZADO,MARLENE MIRANDA,OPERADOR,ROMERO GALINDO FRANCISCO RAMON,WEISER LOCK MEXICO,2026-09-23,SI,PRO-20261001-WEISER-LOCK-MEXICO-160852,PENDIENTE_FACTURAR,,NO,COMPROBADA / UTILIZADA
M-2026-012163,UTILIZADO,MARLENE MIRANDA,OPERADOR,ROMERO GALINDO FRANCISCO RAMON,AMPHENOL OPTIMIZE MEXICO,2026-09-24,SI,,,,NO,COMPROBADA / UTILIZADA
M-2026-012164,UTILIZADO,MARLENE MIRANDA,OPERADOR,ROMERO GALINDO FRANCISCO RAMON,DORMAKABA,2026-09-25,SI,PRO-20261001-DORMAKABA-144753,FACTURADA,FLB 13143,SI,COMPROBADA / UTILIZADA
M-2026-012165,UTILIZADO,MARLENE MIRANDA,OPERADOR,ROMERO GALINDO FRANCISCO RAMON,DORMAKABA,2026-09-25,SI,PRO-20261001-DORMAKABA-144753,FACTURADA,FLB 13143,SI,COMPROBADA / UTILIZADA
M-2026-012166,UTILIZADO,MARLENE MIRANDA,OPERADOR,ROMERO GALINDO FRANCISCO RAMON,DORMAKABA,2026-09-25,SI,PRO-20261001-DORMAKABA-144753,FACTURADA,FLB 13143,SI,COMPROBADA / UTILIZADA
M-2026-012167,UTILIZADO,MARLENE MIRANDA,OPERADOR,ROMERO GALINDO FRANCISCO RAMON,DORMAKABA,2026-09-25,SI,PRO-20261001-DORMAKABA-144753,FACTURADA,FLB 13143,SI,COMPROBADA / UTILIZADA
M-2026-012168,UTILIZADO,MARLENE MIRANDA,OPERADOR,ROMERO GALINDO FRANCISCO RAMON,DORMAKABA,2026-09-25,SI,PRO-20261001-DORMAKABA-144753,FACTURADA,FLB 13143,SI,COMPROBADA / UTILIZADA
M-2026-012169,UTILIZADO,MARLENE MIRANDA,OPERADOR,ROMERO GALINDO FRANCISCO RAMON,DORMAKABA,2026-09-25,SI,PRO-20261001-DORMAKABA-144753,FACTURADA,FLB 13143,SI,COMPROBADA / UTILIZADA
M-2026-012170,UTILIZADO,MARLENE MIRANDA,OPERADOR,ROMERO GALINDO FRANCISCO RAMON,DORMAKABA,2026-09-25,SI,PRO-20261001-DORMAKABA-144753,FACTURADA,FLB 13143,SI,COMPROBADA / UTILIZADA
M-2026-012171,UTILIZADO,MARLENE MIRANDA,OPERADOR,CASTELLANOS ROSAS CESAR ANDREI,PRODUCTOS PARA EL CUIDADO DE LA SALUD,2026-09-21,SI,PRO-20261003-PRODUCTOS-PARA-EL-CUIDADO-DE-LA-SALUD-121143,FACTURADA,FLB 13209,SI,COMPROBADA / UTILIZADA
M-2026-012172,UTILIZADO,MARLENE MIRANDA,OPERADOR,CASTELLANOS ROSAS CESAR ANDREI,PRODUCTOS PARA EL CUIDADO DE LA SALUD,2026-09-22,SI,PRO-20261003-PRODUCTOS-PARA-EL-CUIDADO-DE-LA-SALUD-121143,FACTURADA,FLB 13209,SI,COMPROBADA / UTILIZADA
M-2026-012173,UTILIZADO,MARLENE MIRANDA,OPERADOR,CASTELLANOS ROSAS CESAR ANDREI,PRODUCTOS PARA EL CUIDADO DE LA SALUD,2026-09-22,SI,PRO-20261003-PRODUCTOS-PARA-EL-CUIDADO-DE-LA-SALUD-121143,FACTURADA,FLB 13209,SI,COMPROBADA / UTILIZADA
M-2026-012174,UTILIZADO,MARLENE MIRANDA,OPERADOR,CASTELLANOS ROSAS CESAR ANDREI,WESTMED DE MEXICO,2026-09-22,SI,PRO-20261002-WESTMED-DE-MEXICO-125144,FACTURADA,FLB13194,SI,COMPROBADA / UTILIZADA
M-2026-012175,UTILIZADO,MARLENE MIRANDA,OPERADOR,CASTELLANOS ROSAS CESAR ANDREI,WESTMED DE MEXICO,2026-09-22,SI,PRO-20261002-WESTMED-DE-MEXICO-125144,FACTURADA,FLB13195,SI,COMPROBADA / UTILIZADA
M-2026-012176,UTILIZADO,MARLENE MIRANDA,OPERADOR,CASTELLANOS ROSAS CESAR ANDREI,INTEGRATED CABLE ASSEMBLY HOLDINGS,2026-09-23,SI,PRO-20261001-INTEGRATED-CABLE-ASSEMBLY-HOLDINGS-143725,FACTURADA,FLB13145,SI,COMPROBADA / UTILIZADA
M-2026-012177,UTILIZADO,MARLENE MIRANDA,OPERADOR,CASTELLANOS ROSAS CESAR ANDREI,AVENT,2026-09-24,NO,,,,NO,COMPROBADA / UTILIZADA
M-2026-012178,UTILIZADO,MARLENE MIRANDA,OPERADOR,ZEPEDA MORALES LUIS FERNANDO,AVENT,2026-09-22,SI,PRO-20261002-AVENT-120638,FACTURADA,FLB 12178,SI,COMPROBADA / UTILIZADA
M-2026-012179,UTILIZADO,MARLENE MIRANDA,OPERADOR,INZUNZA MONTOYA NOEL,AVENT,2026-09-21,SI,PRO-20261002-AVENT-120638,FACTURADA,FLB 12179,SI,COMPROBADA / UTILIZADA
M-2026-012180,UTILIZADO,MARLENE MIRANDA,OPERADOR,VIZCARRA AMEZCUA BLADIMID,AVENT,2026-09-17,SI,PRO-20261002-AVENT-120638,FACTURADA,FLB 12180,SI,COMPROBADA / UTILIZADA
M-2026-012181,UTILIZADO,MARLENE MIRANDA,OPERADOR,SOTO CORRAL SERGIO,INTEGRATED CABLE ASSEMBLY HOLDINGS,2026-09-21,NO,PRO-20261001-INTEGRATED-CABLE-ASSEMBLY-HOLDINGS-142238,FACTURADA,FLB13086,SI,COMPROBADA / UTILIZADA
M-2026-012182,UTILIZADO,MARLENE MIRANDA,OPERADOR,SOTO CORRAL SERGIO,EDWARDS VACCUM,2026-09-23,SI,,,,NO,COMPROBADA / UTILIZADA
M-2026-012183,UTILIZADO,MARLENE MIRANDA,OPERADOR,SOTO CORRAL SERGIO,EDWARDS VACCUM,2026-09-21,SI,,,,NO,COMPROBADA / UTILIZADA
M-2026-012184,UTILIZADO,MARLENE MIRANDA,OPERADOR,SOTO CORRAL SERGIO,INTEGRATED CABLE ASSEMBLY HOLDINGS,2026-09-21,NO,PRO-20261001-INTEGRATED-CABLE-ASSEMBLY-HOLDINGS-142238,FACTURADA,FLB13086,SI,COMPROBADA / UTILIZADA
M-2026-012185,UTILIZADO,MARLENE MIRANDA,OPERADOR,SOTO CORRAL SERGIO,EDWARDS VACCUM,2026-09-22,SI,,,,NO,COMPROBADA / UTILIZADA
M-2026-012186,UTILIZADO,MARLENE MIRANDA,OPERADOR,SOTO CORRAL SERGIO,INTEGRATED CABLE ASSEMBLY HOLDINGS,2026-09-22,SI,PRO-20261001-INTEGRATED-CABLE-ASSEMBLY-HOLDINGS-142238,FACTURADA,FLB13086,SI,COMPROBADA / UTILIZADA
M-2026-012187,UTILIZADO,MARLENE MIRANDA,OPERADOR,SOTO CORRAL SERGIO,EDWARDS VACCUM,2026-09-22,SI,,,,NO,COMPROBADA / UTILIZADA
M-2026-012188,UTILIZADO,MARLENE MIRANDA,OPERADOR,SOTO CORRAL SERGIO,EDWARDS VACCUM,2026-09-22,SI,,,,NO,COMPROBADA / UTILIZADA
M-2026-012189,UTILIZADO,MARLENE MIRANDA,OPERADOR,SOTO CORRAL SERGIO,EDWARDS VACCUM,2026-09-22,SI,,,,NO,COMPROBADA / UTILIZADA
M-2026-012190,UTILIZADO,MARLENE MIRANDA,OPERADOR,SOTO CORRAL SERGIO,EDWARDS VACCUM,2026-09-22,SI,,,,NO,COMPROBADA / UTILIZADA
M-2026-012191,UTILIZADO,MARLENE MIRANDA,OPERADOR,ORNELAS MANJARREZ JESUS EMILIO,AVENT,2026-09-21,SI,,,,NO,COMPROBADA / UTILIZADA
M-2026-012192,UTILIZADO,MARLENE MIRANDA,OPERADOR,ORNELAS MANJARREZ JESUS EMILIO,AVENT,2026-09-23,SI,,,,NO,COMPROBADA / UTILIZADA
M-2026-012193,UTILIZADO,MARLENE MIRANDA,OPERADOR,ORNELAS MANJARREZ JESUS EMILIO,AMPHENOL OPTIMIZE MEXICO,2026-09-24,NO,,,,NO,COMPROBADA / UTILIZADA
M-2026-012194,UTILIZADO,MARLENE MIRANDA,OPERADOR,HERNANDEZ ARIAS HUGO,AMPHENOL OPTIMIZE MEXICO,2026-09-21,NO,PRO-20260923-AMPHENOL-OPTIMIZE-MEXICO-233609,FACTURADA,65441,SI,COMPROBADA / UTILIZADA
M-2026-012195,UTILIZADO,MARLENE MIRANDA,OPERADOR,HERNANDEZ ARIAS HUGO,PRODUCTOS PARA EL CUIDADO DE LA SALUD,2026-09-22,SI,PRO-20261003-PRODUCTOS-PARA-EL-CUIDADO-DE-LA-SALUD-121143,FACTURADA,FLB 13209,SI,COMPROBADA / UTILIZADA
M-2026-012196,UTILIZADO,MARLENE MIRANDA,OPERADOR,HERNANDEZ ARIAS HUGO,PRODUCTOS PARA EL CUIDADO DE LA SALUD,2026-09-23,SI,PRO-20261003-PRODUCTOS-PARA-EL-CUIDADO-DE-LA-SALUD-121143,FACTURADA,FLB 13209,SI,COMPROBADA / UTILIZADA
M-2026-012197,UTILIZADO,MARLENE MIRANDA,OPERADOR,HERNANDEZ ARIAS HUGO,PRODUCTOS PARA EL CUIDADO DE LA SALUD,2026-09-24,SI,PRO-20261003-PRODUCTOS-PARA-EL-CUIDADO-DE-LA-SALUD-121143,FACTURADA,FLB 13209,SI,COMPROBADA / UTILIZADA
M-2026-012198,UTILIZADO,MARLENE MIRANDA,OPERADOR,ORTIZ GARCIA CANDELARIO,INTEGRATED CABLE ASSEMBLY HOLDINGS,2026-09-26,SI,PRO-20261001-INTEGRATED-CABLE-ASSEMBLY-HOLDINGS-143725,FACTURADA,FLB13145,SI,COMPROBADA / UTILIZADA
M-2026-012199,UTILIZADO,MARLENE MIRANDA,OPERADOR,ORTIZ GARCIA CANDELARIO,AMPHENOL OPTIMIZE MEXICO,2026-09-26,SI,PRO-20261001-AMPHENOL-OPTIMIZE-MEXICO-132309,FACTURADA,FLB13138,SI,COMPROBADA / UTILIZADA
M-2026-012200,UTILIZADO,MARLENE MIRANDA,OPERADOR,ROMERO IRIQUI JACOBO,INTEGRATED CABLE ASSEMBLY HOLDINGS,2026-09-22,NO,PRO-20261001-INTEGRATED-CABLE-ASSEMBLY-HOLDINGS-143725,FACTURADA,FLB13145,SI,COMPROBADA / UTILIZADA
M-2026-012201,ASIGNADO_OPERADOR,MARLENE MIRANDA,OPERADOR,HERNANDEZ ARIAS HUGO,,,NO,,,,NO,CON HERNANDEZ ARIAS HUGO
M-2026-012202,CANCELADO,MARLENE MIRANDA,OPERADOR,LEAL IBAL JOSE LUIS,,2026-10-02,SI,,,,NO,CANCELADA
M-2026-012203,UTILIZADO,MARLENE MIRANDA,OPERADOR,LEAL IBAL JOSE LUIS,WESTMED DE MEXICO,2026-10-01,SI,,,,NO,COMPROBADA / UTILIZADA
M-2026-012204,UTILIZADO,MARLENE MIRANDA,OPERADOR,ORNELAS MANJARREZ JESUS EMILIO,AVENT,2026-09-15,SI,PRO-20261002-AVENT-122951,FACTURADA,FLB 13170,SI,COMPROBADA / UTILIZADA
M-2026-012205,ASIGNADO_OPERADOR,MARLENE MIRANDA,OPERADOR,DELGADO SEDANO GABRIEL ADRIAN,,,NO,,,,NO,CON DELGADO SEDANO GABRIEL ADRIAN
M-2026-012206,UTILIZADO,MARLENE MIRANDA,OPERADOR,MARQUEZ ROMERO OMAR HORACIO,AVENT,2026-09-15,SI,PRO-20261002-AVENT-122951,FACTURADA,FLB 13171,SI,COMPROBADA / UTILIZADA
M-2026-012207,UTILIZADO,MARLENE MIRANDA,OPERADOR,MARQUEZ ROMERO OMAR HORACIO,AVENT,2026-09-14,SI,PRO-20261002-AVENT-122951,FACTURADA,FLB 13174,SI,COMPROBADA / UTILIZADA
M-2026-012208,UTILIZADO,MARLENE MIRANDA,OPERADOR,INZUNZA MONTOYA NOEL,MTD CONSUMER PRODUCTS MEXICO,2026-10-02,SI,,,,NO,COMPROBADA / UTILIZADA
M-2026-012209,ASIGNADO_OPERADOR,MARLENE MIRANDA,OPERADOR,INZUNZA MONTOYA NOEL,,2026-09-29,NO,,,,NO,CON INZUNZA MONTOYA NOEL
M-2026-012210,UTILIZADO,MARLENE MIRANDA,OPERADOR,ORTIZ GARCIA CANDELARIO,HUMANSCALE,2026-10-01,SI,,,,NO,COMPROBADA / UTILIZADA
M-2026-012211,UTILIZADO,MARLENE MIRANDA,OPERADOR,ORTIZ GARCIA CANDELARIO,EDWARDS VACCUM,2026-10-01,SI,,,,NO,COMPROBADA / UTILIZADA
M-2026-012212,UTILIZADO,MARLENE MIRANDA,OPERADOR,ORTIZ GARCIA CANDELARIO,WEISER LOCK MEXICO,2026-10-01,SI,,,,NO,COMPROBADA / UTILIZADA
M-2026-012213,UTILIZADO,MARLENE MIRANDA,OPERADOR,ORTIZ GARCIA CANDELARIO,INTEGRATED CABLE ASSEMBLY HOLDINGS,2026-10-01,SI,,,,NO,COMPROBADA / UTILIZADA
M-2026-012214,UTILIZADO,MARLENE MIRANDA,OPERADOR,GAXIOLA WAR JOEL ALFREDO,AMPHENOL OPTIMIZE MEXICO,2026-09-22,SI,PRO-20261001-AMPHENOL-OPTIMIZE-MEXICO-135205,FACTURADA,FLB13139,SI,COMPROBADA / UTILIZADA
M-2026-012215,UTILIZADO,MARLENE MIRANDA,OPERADOR,GAXIOLA WAR JOEL ALFREDO,AMPHENOL OPTIMIZE MEXICO,2026-09-22,SI,,,,NO,COMPROBADA / UTILIZADA
M-2026-012216,UTILIZADO,MARLENE MIRANDA,OPERADOR,GAXIOLA WAR JOEL ALFREDO,AMPHENOL OPTIMIZE MEXICO,2026-09-22,SI,,,,NO,COMPROBADA / UTILIZADA
M-2026-012217,UTILIZADO,MARLENE MIRANDA,OPERADOR,GAXIOLA WAR JOEL ALFREDO,AMPHENOL OPTIMIZE MEXICO,2026-09-22,SI,,,,NO,COMPROBADA / UTILIZADA
M-2026-012218,UTILIZADO,MARLENE MIRANDA,OPERADOR,GAXIOLA WAR JOEL ALFREDO,INTEGRATED CABLE ASSEMBLY HOLDINGS,2026-09-23,SI,PRO-20261001-INTEGRATED-CABLE-ASSEMBLY-HOLDINGS-143725,FACTURADA,FLB13145,SI,COMPROBADA / UTILIZADA
M-2026-012219,UTILIZADO,MARLENE MIRANDA,OPERADOR,GAXIOLA WAR JOEL ALFREDO,INTEGRATED CABLE ASSEMBLY HOLDINGS,2026-09-23,SI,PRO-20261001-INTEGRATED-CABLE-ASSEMBLY-HOLDINGS-143725,FACTURADA,FLB13145,SI,COMPROBADA / UTILIZADA
M-2026-012220,UTILIZADO,MARLENE MIRANDA,OPERADOR,GAXIOLA WAR JOEL ALFREDO,PRODUCTOS PARA EL CUIDADO DE LA SALUD,2026-09-24,SI,PRO-20261003-PRODUCTOS-PARA-EL-CUIDADO-DE-LA-SALUD-121143,FACTURADA,FLB 13209,SI,COMPROBADA / UTILIZADA
M-2026-012221,UTILIZADO,MARLENE MIRANDA,OPERADOR,GAXIOLA WAR JOEL ALFREDO,PRODUCTOS PARA EL CUIDADO DE LA SALUD,2026-09-24,SI,PRO-20261003-PRODUCTOS-PARA-EL-CUIDADO-DE-LA-SALUD-121143,FACTURADA,FLB 13209,SI,COMPROBADA / UTILIZADA
M-2026-012222,UTILIZADO,MARLENE MIRANDA,OPERADOR,GAXIOLA WAR JOEL ALFREDO,PRODUCTOS PARA EL CUIDADO DE LA SALUD,2026-09-25,SI,PRO-20261003-PRODUCTOS-PARA-EL-CUIDADO-DE-LA-SALUD-121143,FACTURADA,FLB 13209,SI,COMPROBADA / UTILIZADA
M-2026-012223,ASIGNADO_OPERADOR,MARLENE MIRANDA,OPERADOR,ORTIZ GARCIA CANDELARIO,,2026-09-29,NO,,,,NO,CON ORTIZ GARCIA CANDELARIO
M-2026-012224,UTILIZADO,MARLENE MIRANDA,OPERADOR,FLORES ARIAS ADRIAN,EDWARDS VACCUM,2026-09-21,NO,,,,NO,COMPROBADA / UTILIZADA
M-2026-012225,UTILIZADO,MARLENE MIRANDA,OPERADOR,FLORES ARIAS ADRIAN,AMPHENOL OPTIMIZE MEXICO,2026-09-21,NO,PRO-20260923-AMPHENOL-OPTIMIZE-MEXICO-233609,FACTURADA,65441,SI,COMPROBADA / UTILIZADA
M-2026-012226,UTILIZADO,MARLENE MIRANDA,OPERADOR,FLORES ARIAS ADRIAN,AVENT,2026-09-22,NO,PRO-20261002-AVENT-122951,FACTURADA,FLB 13175,SI,COMPROBADA / UTILIZADA
M-2026-012227,UTILIZADO,MARLENE MIRANDA,OPERADOR,FLORES ARIAS ADRIAN,AVENT,2026-09-22,SI,PRO-20261002-AVENT-122951,FACTURADA,FLB 13181,SI,COMPROBADA / UTILIZADA
M-2026-012228,UTILIZADO,MARLENE MIRANDA,OPERADOR,FLORES ARIAS ADRIAN,AMPHENOL OPTIMIZE MEXICO,2026-09-22,SI,,,,NO,COMPROBADA / UTILIZADA
M-2026-012229,UTILIZADO,MARLENE MIRANDA,OPERADOR,FLORES ARIAS ADRIAN,WESTMED DE MEXICO,2026-09-24,SI,PRO-20261002-WESTMED-DE-MEXICO-125144,FACTURADA,FLB13196,SI,COMPROBADA / UTILIZADA
M-2026-012230,UTILIZADO,MARLENE MIRANDA,OPERADOR,FLORES ARIAS ADRIAN,AMPHENOL OPTIMIZE MEXICO,2026-09-24,SI,,,,NO,COMPROBADA / UTILIZADA
M-2026-012231,UTILIZADO,MARLENE MIRANDA,OPERADOR,FLORES ARIAS ADRIAN,AMPHENOL OPTIMIZE MEXICO,2026-09-24,SI,,,,NO,COMPROBADA / UTILIZADA
M-2026-012232,UTILIZADO,MARLENE MIRANDA,OPERADOR,FLORES ARIAS ADRIAN,WESTMED DE MEXICO,2026-09-24,SI,PRO-20261002-WESTMED-DE-MEXICO-125144,FACTURADA,FLB13197,SI,COMPROBADA / UTILIZADA
M-2026-012233,UTILIZADO,MARLENE MIRANDA,OPERADOR,FLORES ARIAS ADRIAN,AMPHENOL OPTIMIZE MEXICO,2026-09-21,NO,PRO-20260923-AMPHENOL-OPTIMIZE-MEXICO-233609,FACTURADA,65441,SI,COMPROBADA / UTILIZADA
M-2026-012234,UTILIZADO,MARLENE MIRANDA,OPERADOR,PEREZ CHAVEZ CARLOS GERALDO,INTEGRATED CABLE ASSEMBLY HOLDINGS,2026-09-21,SI,PRO-20261001-INTEGRATED-CABLE-ASSEMBLY-HOLDINGS-142238,FACTURADA,FLB13086,SI,COMPROBADA / UTILIZADA
M-2026-012235,CANCELADO,MARLENE MIRANDA,OPERADOR,PEREZ CHAVEZ CARLOS GERALDO,K-C AFC MANUFACTURING,2026-09-22,SI,,,,NO,CANCELADA
M-2026-012236,UTILIZADO,MARLENE MIRANDA,OPERADOR,PEREZ CHAVEZ CARLOS GERALDO,K-C AFC MANUFACTURING,2026-09-23,SI,PRO-20261001-K-C-AFC-MANUFACTURING-151250,FACTURADA,FLB 13144,SI,COMPROBADA / UTILIZADA
M-2026-012237,ASIGNADO_OPERADOR,MARLENE MIRANDA,OPERADOR,CURIEL CARRASCO PLACIDO,,,NO,,,,NO,CON CURIEL CARRASCO PLACIDO
M-2026-012238,UTILIZADO,MARLENE MIRANDA,OPERADOR,PEREZ CHAVEZ CARLOS GERALDO,EDWARDS VACCUM,2026-09-23,SI,,,,NO,COMPROBADA / UTILIZADA
M-2026-012239,UTILIZADO,MARLENE MIRANDA,OPERADOR,PEREZ CHAVEZ CARLOS GERALDO,AMPHENOL OPTIMIZE MEXICO,2026-09-24,SI,,,,NO,COMPROBADA / UTILIZADA
M-2026-012240,UTILIZADO,MARLENE MIRANDA,OPERADOR,PEREZ CHAVEZ CARLOS GERALDO,EDWARDS VACCUM,2026-09-25,SI,,,,NO,COMPROBADA / UTILIZADA
M-2026-012241,UTILIZADO,MARLENE MIRANDA,OPERADOR,PEREZ CHAVEZ CARLOS GERALDO,INTEGRATED CABLE ASSEMBLY HOLDINGS,2026-09-25,SI,PRO-20261001-INTEGRATED-CABLE-ASSEMBLY-HOLDINGS-143725,FACTURADA,FLB13145,SI,COMPROBADA / UTILIZADA
M-2026-012242,UTILIZADO,MARLENE MIRANDA,OPERADOR,PEREZ CHAVEZ CARLOS GERALDO,INTEGRATED CABLE ASSEMBLY HOLDINGS,2026-09-25,SI,PRO-20261001-INTEGRATED-CABLE-ASSEMBLY-HOLDINGS-143725,FACTURADA,FLB13145,SI,COMPROBADA / UTILIZADA
M-2026-012243,CANCELADO,MARLENE MIRANDA,OPERADOR,PEREZ CHAVEZ CARLOS GERALDO,,2026-09-28,NO,,,,NO,CANCELADA
M-2026-012244,UTILIZADO,MARLENE MIRANDA,OPERADOR,CASTRO GUZMAN SALVADOR,WESTMED DE MEXICO,2026-09-21,NO,,,,NO,COMPROBADA / UTILIZADA
M-2026-012245,UTILIZADO,MARLENE MIRANDA,OPERADOR,CASTRO GUZMAN SALVADOR,AMPHENOL OPTIMIZE MEXICO,2026-09-21,NO,,,,NO,COMPROBADA / UTILIZADA
M-2026-012246,UTILIZADO,MARLENE MIRANDA,OPERADOR,CASTRO GUZMAN SALVADOR,DORMAKABA,2026-09-22,SI,PRO-20261001-DORMAKABA-144753,FACTURADA,FLB 13143,SI,COMPROBADA / UTILIZADA
M-2026-012247,UTILIZADO,MARLENE MIRANDA,OPERADOR,CASTRO GUZMAN SALVADOR,DORMAKABA,2026-09-22,SI,PRO-20261001-DORMAKABA-144753,FACTURADA,FLB 13143,SI,COMPROBADA / UTILIZADA
M-2026-012248,UTILIZADO,MARLENE MIRANDA,OPERADOR,CASTRO GUZMAN SALVADOR,EDWARDS VACCUM,2026-09-22,SI,,,,NO,COMPROBADA / UTILIZADA
M-2026-012249,UTILIZADO,MARLENE MIRANDA,OPERADOR,CASTRO GUZMAN SALVADOR,EDWARDS VACCUM,2026-09-22,SI,,,,NO,COMPROBADA / UTILIZADA
M-2026-012250,UTILIZADO,MARLENE MIRANDA,OPERADOR,CASTRO GUZMAN SALVADOR,EDWARDS VACCUM,2026-09-22,SI,,,,NO,COMPROBADA / UTILIZADA
M-2026-012251,UTILIZADO,MARLENE MIRANDA,OPERADOR,CASTRO GUZMAN SALVADOR,EDWARDS VACCUM,2026-09-22,SI,,,,NO,COMPROBADA / UTILIZADA
M-2026-012252,UTILIZADO,MARLENE MIRANDA,OPERADOR,CASTRO GUZMAN SALVADOR,WESTMED DE MEXICO,2026-09-22,SI,,,,NO,COMPROBADA / UTILIZADA
M-2026-012253,UTILIZADO,MARLENE MIRANDA,OPERADOR,CASTRO GUZMAN SALVADOR,EDWARDS VACCUM,2026-09-23,SI,,,,NO,COMPROBADA / UTILIZADA
M-2026-012254,UTILIZADO,MARLENE MIRANDA,OPERADOR,MENDEZ URIBE JOSE SACRAMENTO,AMPHENOL OPTIMIZE MEXICO,2026-09-21,NO,,,,NO,COMPROBADA / UTILIZADA
M-2026-012255,UTILIZADO,MARLENE MIRANDA,OPERADOR,MENDEZ URIBE JOSE SACRAMENTO,AMPHENOL OPTIMIZE MEXICO,2026-09-28,SI,,,,NO,COMPROBADA / UTILIZADA
M-2026-012256,UTILIZADO,MARLENE MIRANDA,OPERADOR,MENDEZ URIBE JOSE SACRAMENTO,AMPHENOL OPTIMIZE MEXICO,2026-09-21,NO,,,,NO,COMPROBADA / UTILIZADA
M-2026-012257,UTILIZADO,MARLENE MIRANDA,OPERADOR,MENDEZ URIBE JOSE SACRAMENTO,WEISER LOCK MEXICO,2026-09-21,NO,PRO-20261001-WEISER-LOCK-MEXICO-160852,PENDIENTE_FACTURAR,,NO,COMPROBADA / UTILIZADA
M-2026-012258,UTILIZADO,MARLENE MIRANDA,OPERADOR,MENDEZ URIBE JOSE SACRAMENTO,WEISER LOCK MEXICO,2026-09-21,NO,PRO-20261001-WEISER-LOCK-MEXICO-160852,PENDIENTE_FACTURAR,,NO,COMPROBADA / UTILIZADA
M-2026-012259,UTILIZADO,MARLENE MIRANDA,OPERADOR,MEDINA ARMENDARIZ LUIS ENRIQUE,DORMAKABA,2026-09-21,NO,PRO-20261001-DORMAKABA-144753,FACTURADA,FLB 13143,SI,COMPROBADA / UTILIZADA
M-2026-012260,UTILIZADO,MARLENE MIRANDA,OPERADOR,MEDINA ARMENDARIZ LUIS ENRIQUE,DORMAKABA,2026-09-21,NO,PRO-20261001-DORMAKABA-144753,FACTURADA,FLB 13143,SI,COMPROBADA / UTILIZADA
M-2026-012261,UTILIZADO,MARLENE MIRANDA,OPERADOR,MEDINA ARMENDARIZ LUIS ENRIQUE,DORMAKABA,2026-09-21,SI,PRO-20261001-DORMAKABA-144753,FACTURADA,FLB 13143,SI,COMPROBADA / UTILIZADA
M-2026-012262,UTILIZADO,MARLENE MIRANDA,OPERADOR,MEDINA ARMENDARIZ LUIS ENRIQUE,DORMAKABA,2026-09-21,NO,PRO-20261001-DORMAKABA-144753,FACTURADA,FLB 13143,SI,COMPROBADA / UTILIZADA
M-2026-012263,ASIGNADO_OPERADOR,MARLENE MIRANDA,OPERADOR,MEDINA ARMENDARIZ LUIS ENRIQUE,,,NO,,,,NO,CON MEDINA ARMENDARIZ LUIS ENRIQUE
M-2026-012264,UTILIZADO,MARLENE MIRANDA,OPERADOR,MEDINA ARMENDARIZ LUIS ENRIQUE,DORMAKABA,2026-09-24,SI,PRO-20261001-DORMAKABA-144753,FACTURADA,FLB 13143,SI,COMPROBADA / UTILIZADA
M-2026-012265,UTILIZADO,MARLENE MIRANDA,OPERADOR,ZEPEDA MORALES LUIS FERNANDO,DORMAKABA,2026-09-21,NO,PRO-20261001-DORMAKABA-144753,FACTURADA,FLB 13143,SI,COMPROBADA / UTILIZADA
M-2026-012266,UTILIZADO,MARLENE MIRANDA,OPERADOR,ZEPEDA MORALES LUIS FERNANDO,DORMAKABA,2026-09-21,NO,PRO-20261001-DORMAKABA-144753,FACTURADA,FLB 13143,SI,COMPROBADA / UTILIZADA
M-2026-012267,UTILIZADO,MARLENE MIRANDA,OPERADOR,ZEPEDA MORALES LUIS FERNANDO,DORMAKABA,2026-09-21,NO,PRO-20261001-DORMAKABA-144753,FACTURADA,FLB 13143,SI,COMPROBADA / UTILIZADA
M-2026-012268,UTILIZADO,MARLENE MIRANDA,OPERADOR,ZEPEDA MORALES LUIS FERNANDO,DORMAKABA,2026-09-21,NO,PRO-20261001-DORMAKABA-144753,FACTURADA,FLB 13143,SI,COMPROBADA / UTILIZADA
M-2026-012269,UTILIZADO,MARLENE MIRANDA,OPERADOR,ZEPEDA MORALES LUIS FERNANDO,DORMAKABA,2026-09-21,NO,PRO-20261001-DORMAKABA-144753,FACTURADA,FLB 13143,SI,COMPROBADA / UTILIZADA
M-2026-012270,UTILIZADO,MARLENE MIRANDA,OPERADOR,ZEPEDA MORALES LUIS FERNANDO,DORMAKABA,2026-09-21,NO,PRO-20261001-DORMAKABA-144753,FACTURADA,FLB 13143,SI,COMPROBADA / UTILIZADA
M-2026-012271,UTILIZADO,MARLENE MIRANDA,OPERADOR,ZEPEDA MORALES LUIS FERNANDO,DORMAKABA,2026-09-21,NO,PRO-20261001-DORMAKABA-144753,FACTURADA,FLB 13143,SI,COMPROBADA / UTILIZADA
M-2026-012272,UTILIZADO,MARLENE MIRANDA,OPERADOR,VALENZUELA CORDERO JOAQUIN,WEISER LOCK MEXICO,2026-09-22,NO,PRO-20261001-WEISER-LOCK-MEXICO-160852,PENDIENTE_FACTURAR,,NO,COMPROBADA / UTILIZADA
M-2026-012273,UTILIZADO,MARLENE MIRANDA,OPERADOR,VALENZUELA CORDERO JOAQUIN,AMPHENOL OPTIMIZE MEXICO,2026-09-22,NO,PRO-20261001-AMPHENOL-OPTIMIZE-MEXICO-135205,FACTURADA,FLB13139,SI,COMPROBADA / UTILIZADA
M-2026-012274,UTILIZADO,MARLENE MIRANDA,OPERADOR,DE LA CRUZ TAUTIMES MARTIN,DORMAKABA,2026-09-22,SI,PRO-20261001-DORMAKABA-144753,FACTURADA,FLB 13143,SI,COMPROBADA / UTILIZADA
M-2026-012275,UTILIZADO,MARLENE MIRANDA,OPERADOR,ESTRADA GARCIA JAIME,BUSSMANN,2026-09-21,NO,,,,NO,COMPROBADA / UTILIZADA
M-2026-012276,UTILIZADO,MARLENE MIRANDA,OPERADOR,ESTRADA GARCIA JAIME,ALTEX,2026-09-22,SI,PRO-2026-000006,PENDIENTE_FACTURAR,,NO,COMPROBADA / UTILIZADA
M-2026-012277,UTILIZADO,MARLENE MIRANDA,OPERADOR,ESTRADA GARCIA JAIME,MTD CONSUMER PRODUCTS MEXICO,2026-09-25,SI,PRO-20261001-MTD-CONSUMER-PRODUCTS-MEXICO-112421,FACTURADA,FLB 13134,SI,COMPROBADA / UTILIZADA
M-2026-012278,UTILIZADO,MARLENE MIRANDA,OPERADOR,ESTRADA GARCIA JAIME,MTD CONSUMER PRODUCTS MEXICO,2026-09-25,SI,PRO-20261001-MTD-CONSUMER-PRODUCTS-MEXICO-112421,FACTURADA,FLB 13134,SI,COMPROBADA / UTILIZADA
M-2026-012279,UTILIZADO,MARLENE MIRANDA,OPERADOR,ARCE BARCELO LUIS RENE,ITT ICS,2026-10-01,SI,,,,NO,COMPROBADA / UTILIZADA
M-2026-012280,UTILIZADO,MARLENE MIRANDA,OPERADOR,ARCE BARCELO LUIS RENE,ITT ICS,2026-10-01,SI,,,,NO,COMPROBADA / UTILIZADA
M-2026-012281,UTILIZADO,MARLENE MIRANDA,OPERADOR,ARCE BARCELO LUIS RENE,ITT ICS,2026-10-01,SI,,,,NO,COMPROBADA / UTILIZADA
M-2026-012282,UTILIZADO,MARLENE MIRANDA,OPERADOR,CURIEL CARRASCO PLACIDO,ITT ICS,2026-09-21,NO,,,,NO,COMPROBADA / UTILIZADA
M-2026-012283,UTILIZADO,MARLENE MIRANDA,OPERADOR,CURIEL CARRASCO PLACIDO,ITT ICS,2026-09-21,NO,,,,NO,COMPROBADA / UTILIZADA
M-2026-012284,UTILIZADO,MARLENE MIRANDA,OPERADOR,CURIEL CARRASCO PLACIDO,ITT ICS,2026-09-21,NO,,,,NO,COMPROBADA / UTILIZADA
M-2026-012285,UTILIZADO,MARLENE MIRANDA,OPERADOR,CURIEL CARRASCO PLACIDO,ITT ICS,2026-09-21,NO,,,,NO,COMPROBADA / UTILIZADA
M-2026-012286,UTILIZADO,MARLENE MIRANDA,OPERADOR,CURIEL CARRASCO PLACIDO,ITT ICS,2026-09-21,NO,,,,NO,COMPROBADA / UTILIZADA
M-2026-012287,UTILIZADO,MARLENE MIRANDA,OPERADOR,DE LA CRUZ TAUTIMES MARTIN,DORMAKABA,2026-09-23,SI,PRO-20261001-DORMAKABA-144753,FACTURADA,FLB 13143,SI,COMPROBADA / UTILIZADA
M-2026-012288,UTILIZADO,MARLENE MIRANDA,OPERADOR,DE LA CRUZ TAUTIMES MARTIN,DORMAKABA,2026-09-23,SI,PRO-20261001-DORMAKABA-144753,FACTURADA,FLB 13143,SI,COMPROBADA / UTILIZADA
M-2026-012289,UTILIZADO,MARLENE MIRANDA,OPERADOR,DE LA CRUZ TAUTIMES MARTIN,DORMAKABA,2026-09-22,SI,PRO-20261001-DORMAKABA-144753,FACTURADA,FLB 13143,SI,COMPROBADA / UTILIZADA
M-2026-012290,UTILIZADO,MARLENE MIRANDA,OPERADOR,DE LA CRUZ TAUTIMES MARTIN,DORMAKABA,2026-09-22,SI,PRO-20261001-DORMAKABA-144753,FACTURADA,FLB 13143,SI,COMPROBADA / UTILIZADA
M-2026-012291,UTILIZADO,MARLENE MIRANDA,OPERADOR,DE LA CRUZ TAUTIMES MARTIN,DORMAKABA,2026-09-22,SI,PRO-20261001-DORMAKABA-144753,FACTURADA,FLB 13143,SI,COMPROBADA / UTILIZADA
M-2026-012292,ASIGNADO_OPERADOR,MARLENE MIRANDA,OPERADOR,ARROYO PERALTA ISAAC,,,NO,,,,NO,CON ARROYO PERALTA ISAAC
M-2026-012293,UTILIZADO,MARLENE MIRANDA,OPERADOR,ARROYO PERALTA ISAAC,WEISER LOCK MEXICO,2026-09-21,SI,,,,NO,COMPROBADA / UTILIZADA
M-2026-012294,UTILIZADO,MARLENE MIRANDA,OPERADOR,ARROYO PERALTA ISAAC,WESTMED DE MEXICO,2026-09-22,SI,PRO-20261002-WESTMED-DE-MEXICO-125144,FACTURADA,FLB13198,SI,COMPROBADA / UTILIZADA
M-2026-012295,UTILIZADO,MARLENE MIRANDA,OPERADOR,ARROYO PERALTA ISAAC,PRODUCTOS PARA EL CUIDADO DE LA SALUD,2026-09-23,SI,PRO-20261003-PRODUCTOS-PARA-EL-CUIDADO-DE-LA-SALUD-121143,FACTURADA,FLB 13209,SI,COMPROBADA / UTILIZADA
M-2026-012296,UTILIZADO,MARLENE MIRANDA,OPERADOR,ARROYO PERALTA ISAAC,WESTMED DE MEXICO,2026-09-23,SI,PRO-20261002-WESTMED-DE-MEXICO-122145,FACTURADA,FLB13168,SI,COMPROBADA / UTILIZADA
M-2026-012297,UTILIZADO,MARLENE MIRANDA,OPERADOR,ARROYO PERALTA ISAAC,AMPHENOL ALDEN PRODUCTS MEXICO,2026-09-23,SI,PRO-20261002-AMPHENOL-ALDEN-PRODUCTS-MEXICO-105728,FACTURADA,FLB 13149,SI,COMPROBADA / UTILIZADA
M-2026-012298,UTILIZADO,MARLENE MIRANDA,OPERADOR,ARROYO PERALTA ISAAC,DORMAKABA,2026-09-25,SI,PRO-20261001-DORMAKABA-144753,FACTURADA,FLB 13143,SI,COMPROBADA / UTILIZADA
M-2026-012299,UTILIZADO,MARLENE MIRANDA,OPERADOR,ARROYO PERALTA ISAAC,WESTMED DE MEXICO,2026-09-24,SI,PRO-20261002-WESTMED-DE-MEXICO-122345,FACTURADA,FLB13173,SI,COMPROBADA / UTILIZADA
M-2026-012300,UTILIZADO,MARLENE MIRANDA,OPERADOR,ARROYO PERALTA ISAAC,WESTMED DE MEXICO,2026-09-24,SI,PRO-20261002-WESTMED-DE-MEXICO-124256,FACTURADA,FLB13177,SI,COMPROBADA / UTILIZADA
M-2026-012301,UTILIZADO,MARLENE MIRANDA,OPERADOR,ARROYO PERALTA ISAAC,DORMAKABA,2026-09-26,SI,PRO-20261001-DORMAKABA-144753,FACTURADA,FLB 13143,SI,COMPROBADA / UTILIZADA
M-2026-012302,UTILIZADO,MARLENE MIRANDA,OPERADOR,ARCE BARCELO LUIS RENE,ITT ICS,2026-10-01,SI,,,,NO,COMPROBADA / UTILIZADA
M-2026-012303,UTILIZADO,MARLENE MIRANDA,OPERADOR,VIZCARRA AMEZCUA BLADIMID,AMPHENOL OPTIMIZE MEXICO,2026-09-21,SI,,,,NO,COMPROBADA / UTILIZADA
M-2026-012304,UTILIZADO,MARLENE MIRANDA,OPERADOR,VIZCARRA AMEZCUA BLADIMID,WEISER LOCK MEXICO,2026-09-22,SI,PRO-20261001-WEISER-LOCK-MEXICO-160852,PENDIENTE_FACTURAR,,NO,COMPROBADA / UTILIZADA
M-2026-012305,UTILIZADO,MARLENE MIRANDA,OPERADOR,VIZCARRA AMEZCUA BLADIMID,WEISER LOCK MEXICO,2026-09-22,SI,PRO-20261001-WEISER-LOCK-MEXICO-160852,PENDIENTE_FACTURAR,,NO,COMPROBADA / UTILIZADA
M-2026-012306,UTILIZADO,MARLENE MIRANDA,OPERADOR,VIZCARRA AMEZCUA BLADIMID,WESTMED DE MEXICO,2026-09-22,SI,PRO-20261002-WESTMED-DE-MEXICO-124256,FACTURADA,FLB13178,SI,COMPROBADA / UTILIZADA
M-2026-012307,UTILIZADO,MARLENE MIRANDA,OPERADOR,VIZCARRA AMEZCUA BLADIMID,WEISER LOCK MEXICO,2026-09-22,SI,PRO-20261001-WEISER-LOCK-MEXICO-160852,PENDIENTE_FACTURAR,,NO,COMPROBADA / UTILIZADA
M-2026-012308,UTILIZADO,MARLENE MIRANDA,OPERADOR,VIZCARRA AMEZCUA BLADIMID,WEISER LOCK MEXICO,2026-09-22,SI,PRO-20261001-WEISER-LOCK-MEXICO-160852,PENDIENTE_FACTURAR,,NO,COMPROBADA / UTILIZADA
M-2026-012309,UTILIZADO,MARLENE MIRANDA,OPERADOR,VIZCARRA AMEZCUA BLADIMID,WEISER LOCK MEXICO,2026-09-22,NO,PRO-20261001-WEISER-LOCK-MEXICO-160852,PENDIENTE_FACTURAR,,NO,COMPROBADA / UTILIZADA
M-2026-012310,UTILIZADO,MARLENE MIRANDA,OPERADOR,VIZCARRA AMEZCUA BLADIMID,WEISER LOCK MEXICO,2026-09-22,SI,PRO-20261001-WEISER-LOCK-MEXICO-160852,PENDIENTE_FACTURAR,,NO,COMPROBADA / UTILIZADA
M-2026-012311,UTILIZADO,MARLENE MIRANDA,OPERADOR,CURIEL CARRASCO PLACIDO,BUSSMANN,0011-03-12,SI,PRO-20261001-BUSSMANN-140315,FACTURADA,FLB12311,SI,COMPROBADA / UTILIZADA
M-2026-012312,UTILIZADO,MARLENE MIRANDA,OPERADOR,ARCE BARCELO LUIS RENE,ITT ICS,2026-10-01,SI,,,,NO,COMPROBADA / UTILIZADA
M-2026-012313,ASIGNADO_OPERADOR,MARLENE MIRANDA,OPERADOR,ROMERO IRIQUI JACOBO,,,NO,,,,NO,CON ROMERO IRIQUI JACOBO
M-2026-012314,UTILIZADO,MARLENE MIRANDA,OPERADOR,ROMERO IRIQUI JACOBO,HUMANSCALE,2026-09-24,SI,PRO-20261001-HUMANSCALE-120536,FACTURADA,FLB 13136,SI,COMPROBADA / UTILIZADA
M-2026-012315,UTILIZADO,MARLENE MIRANDA,OPERADOR,ESTRADA GARCIA JAIME,WEISER LOCK MEXICO,2026-09-25,SI,PRO-20261001-WEISER-LOCK-MEXICO-160852,PENDIENTE_FACTURAR,,NO,COMPROBADA / UTILIZADA
M-2026-012316,UTILIZADO,MARLENE MIRANDA,OPERADOR,INZUNZA MONTOYA NOEL,AMPHENOL OPTIMIZE MEXICO,2026-09-23,SI,,,,NO,COMPROBADA / UTILIZADA
M-2026-012317,UTILIZADO,MARLENE MIRANDA,OPERADOR,MENDEZ URIBE JOSE SACRAMENTO,AMPHENOL OPTIMIZE MEXICO,2026-09-22,SI,PRO-20261001-AMPHENOL-OPTIMIZE-MEXICO-135205,FACTURADA,FLB13139,SI,COMPROBADA / UTILIZADA
M-2026-012318,UTILIZADO,MARLENE MIRANDA,OPERADOR,MENDEZ URIBE JOSE SACRAMENTO,DORMAKABA,2026-09-23,SI,PRO-20261001-DORMAKABA-144753,FACTURADA,FLB 13143,SI,COMPROBADA / UTILIZADA
M-2026-012319,UTILIZADO,MARLENE MIRANDA,OPERADOR,MENDEZ URIBE JOSE SACRAMENTO,DORMAKABA,2026-09-23,SI,PRO-20261001-DORMAKABA-144753,FACTURADA,FLB 13143,SI,COMPROBADA / UTILIZADA
M-2026-012320,UTILIZADO,MARLENE MIRANDA,OPERADOR,MENDEZ URIBE JOSE SACRAMENTO,DORMAKABA,2026-09-23,SI,PRO-20261001-DORMAKABA-144753,FACTURADA,FLB 13143,SI,COMPROBADA / UTILIZADA
M-2026-012321,UTILIZADO,MARLENE MIRANDA,OPERADOR,MARQUEZ ROMERO OMAR HORACIO,WESTMED DE MEXICO,2026-09-22,SI,PRO-20261002-WESTMED-DE-MEXICO-124256,FACTURADA,FLB13180,SI,COMPROBADA / UTILIZADA
M-2026-012322,UTILIZADO,MARLENE MIRANDA,OPERADOR,MARQUEZ ROMERO OMAR HORACIO,WESTMED DE MEXICO,2026-09-22,SI,PRO-20261002-WESTMED-DE-MEXICO-124256,FACTURADA,FLB13183,SI,COMPROBADA / UTILIZADA
M-2026-012323,UTILIZADO,MARLENE MIRANDA,OPERADOR,MARQUEZ ROMERO OMAR HORACIO,AVENT,2026-09-22,SI,,,,NO,COMPROBADA / UTILIZADA
M-2026-012324,UTILIZADO,MARLENE MIRANDA,OPERADOR,MARQUEZ ROMERO OMAR HORACIO,PRODUCTOS PARA EL CUIDADO DE LA SALUD,2026-09-22,SI,PRO-20261003-PRODUCTOS-PARA-EL-CUIDADO-DE-LA-SALUD-121143,FACTURADA,FLB 13209,SI,COMPROBADA / UTILIZADA
M-2026-012325,UTILIZADO,MARLENE MIRANDA,OPERADOR,MARQUEZ ROMERO OMAR HORACIO,WESTMED DE MEXICO,2026-09-23,SI,PRO-20261002-WESTMED-DE-MEXICO-124256,FACTURADA,FLB13185,SI,COMPROBADA / UTILIZADA
M-2026-012326,UTILIZADO,MARLENE MIRANDA,OPERADOR,MARQUEZ ROMERO OMAR HORACIO,PRODUCTOS PARA EL CUIDADO DE LA SALUD,2026-09-24,SI,PRO-20261003-PRODUCTOS-PARA-EL-CUIDADO-DE-LA-SALUD-121143,FACTURADA,FLB 13209,SI,COMPROBADA / UTILIZADA
M-2026-012327,UTILIZADO,MARLENE MIRANDA,OPERADOR,PEREZ CHAVEZ CARLOS GERALDO,AMPHENOL SAA,2026-10-02,SI,,,,NO,COMPROBADA / UTILIZADA
M-2026-012328,UTILIZADO,MARLENE MIRANDA,OPERADOR,PEREZ CHAVEZ CARLOS GERALDO,AMPHENOL SAA,2026-10-02,SI,,,,NO,COMPROBADA / UTILIZADA
M-2026-012329,ASIGNADO_OPERADOR,MARLENE MIRANDA,OPERADOR,ZEPEDA MORALES LUIS FERNANDO,,,NO,,,,NO,CON ZEPEDA MORALES LUIS FERNANDO
M-2026-012330,ASIGNADO_OPERADOR,MARLENE MIRANDA,OPERADOR,ZEPEDA MORALES LUIS FERNANDO,,,NO,,,,NO,CON ZEPEDA MORALES LUIS FERNANDO
M-2026-012331,UTILIZADO,MARLENE MIRANDA,OPERADOR,PEREZ REYES JOSE GERARDO,WESTMED DE MEXICO,2026-09-25,SI,PRO-20261002-WESTMED-DE-MEXICO-124256,FACTURADA,FLB13186,SI,COMPROBADA / UTILIZADA
M-2026-012332,UTILIZADO,MARLENE MIRANDA,OPERADOR,PEREZ REYES JOSE GERARDO,AMPHENOL OPTIMIZE MEXICO,2026-09-25,SI,,,,NO,COMPROBADA / UTILIZADA
M-2026-012333,UTILIZADO,MARLENE MIRANDA,OPERADOR,PEREZ REYES JOSE GERARDO,AMPHENOL OPTIMIZE MEXICO,2026-09-25,SI,,,,NO,COMPROBADA / UTILIZADA
M-2026-012334,UTILIZADO,MARLENE MIRANDA,OPERADOR,PEREZ REYES JOSE GERARDO,EDWARDS VACCUM,2026-09-26,SI,,,,NO,COMPROBADA / UTILIZADA
M-2026-012335,UTILIZADO,MARLENE MIRANDA,OPERADOR,PEREZ REYES JOSE GERARDO,EDWARDS VACCUM,2026-09-26,SI,,,,NO,COMPROBADA / UTILIZADA
M-2026-012336,ASIGNADO_OPERADOR,MARLENE MIRANDA,OPERADOR,MARIA,,,NO,,,,NO,CON MARIA
M-2026-012337,UTILIZADO,MARLENE MIRANDA,OPERADOR,PADILLA ORTIZ RAUL FRANCISCO,INTEGRATED CABLE ASSEMBLY HOLDINGS,2026-09-24,SI,PRO-20261001-INTEGRATED-CABLE-ASSEMBLY-HOLDINGS-143725,FACTURADA,FLB13145,SI,COMPROBADA / UTILIZADA
M-2026-012338,UTILIZADO,MARLENE MIRANDA,OPERADOR,PADILLA ORTIZ RAUL FRANCISCO,K-C AFC MANUFACTURING,2026-09-25,SI,PRO-20261001-K-C-AFC-MANUFACTURING-151250,FACTURADA,FLB 13144,SI,COMPROBADA / UTILIZADA
M-2026-012339,UTILIZADO,MARLENE MIRANDA,OPERADOR,ROMERO GALINDO FRANCISCO RAMON,DORMAKABA,2026-09-25,SI,PRO-20261001-DORMAKABA-144753,FACTURADA,FLB 13143,SI,COMPROBADA / UTILIZADA
M-2026-012340,UTILIZADO,MARLENE MIRANDA,OPERADOR,GAXIOLA WAR JOEL ALFREDO,WEISER LOCK MEXICO,2026-10-02,SI,,,,NO,COMPROBADA / UTILIZADA
M-2026-012341,ASIGNADO_OPERADOR,MARLENE MIRANDA,OPERADOR,MARIA,,,NO,,,,NO,CON MARIA
M-2026-012342,UTILIZADO,MARLENE MIRANDA,OPERADOR,MENDEZ URIBE JOSE SACRAMENTO,AMPHENOL ALDEN PRODUCTS MEXICO,2026-09-24,SI,PRO-20261002-AMPHENOL-ALDEN-PRODUCTS-MEXICO-105728,FACTURADA,FLB 13149,SI,COMPROBADA / UTILIZADA
M-2026-012343,UTILIZADO,MARLENE MIRANDA,OPERADOR,MENDEZ URIBE JOSE SACRAMENTO,PRODUCTOS PARA EL CUIDADO DE LA SALUD,2026-09-24,SI,PRO-20261003-PRODUCTOS-PARA-EL-CUIDADO-DE-LA-SALUD-121143,FACTURADA,FLB 13209,SI,COMPROBADA / UTILIZADA
M-2026-012344,ASIGNADO_OPERADOR,MARLENE MIRANDA,OPERADOR,MARIA,,,NO,,,,NO,CON MARIA
M-2026-012345,UTILIZADO,MARLENE MIRANDA,OPERADOR,CURIEL CARRASCO PLACIDO,ITT ICS,2026-09-22,SI,,,,NO,COMPROBADA / UTILIZADA
M-2026-012346,UTILIZADO,MARLENE MIRANDA,OPERADOR,CURIEL CARRASCO PLACIDO,ITT CT,2026-09-21,SI,,,,NO,COMPROBADA / UTILIZADA
M-2026-012347,UTILIZADO,MARLENE MIRANDA,OPERADOR,CURIEL CARRASCO PLACIDO,ITT ICS,2026-09-22,SI,,,,NO,COMPROBADA / UTILIZADA
M-2026-012348,UTILIZADO,MARLENE MIRANDA,OPERADOR,CURIEL CARRASCO PLACIDO,ITT ICS,2026-09-22,SI,,,,NO,COMPROBADA / UTILIZADA
M-2026-012349,UTILIZADO,MARLENE MIRANDA,OPERADOR,CURIEL CARRASCO PLACIDO,ITT CT,2026-09-22,SI,,,,NO,COMPROBADA / UTILIZADA
M-2026-012350,UTILIZADO,MARLENE MIRANDA,OPERADOR,MEDINA ARMENDARIZ LUIS ENRIQUE,DORMAKABA,2026-09-24,SI,PRO-20261001-DORMAKABA-144753,FACTURADA,FLB 13143,SI,COMPROBADA / UTILIZADA
M-2026-012351,UTILIZADO,MARLENE MIRANDA,OPERADOR,VALENZUELA VERDUZCO RICARDO,ITT ICS,2026-09-24,SI,,,,NO,COMPROBADA / UTILIZADA
M-2026-012352,UTILIZADO,MARLENE MIRANDA,OPERADOR,LEAL IBAL JOSE LUIS,WESTMED DE MEXICO,2026-09-21,SI,PRO-20261002-WESTMED-DE-MEXICO-124256,FACTURADA,FLB13187,SI,COMPROBADA / UTILIZADA
M-2026-012353,UTILIZADO,MARLENE MIRANDA,OPERADOR,LEAL IBAL JOSE LUIS,AVENT,2026-09-23,SI,PRO-20261002-AVENT-154700,FACTURADA,FLB 13203,SI,COMPROBADA / UTILIZADA
M-2026-012354,UTILIZADO,MARLENE MIRANDA,OPERADOR,LEAL IBAL JOSE LUIS,WESTMED DE MEXICO,2026-09-23,SI,PRO-20261002-WESTMED-DE-MEXICO-124256,FACTURADA,FLB13188,SI,COMPROBADA / UTILIZADA
M-2026-012355,UTILIZADO,MARLENE MIRANDA,OPERADOR,LEAL IBAL JOSE LUIS,EDWARDS VACCUM,2026-09-24,SI,,,,NO,COMPROBADA / UTILIZADA
M-2026-012356,UTILIZADO,MARLENE MIRANDA,OPERADOR,LEAL IBAL JOSE LUIS,EDWARDS VACCUM,2026-09-24,SI,,,,NO,COMPROBADA / UTILIZADA
M-2026-012357,UTILIZADO,MARLENE MIRANDA,OPERADOR,ZEPEDA MORALES LUIS FERNANDO,DORMAKABA,2026-09-22,SI,PRO-20261001-DORMAKABA-144753,FACTURADA,FLB 13143,SI,COMPROBADA / UTILIZADA
M-2026-012358,UTILIZADO,MARLENE MIRANDA,OPERADOR,ZEPEDA MORALES LUIS FERNANDO,DORMAKABA,2026-09-22,SI,PRO-20261001-DORMAKABA-144753,FACTURADA,FLB 13143,SI,COMPROBADA / UTILIZADA
M-2026-012359,UTILIZADO,MARLENE MIRANDA,OPERADOR,ZEPEDA MORALES LUIS FERNANDO,DORMAKABA,2026-09-22,SI,PRO-20261001-DORMAKABA-144753,FACTURADA,FLB 13143,SI,COMPROBADA / UTILIZADA
M-2026-012360,UTILIZADO,MARLENE MIRANDA,OPERADOR,ZEPEDA MORALES LUIS FERNANDO,DORMAKABA,2026-09-22,SI,PRO-20261001-DORMAKABA-144753,FACTURADA,FLB 13143,SI,COMPROBADA / UTILIZADA
M-2026-012361,UTILIZADO,MARLENE MIRANDA,OPERADOR,ZEPEDA MORALES LUIS FERNANDO,PRODUCTOS PARA EL CUIDADO DE LA SALUD,2026-09-23,SI,PRO-20261003-PRODUCTOS-PARA-EL-CUIDADO-DE-LA-SALUD-121143,FACTURADA,FLB 13209,SI,COMPROBADA / UTILIZADA
M-2026-012362,UTILIZADO,MARLENE MIRANDA,OPERADOR,ZEPEDA MORALES LUIS FERNANDO,K-C AFC MANUFACTURING,2026-09-24,SI,PRO-20261001-K-C-AFC-MANUFACTURING-151250,FACTURADA,FLB 13144,SI,COMPROBADA / UTILIZADA
M-2026-012363,UTILIZADO,MARLENE MIRANDA,OPERADOR,ZEPEDA MORALES LUIS FERNANDO,K-C AFC MANUFACTURING,2026-09-24,SI,PRO-20261001-K-C-AFC-MANUFACTURING-151250,FACTURADA,FLB 13144,SI,COMPROBADA / UTILIZADA
M-2026-012364,UTILIZADO,MARLENE MIRANDA,OPERADOR,ORTIZ GARCIA CANDELARIO,WEISER LOCK MEXICO,2026-09-23,SI,PRO-20261001-WEISER-LOCK-MEXICO-160852,PENDIENTE_FACTURAR,,NO,COMPROBADA / UTILIZADA
M-2026-012365,UTILIZADO,MARLENE MIRANDA,OPERADOR,ORTIZ GARCIA CANDELARIO,INTEGRATED CABLE ASSEMBLY HOLDINGS,2026-09-23,SI,PRO-20261001-INTEGRATED-CABLE-ASSEMBLY-HOLDINGS-143725,FACTURADA,FLB13145,SI,COMPROBADA / UTILIZADA
M-2026-012366,UTILIZADO,MARLENE MIRANDA,OPERADOR,ORTIZ GARCIA CANDELARIO,AVENT,2026-09-24,NO,PRO-20261002-AVENT-122951,FACTURADA,FLB 13182,SI,COMPROBADA / UTILIZADA
M-2026-012367,UTILIZADO,MARLENE MIRANDA,OPERADOR,ORTIZ GARCIA CANDELARIO,PRODUCTOS PARA EL CUIDADO DE LA SALUD,2026-09-25,SI,PRO-20261003-PRODUCTOS-PARA-EL-CUIDADO-DE-LA-SALUD-121143,FACTURADA,FLB 13209,SI,COMPROBADA / UTILIZADA
M-2026-012368,UTILIZADO,MARLENE MIRANDA,OPERADOR,ORTIZ GARCIA CANDELARIO,WEISER LOCK MEXICO,2026-09-25,SI,PRO-20261001-WEISER-LOCK-MEXICO-160852,PENDIENTE_FACTURAR,,NO,COMPROBADA / UTILIZADA
M-2026-012369,UTILIZADO,MARLENE MIRANDA,OPERADOR,ORTIZ GARCIA CANDELARIO,WEISER LOCK MEXICO,2026-09-24,SI,PRO-20261001-WEISER-LOCK-MEXICO-160852,PENDIENTE_FACTURAR,,NO,COMPROBADA / UTILIZADA
M-2026-012370,UTILIZADO,MARLENE MIRANDA,OPERADOR,ARCE BARCELO LUIS RENE,MTD CONSUMER PRODUCTS MEXICO,2026-09-28,SI,,,,NO,COMPROBADA / UTILIZADA
M-2026-012371,UTILIZADO,MARLENE MIRANDA,OPERADOR,ARCE BARCELO LUIS RENE,ITT ICS,2026-09-29,SI,,,,NO,COMPROBADA / UTILIZADA
M-2026-012372,UTILIZADO,MARLENE MIRANDA,OPERADOR,ARCE BARCELO LUIS RENE,ITT ICS,2026-09-29,SI,,,,NO,COMPROBADA / UTILIZADA
M-2026-012373,UTILIZADO,MARLENE MIRANDA,OPERADOR,ARCE BARCELO LUIS RENE,ITT ICS,2026-09-30,SI,,,,NO,COMPROBADA / UTILIZADA
M-2026-012374,UTILIZADO,MARLENE MIRANDA,OPERADOR,ARCE BARCELO LUIS RENE,ITT ICS,2026-09-30,SI,,,,NO,COMPROBADA / UTILIZADA
M-2026-012375,UTILIZADO,MARLENE MIRANDA,OPERADOR,ARCE BARCELO LUIS RENE,ITT ICS,2026-09-30,SI,,,,NO,COMPROBADA / UTILIZADA
M-2026-012376,UTILIZADO,MARLENE MIRANDA,OPERADOR,ARCE BARCELO LUIS RENE,ITT ICS,2026-09-29,SI,,,,NO,COMPROBADA / UTILIZADA
M-2026-012377,UTILIZADO,MARLENE MIRANDA,OPERADOR,ARCE BARCELO LUIS RENE,ITT ICS,2026-09-29,SI,,,,NO,COMPROBADA / UTILIZADA
M-2026-012378,UTILIZADO,MARLENE MIRANDA,OPERADOR,ARCE BARCELO LUIS RENE,ITT ICS,2026-09-29,SI,,,,NO,COMPROBADA / UTILIZADA
M-2026-012379,UTILIZADO,MARLENE MIRANDA,OPERADOR,ARCE BARCELO LUIS RENE,ITT ICS,2026-09-29,SI,,,,NO,COMPROBADA / UTILIZADA
M-2026-012380,UTILIZADO,MARLENE MIRANDA,OPERADOR,ARROYO PERALTA ISAAC,PRODUCTOS PARA EL CUIDADO DE LA SALUD,2026-09-28,SI,,,,NO,COMPROBADA / UTILIZADA
M-2026-012381,UTILIZADO,MARLENE MIRANDA,OPERADOR,ARROYO PERALTA ISAAC,ITT BIW,2026-09-30,SI,,,,NO,COMPROBADA / UTILIZADA
M-2026-012382,UTILIZADO,MARLENE MIRANDA,OPERADOR,ARROYO PERALTA ISAAC,MTD CONSUMER PRODUCTS MEXICO,2026-09-30,SI,,,,NO,COMPROBADA / UTILIZADA
M-2026-012383,UTILIZADO,MARLENE MIRANDA,OPERADOR,ARROYO PERALTA ISAAC,ITT CT,2026-10-01,SI,,,,NO,COMPROBADA / UTILIZADA
M-2026-012384,UTILIZADO,MARLENE MIRANDA,OPERADOR,ARROYO PERALTA ISAAC,ITT CT,2026-10-01,SI,,,,NO,COMPROBADA / UTILIZADA
M-2026-012385,UTILIZADO,MARLENE MIRANDA,OPERADOR,ARROYO PERALTA ISAAC,ITT CT,2026-10-02,SI,,,,NO,COMPROBADA / UTILIZADA
M-2026-012386,UTILIZADO,MARLENE MIRANDA,OPERADOR,ARROYO PERALTA ISAAC,MTD CONSUMER PRODUCTS MEXICO,2026-09-28,SI,,,,NO,COMPROBADA / UTILIZADA
M-2026-012387,UTILIZADO,MARLENE MIRANDA,OPERADOR,ARROYO PERALTA ISAAC,ITT ICS,2026-10-02,SI,,,,NO,COMPROBADA / UTILIZADA
M-2026-012388,UTILIZADO,MARLENE MIRANDA,OPERADOR,ARROYO PERALTA ISAAC,ITT CT,2026-10-02,SI,,,,NO,COMPROBADA / UTILIZADA
M-2026-012389,ASIGNADO_OPERADOR,MARLENE MIRANDA,OPERADOR,ARROYO PERALTA ISAAC,,,NO,,,,NO,CON ARROYO PERALTA ISAAC
M-2026-012390,UTILIZADO,MARLENE MIRANDA,OPERADOR,ARVIZU VAZQUEZ MARIO ALBERTO,ITT ICS,2026-09-30,SI,,,,NO,COMPROBADA / UTILIZADA
M-2026-012391,UTILIZADO,MARLENE MIRANDA,OPERADOR,ARVIZU VAZQUEZ MARIO ALBERTO,ITT ICS,2026-10-01,SI,,,,NO,COMPROBADA / UTILIZADA
M-2026-012392,UTILIZADO,MARLENE MIRANDA,OPERADOR,ARVIZU VAZQUEZ MARIO ALBERTO,ITT ICS,2026-10-01,SI,,,,NO,COMPROBADA / UTILIZADA
M-2026-012393,ASIGNADO_OPERADOR,MARLENE MIRANDA,OPERADOR,ARVIZU VAZQUEZ MARIO ALBERTO,,,NO,,,,NO,CON ARVIZU VAZQUEZ MARIO ALBERTO
M-2026-012394,ASIGNADO_OPERADOR,MARLENE MIRANDA,OPERADOR,ARVIZU VAZQUEZ MARIO ALBERTO,,,NO,,,,NO,CON ARVIZU VAZQUEZ MARIO ALBERTO
M-2026-012395,ASIGNADO_OPERADOR,MARLENE MIRANDA,OPERADOR,ARVIZU VAZQUEZ MARIO ALBERTO,,,NO,,,,NO,CON ARVIZU VAZQUEZ MARIO ALBERTO
M-2026-012396,ASIGNADO_OPERADOR,MARLENE MIRANDA,OPERADOR,ARVIZU VAZQUEZ MARIO ALBERTO,,,NO,,,,NO,CON ARVIZU VAZQUEZ MARIO ALBERTO
M-2026-012397,ASIGNADO_OPERADOR,MARLENE MIRANDA,OPERADOR,ARVIZU VAZQUEZ MARIO ALBERTO,,,NO,,,,NO,CON ARVIZU VAZQUEZ MARIO ALBERTO
M-2026-012398,ASIGNADO_OPERADOR,MARLENE MIRANDA,OPERADOR,ARVIZU VAZQUEZ MARIO ALBERTO,,,NO,,,,NO,CON ARVIZU VAZQUEZ MARIO ALBERTO
M-2026-012399,ASIGNADO_OPERADOR,MARLENE MIRANDA,OPERADOR,ARVIZU VAZQUEZ MARIO ALBERTO,,,NO,,,,NO,CON ARVIZU VAZQUEZ MARIO ALBERTO
M-2026-012400,UTILIZADO,MARLENE MIRANDA,OPERADOR,CASTELLANOS ROSAS CESAR ANDREI,WESTMED DE MEXICO,2026-09-29,SI,,,,NO,COMPROBADA / UTILIZADA
M-2026-012401,UTILIZADO,MARLENE MIRANDA,OPERADOR,CASTELLANOS ROSAS CESAR ANDREI,HUMANSCALE,2026-09-29,SI,,,,NO,COMPROBADA / UTILIZADA
M-2026-012402,UTILIZADO,MARLENE MIRANDA,OPERADOR,CASTELLANOS ROSAS CESAR ANDREI,WEISER LOCK MEXICO,2026-10-01,SI,,,,NO,COMPROBADA / UTILIZADA
M-2026-012403,UTILIZADO,MARLENE MIRANDA,OPERADOR,CASTELLANOS ROSAS CESAR ANDREI,WEISER LOCK MEXICO,2026-10-01,SI,,,,NO,COMPROBADA / UTILIZADA
M-2026-012404,UTILIZADO,MARLENE MIRANDA,OPERADOR,CASTELLANOS ROSAS CESAR ANDREI,EDWARDS VACCUM,2026-10-01,SI,,,,NO,COMPROBADA / UTILIZADA
M-2026-012405,ASIGNADO_OPERADOR,MARLENE MIRANDA,OPERADOR,CASTELLANOS ROSAS CESAR ANDREI,,,NO,,,,NO,CON CASTELLANOS ROSAS CESAR ANDREI
M-2026-012406,ASIGNADO_OPERADOR,MARLENE MIRANDA,OPERADOR,CASTELLANOS ROSAS CESAR ANDREI,,,NO,,,,NO,CON CASTELLANOS ROSAS CESAR ANDREI
M-2026-012407,ASIGNADO_OPERADOR,MARLENE MIRANDA,OPERADOR,CASTELLANOS ROSAS CESAR ANDREI,,,NO,,,,NO,CON CASTELLANOS ROSAS CESAR ANDREI
M-2026-012408,ASIGNADO_OPERADOR,MARLENE MIRANDA,OPERADOR,CASTELLANOS ROSAS CESAR ANDREI,,,NO,,,,NO,CON CASTELLANOS ROSAS CESAR ANDREI
M-2026-012409,ASIGNADO_OPERADOR,MARLENE MIRANDA,OPERADOR,CASTELLANOS ROSAS CESAR ANDREI,,,NO,,,,NO,CON CASTELLANOS ROSAS CESAR ANDREI
M-2026-012410,UTILIZADO,MARLENE MIRANDA,OPERADOR,CASTRO GUZMAN SALVADOR,AMPHENOL OPTIMIZE MEXICO,2026-09-28,SI,,,,NO,COMPROBADA / UTILIZADA
M-2026-012411,UTILIZADO,MARLENE MIRANDA,OPERADOR,CASTRO GUZMAN SALVADOR,PRODUCTOS PARA EL CUIDADO DE LA SALUD,2026-09-29,SI,,,,NO,COMPROBADA / UTILIZADA
M-2026-012412,UTILIZADO,MARLENE MIRANDA,OPERADOR,CASTRO GUZMAN SALVADOR,PRODUCTOS PARA EL CUIDADO DE LA SALUD,2026-09-29,SI,,,,NO,COMPROBADA / UTILIZADA
M-2026-012413,UTILIZADO,MARLENE MIRANDA,OPERADOR,CASTRO GUZMAN SALVADOR,HUMANSCALE,2026-09-30,SI,,,,NO,COMPROBADA / UTILIZADA
M-2026-012414,UTILIZADO,MARLENE MIRANDA,OPERADOR,CASTRO GUZMAN SALVADOR,HUMANSCALE,2026-09-30,SI,,,,NO,COMPROBADA / UTILIZADA
M-2026-012415,UTILIZADO,MARLENE MIRANDA,OPERADOR,CASTRO GUZMAN SALVADOR,AMPHENOL SAA,2026-10-01,SI,,,,NO,COMPROBADA / UTILIZADA
M-2026-012416,UTILIZADO,MARLENE MIRANDA,OPERADOR,CASTRO GUZMAN SALVADOR,AMPHENOL AHPS,2026-10-01,SI,,,,NO,COMPROBADA / UTILIZADA
M-2026-012417,UTILIZADO,MARLENE MIRANDA,OPERADOR,CASTRO GUZMAN SALVADOR,AMPHENOL AHPS,2026-10-01,SI,,,,NO,COMPROBADA / UTILIZADA
M-2026-012418,UTILIZADO,MARLENE MIRANDA,OPERADOR,CASTRO GUZMAN SALVADOR,AMPHENOL OPTIMIZE MEXICO,2026-10-01,SI,,,,NO,COMPROBADA / UTILIZADA
M-2026-012419,UTILIZADO,MARLENE MIRANDA,OPERADOR,CASTRO GUZMAN SALVADOR,EDWARDS VACCUM,2026-10-03,SI,,,,NO,COMPROBADA / UTILIZADA
M-2026-012420,UTILIZADO,MARLENE MIRANDA,OPERADOR,CURIEL CARRASCO PLACIDO,WEISER LOCK MEXICO,2026-09-28,SI,,,,NO,COMPROBADA / UTILIZADA
M-2026-012421,UTILIZADO,MARLENE MIRANDA,OPERADOR,CURIEL CARRASCO PLACIDO,WEISER LOCK MEXICO,2026-09-28,SI,,,,NO,COMPROBADA / UTILIZADA
M-2026-012422,UTILIZADO,MARLENE MIRANDA,OPERADOR,CURIEL CARRASCO PLACIDO,WEISER LOCK MEXICO,2026-09-28,SI,,,,NO,COMPROBADA / UTILIZADA
M-2026-012423,UTILIZADO,MARLENE MIRANDA,OPERADOR,CURIEL CARRASCO PLACIDO,WEISER LOCK MEXICO,2026-09-29,SI,,,,NO,COMPROBADA / UTILIZADA
M-2026-012424,UTILIZADO,MARLENE MIRANDA,OPERADOR,CURIEL CARRASCO PLACIDO,WEISER LOCK MEXICO,2026-10-29,SI,,,,NO,COMPROBADA / UTILIZADA
M-2026-012425,UTILIZADO,MARLENE MIRANDA,OPERADOR,CURIEL CARRASCO PLACIDO,WEISER LOCK MEXICO,2026-09-30,NO,,,,NO,COMPROBADA / UTILIZADA
M-2026-012426,UTILIZADO,MARLENE MIRANDA,OPERADOR,CURIEL CARRASCO PLACIDO,WEISER LOCK MEXICO,2026-09-30,SI,,,,NO,COMPROBADA / UTILIZADA
M-2026-012427,UTILIZADO,MARLENE MIRANDA,OPERADOR,CURIEL CARRASCO PLACIDO,WEISER LOCK MEXICO,2026-09-30,SI,,,,NO,COMPROBADA / UTILIZADA
M-2026-012428,UTILIZADO,MARLENE MIRANDA,OPERADOR,CURIEL CARRASCO PLACIDO,WEISER LOCK MEXICO,2026-10-01,SI,,,,NO,COMPROBADA / UTILIZADA
M-2026-012429,UTILIZADO,MARLENE MIRANDA,OPERADOR,CURIEL CARRASCO PLACIDO,WEISER LOCK MEXICO,2026-10-01,SI,,,,NO,COMPROBADA / UTILIZADA
M-2026-012430,UTILIZADO,MARLENE MIRANDA,OPERADOR,DE LA CRUZ TAUTIMES MARTIN,ITT CT,2026-09-28,SI,,,,NO,COMPROBADA / UTILIZADA
M-2026-012431,UTILIZADO,MARLENE MIRANDA,OPERADOR,DE LA CRUZ TAUTIMES MARTIN,ITT CT,2026-09-28,SI,,,,NO,COMPROBADA / UTILIZADA
M-2026-012432,UTILIZADO,MARLENE MIRANDA,OPERADOR,DE LA CRUZ TAUTIMES MARTIN,ITT CT,2026-09-28,SI,,,,NO,COMPROBADA / UTILIZADA
M-2026-012433,UTILIZADO,MARLENE MIRANDA,OPERADOR,DE LA CRUZ TAUTIMES MARTIN,ITT CT,2026-09-28,SI,,,,NO,COMPROBADA / UTILIZADA
M-2026-012434,UTILIZADO,MARLENE MIRANDA,OPERADOR,DE LA CRUZ TAUTIMES MARTIN,DORMAKABA,2026-10-02,SI,,,,NO,COMPROBADA / UTILIZADA
M-2026-012435,UTILIZADO,MARLENE MIRANDA,OPERADOR,DE LA CRUZ TAUTIMES MARTIN,DORMAKABA,2026-10-02,SI,,,,NO,COMPROBADA / UTILIZADA
M-2026-012436,UTILIZADO,MARLENE MIRANDA,OPERADOR,DE LA CRUZ TAUTIMES MARTIN,DORMAKABA,2026-10-02,SI,,,,NO,COMPROBADA / UTILIZADA
M-2026-012437,UTILIZADO,MARLENE MIRANDA,OPERADOR,DE LA CRUZ TAUTIMES MARTIN,DORMAKABA,2026-10-02,SI,,,,NO,COMPROBADA / UTILIZADA
M-2026-012438,UTILIZADO,MARLENE MIRANDA,OPERADOR,DE LA CRUZ TAUTIMES MARTIN,DORMAKABA,2026-10-02,SI,,,,NO,COMPROBADA / UTILIZADA
M-2026-012439,UTILIZADO,MARLENE MIRANDA,OPERADOR,DE LA CRUZ TAUTIMES MARTIN,ITT ICS,2026-10-03,SI,,,,NO,COMPROBADA / UTILIZADA
M-2026-012440,ASIGNADO_OPERADOR,MARLENE MIRANDA,OPERADOR,DELGADO SEDANO GABRIEL ADRIAN,,,NO,,,,NO,CON DELGADO SEDANO GABRIEL ADRIAN
M-2026-012441,ASIGNADO_OPERADOR,MARLENE MIRANDA,OPERADOR,DELGADO SEDANO GABRIEL ADRIAN,,,NO,,,,NO,CON DELGADO SEDANO GABRIEL ADRIAN
M-2026-012442,ASIGNADO_OPERADOR,MARLENE MIRANDA,OPERADOR,DELGADO SEDANO GABRIEL ADRIAN,,,NO,,,,NO,CON DELGADO SEDANO GABRIEL ADRIAN
M-2026-012443,ASIGNADO_OPERADOR,MARLENE MIRANDA,OPERADOR,DELGADO SEDANO GABRIEL ADRIAN,,,NO,,,,NO,CON DELGADO SEDANO GABRIEL ADRIAN
M-2026-012444,ASIGNADO_OPERADOR,MARLENE MIRANDA,OPERADOR,DELGADO SEDANO GABRIEL ADRIAN,,,NO,,,,NO,CON DELGADO SEDANO GABRIEL ADRIAN
M-2026-012445,ASIGNADO_OPERADOR,MARLENE MIRANDA,OPERADOR,DELGADO SEDANO GABRIEL ADRIAN,,,NO,,,,NO,CON DELGADO SEDANO GABRIEL ADRIAN
M-2026-012446,ASIGNADO_OPERADOR,MARLENE MIRANDA,OPERADOR,DELGADO SEDANO GABRIEL ADRIAN,,,NO,,,,NO,CON DELGADO SEDANO GABRIEL ADRIAN
M-2026-012447,ASIGNADO_OPERADOR,MARLENE MIRANDA,OPERADOR,DELGADO SEDANO GABRIEL ADRIAN,,,NO,,,,NO,CON DELGADO SEDANO GABRIEL ADRIAN
M-2026-012448,ASIGNADO_OPERADOR,MARLENE MIRANDA,OPERADOR,DELGADO SEDANO GABRIEL ADRIAN,,,NO,,,,NO,CON DELGADO SEDANO GABRIEL ADRIAN
M-2026-012449,ASIGNADO_OPERADOR,MARLENE MIRANDA,OPERADOR,DELGADO SEDANO GABRIEL ADRIAN,,,NO,,,,NO,CON DELGADO SEDANO GABRIEL ADRIAN
M-2026-012450,UTILIZADO,MARLENE MIRANDA,OPERADOR,ESTRADA GARCIA JAIME,DORMAKABA,2026-09-29,SI,,,,NO,COMPROBADA / UTILIZADA
M-2026-012451,UTILIZADO,MARLENE MIRANDA,OPERADOR,ESTRADA GARCIA JAIME,AVENT,2026-09-30,SI,,,,NO,COMPROBADA / UTILIZADA
M-2026-012452,ASIGNADO_OPERADOR,MARLENE MIRANDA,OPERADOR,ESTRADA GARCIA JAIME,,,NO,,,,NO,CON ESTRADA GARCIA JAIME
M-2026-012453,ASIGNADO_OPERADOR,MARLENE MIRANDA,OPERADOR,ESTRADA GARCIA JAIME,,,NO,,,,NO,CON ESTRADA GARCIA JAIME
M-2026-012454,ASIGNADO_OPERADOR,MARLENE MIRANDA,OPERADOR,ESTRADA GARCIA JAIME,,,NO,,,,NO,CON ESTRADA GARCIA JAIME
M-2026-012455,ASIGNADO_OPERADOR,MARLENE MIRANDA,OPERADOR,ESTRADA GARCIA JAIME,,,NO,,,,NO,CON ESTRADA GARCIA JAIME
M-2026-012456,ASIGNADO_OPERADOR,MARLENE MIRANDA,OPERADOR,ESTRADA GARCIA JAIME,,,NO,,,,NO,CON ESTRADA GARCIA JAIME
M-2026-012457,ASIGNADO_OPERADOR,MARLENE MIRANDA,OPERADOR,ESTRADA GARCIA JAIME,,,NO,,,,NO,CON ESTRADA GARCIA JAIME
M-2026-012458,ASIGNADO_OPERADOR,MARLENE MIRANDA,OPERADOR,ESTRADA GARCIA JAIME,,,NO,,,,NO,CON ESTRADA GARCIA JAIME
M-2026-012459,ASIGNADO_OPERADOR,MARLENE MIRANDA,OPERADOR,ESTRADA GARCIA JAIME,,,NO,,,,NO,CON ESTRADA GARCIA JAIME
M-2026-012460,UTILIZADO,MARLENE MIRANDA,OPERADOR,FLORES ARIAS ADRIAN,EDWARDS VACCUM,2026-09-28,SI,,,,NO,COMPROBADA / UTILIZADA
M-2026-012461,UTILIZADO,MARLENE MIRANDA,OPERADOR,FLORES ARIAS ADRIAN,AMPHENOL OPTIMIZE MEXICO,2026-09-30,SI,,,,NO,COMPROBADA / UTILIZADA
M-2026-012462,UTILIZADO,MARLENE MIRANDA,OPERADOR,FLORES ARIAS ADRIAN,AMPHENOL OPTIMIZE MEXICO,2026-09-30,SI,,,,NO,COMPROBADA / UTILIZADA
M-2026-012463,ASIGNADO_OPERADOR,MARLENE MIRANDA,OPERADOR,FLORES ARIAS ADRIAN,,,NO,,,,NO,CON FLORES ARIAS ADRIAN
M-2026-012464,ASIGNADO_OPERADOR,MARLENE MIRANDA,OPERADOR,FLORES ARIAS ADRIAN,,,NO,,,,NO,CON FLORES ARIAS ADRIAN
M-2026-012465,ASIGNADO_OPERADOR,MARLENE MIRANDA,OPERADOR,FLORES ARIAS ADRIAN,,,NO,,,,NO,CON FLORES ARIAS ADRIAN
M-2026-012466,ASIGNADO_OPERADOR,MARLENE MIRANDA,OPERADOR,FLORES ARIAS ADRIAN,,,NO,,,,NO,CON FLORES ARIAS ADRIAN
M-2026-012467,ASIGNADO_OPERADOR,MARLENE MIRANDA,OPERADOR,FLORES ARIAS ADRIAN,,,NO,,,,NO,CON FLORES ARIAS ADRIAN
M-2026-012468,ASIGNADO_OPERADOR,MARLENE MIRANDA,OPERADOR,FLORES ARIAS ADRIAN,,,NO,,,,NO,CON FLORES ARIAS ADRIAN
M-2026-012469,ASIGNADO_OPERADOR,MARLENE MIRANDA,OPERADOR,FLORES ARIAS ADRIAN,,,NO,,,,NO,CON FLORES ARIAS ADRIAN
M-2026-012470,UTILIZADO,MARLENE MIRANDA,OPERADOR,GAXIOLA WAR JOEL ALFREDO,WEISER LOCK MEXICO,2026-09-28,SI,,,,NO,COMPROBADA / UTILIZADA
M-2026-012471,UTILIZADO,MARLENE MIRANDA,OPERADOR,GAXIOLA WAR JOEL ALFREDO,PRODUCTOS PARA EL CUIDADO DE LA SALUD,2026-09-28,SI,,,,NO,COMPROBADA / UTILIZADA
M-2026-012472,UTILIZADO,MARLENE MIRANDA,OPERADOR,GAXIOLA WAR JOEL ALFREDO,WEISER LOCK MEXICO,2026-09-28,SI,,,,NO,COMPROBADA / UTILIZADA
M-2026-012473,UTILIZADO,MARLENE MIRANDA,OPERADOR,GAXIOLA WAR JOEL ALFREDO,EDWARDS VACCUM,2026-09-28,SI,,,,NO,COMPROBADA / UTILIZADA
M-2026-012474,UTILIZADO,MARLENE MIRANDA,OPERADOR,INZUNZA MONTOYA NOEL,PRODUCTOS PARA EL CUIDADO DE LA SALUD,2026-09-28,SI,,,,NO,COMPROBADA / UTILIZADA
M-2026-012475,UTILIZADO,MARLENE MIRANDA,OPERADOR,INZUNZA MONTOYA NOEL,PRODUCTOS PARA EL CUIDADO DE LA SALUD,2026-09-28,SI,,,,NO,COMPROBADA / UTILIZADA
M-2026-012476,UTILIZADO,MARLENE MIRANDA,OPERADOR,INZUNZA MONTOYA NOEL,WESTMED DE MEXICO,2026-09-28,SI,PRO-20261002-WESTMED-DE-MEXICO-124256,FACTURADA,FLB13189,SI,COMPROBADA / UTILIZADA
M-2026-012477,UTILIZADO,MARLENE MIRANDA,OPERADOR,INZUNZA MONTOYA NOEL,AMPHENOL OPTIMIZE MEXICO,2026-09-28,SI,,,,NO,COMPROBADA / UTILIZADA
M-2026-012478,UTILIZADO,MARLENE MIRANDA,OPERADOR,INZUNZA MONTOYA NOEL,WESTMED DE MEXICO,2026-09-29,SI,PRO-20261002-WESTMED-DE-MEXICO-111711,FACTURADA,FLB13150,SI,COMPROBADA / UTILIZADA
M-2026-012479,UTILIZADO,MARLENE MIRANDA,OPERADOR,INZUNZA MONTOYA NOEL,WESTMED DE MEXICO,2026-09-29,SI,PRO-20261002-WESTMED-DE-MEXICO-120711,FACTURADA,FLB 13163,SI,COMPROBADA / UTILIZADA
M-2026-012480,UTILIZADO,MARLENE MIRANDA,OPERADOR,HERNANDEZ ARIAS HUGO,WESTMED DE MEXICO,2026-09-28,SI,PRO-20261002-WESTMED-DE-MEXICO-124256,FACTURADA,FLB13190,SI,COMPROBADA / UTILIZADA
M-2026-012481,UTILIZADO,MARLENE MIRANDA,OPERADOR,HERNANDEZ ARIAS HUGO,WESTMED DE MEXICO,2026-09-28,SI,PRO-20261002-WESTMED-DE-MEXICO-124256,FACTURADA,FLB13191,SI,COMPROBADA / UTILIZADA
M-2026-012482,UTILIZADO,MARLENE MIRANDA,OPERADOR,HERNANDEZ ARIAS HUGO,BECTON SUR,2026-09-29,SI,,,,NO,COMPROBADA / UTILIZADA
M-2026-012483,UTILIZADO,MARLENE MIRANDA,OPERADOR,HERNANDEZ ARIAS HUGO,BECTON SUR,2026-09-29,SI,,,,NO,COMPROBADA / UTILIZADA
M-2026-012484,UTILIZADO,MARLENE MIRANDA,OPERADOR,HERNANDEZ ARIAS HUGO,WEISER LOCK MEXICO,2026-09-30,SI,,,,NO,COMPROBADA / UTILIZADA
M-2026-012485,UTILIZADO,MARLENE MIRANDA,OPERADOR,HERNANDEZ ARIAS HUGO,WEISER LOCK MEXICO,2026-09-30,NO,,,,NO,COMPROBADA / UTILIZADA
M-2026-012486,UTILIZADO,MARLENE MIRANDA,OPERADOR,HERNANDEZ ARIAS HUGO,WEISER LOCK MEXICO,2026-09-30,SI,,,,NO,COMPROBADA / UTILIZADA
M-2026-012487,UTILIZADO,MARLENE MIRANDA,OPERADOR,HERNANDEZ ARIAS HUGO,BECTON SUR,2026-10-01,SI,,,,NO,COMPROBADA / UTILIZADA
M-2026-012488,UTILIZADO,MARLENE MIRANDA,OPERADOR,HERNANDEZ ARIAS HUGO,BECTON SUR,2026-10-01,SI,,,,NO,COMPROBADA / UTILIZADA
M-2026-012489,UTILIZADO,MARLENE MIRANDA,OPERADOR,HERNANDEZ ARIAS HUGO,WESTMED DE MEXICO,2026-10-01,SI,,,,NO,COMPROBADA / UTILIZADA
M-2026-012490,UTILIZADO,MARLENE MIRANDA,OPERADOR,INZUNZA MONTOYA NOEL,WESTMED DE MEXICO,2026-09-29,SI,PRO-20261002-WESTMED-DE-MEXICO-120304,FACTURADA,FLB 13157,SI,COMPROBADA / UTILIZADA
M-2026-012491,UTILIZADO,MARLENE MIRANDA,OPERADOR,INZUNZA MONTOYA NOEL,BADGER METER DE MEXICO,2026-10-01,SI,PRO-20261003-BADGER-METER-DE-MEXICO-125619,FACTURADA,FLB13210,SI,COMPROBADA / UTILIZADA
M-2026-012492,UTILIZADO,MARLENE MIRANDA,OPERADOR,INZUNZA MONTOYA NOEL,BADGER METER DE MEXICO,2026-10-01,SI,,,,NO,COMPROBADA / UTILIZADA
M-2026-012493,UTILIZADO,MARLENE MIRANDA,OPERADOR,INZUNZA MONTOYA NOEL,MTD CONSUMER PRODUCTS MEXICO,2026-10-02,SI,,,,NO,COMPROBADA / UTILIZADA
M-2026-012494,UTILIZADO,MARLENE MIRANDA,OPERADOR,INZUNZA MONTOYA NOEL,AMPHENOL OPTIMIZE MEXICO,2026-09-26,SI,,,,NO,COMPROBADA / UTILIZADA
M-2026-012495,UTILIZADO,MARLENE MIRANDA,OPERADOR,INZUNZA MONTOYA NOEL,AMPHENOL OPTIMIZE MEXICO,2026-09-26,SI,,,,NO,COMPROBADA / UTILIZADA
M-2026-012496,UTILIZADO,MARLENE MIRANDA,OPERADOR,QUIÑONES ARENAS JESUS ALEJANDRO,AMPHENOL OPTIMIZE MEXICO,2026-09-25,SI,,,,NO,COMPROBADA / UTILIZADA
M-2026-012497,UTILIZADO,MARLENE MIRANDA,OPERADOR,QUIÑONES ARENAS JESUS ALEJANDRO,AMPHENOL OPTIMIZE MEXICO,2026-09-25,SI,,,,NO,COMPROBADA / UTILIZADA
M-2026-012498,UTILIZADO,MARLENE MIRANDA,OPERADOR,QUIÑONES ARENAS JESUS ALEJANDRO,AMPHENOL ALDEN PRODUCTS MEXICO,2026-09-25,SI,PRO-20261002-AMPHENOL-ALDEN-PRODUCTS-MEXICO-105728,FACTURADA,FLB 13149,SI,COMPROBADA / UTILIZADA
M-2026-012499,UTILIZADO,MARLENE MIRANDA,OPERADOR,QUIÑONES ARENAS JESUS ALEJANDRO,AMPHENOL ALDEN PRODUCTS MEXICO,2026-09-25,SI,PRO-20261002-AMPHENOL-ALDEN-PRODUCTS-MEXICO-105728,FACTURADA,FLB 13149,SI,COMPROBADA / UTILIZADA
M-2026-012500,UTILIZADO,MARLENE MIRANDA,OPERADOR,QUIÑONES ARENAS JESUS ALEJANDRO,AMPHENOL AHPSD,2026-09-25,SI,PRO-20261001-AMPHENOL-AHPSD-135612,FACTURADA,FLB13140,SI,COMPROBADA / UTILIZADA
M-2026-012501,UTILIZADO,MARLENE MIRANDA,OPERADOR,QUIÑONES ARENAS JESUS ALEJANDRO,AMPHENOL OPTIMIZE MEXICO,2026-09-26,SI,,,,NO,COMPROBADA / UTILIZADA
M-2026-012502,UTILIZADO,MARLENE MIRANDA,OPERADOR,QUIÑONES ARENAS JESUS ALEJANDRO,INTEGRATED CABLE ASSEMBLY HOLDINGS,2026-09-29,SI,,,,NO,COMPROBADA / UTILIZADA
M-2026-012503,UTILIZADO,MARLENE MIRANDA,OPERADOR,QUIÑONES ARENAS JESUS ALEJANDRO,INTEGRATED CABLE ASSEMBLY HOLDINGS,2026-09-29,SI,,,,NO,COMPROBADA / UTILIZADA
M-2026-012504,UTILIZADO,MARLENE MIRANDA,OPERADOR,QUIÑONES ARENAS JESUS ALEJANDRO,HUMANSCALE,2026-09-28,SI,,,,NO,COMPROBADA / UTILIZADA
M-2026-012505,UTILIZADO,MARLENE MIRANDA,OPERADOR,QUIÑONES ARENAS JESUS ALEJANDRO,HUMANSCALE,2026-09-28,SI,,,,NO,COMPROBADA / UTILIZADA
M-2026-012506,ASIGNADO_OPERADOR,MARLENE MIRANDA,OPERADOR,ROMERO GALINDO FRANCISCO RAMON,,,NO,,,,NO,CON ROMERO GALINDO FRANCISCO RAMON
M-2026-012507,ASIGNADO_OPERADOR,MARLENE MIRANDA,OPERADOR,ROMERO GALINDO FRANCISCO RAMON,,,NO,,,,NO,CON ROMERO GALINDO FRANCISCO RAMON
M-2026-012508,ASIGNADO_OPERADOR,MARLENE MIRANDA,OPERADOR,ROMERO GALINDO FRANCISCO RAMON,,,NO,,,,NO,CON ROMERO GALINDO FRANCISCO RAMON
M-2026-012509,ASIGNADO_OPERADOR,MARLENE MIRANDA,OPERADOR,ROMERO GALINDO FRANCISCO RAMON,,,NO,,,,NO,CON ROMERO GALINDO FRANCISCO RAMON
M-2026-012510,ASIGNADO_OPERADOR,MARLENE MIRANDA,OPERADOR,ROMERO GALINDO FRANCISCO RAMON,,,NO,,,,NO,CON ROMERO GALINDO FRANCISCO RAMON
M-2026-012511,ASIGNADO_OPERADOR,MARLENE MIRANDA,OPERADOR,ROMERO GALINDO FRANCISCO RAMON,,,NO,,,,NO,CON ROMERO GALINDO FRANCISCO RAMON
M-2026-012512,ASIGNADO_OPERADOR,MARLENE MIRANDA,OPERADOR,ROMERO GALINDO FRANCISCO RAMON,,,NO,,,,NO,CON ROMERO GALINDO FRANCISCO RAMON
M-2026-012513,ASIGNADO_OPERADOR,MARLENE MIRANDA,OPERADOR,ROMERO GALINDO FRANCISCO RAMON,,,NO,,,,NO,CON ROMERO GALINDO FRANCISCO RAMON
M-2026-012514,ASIGNADO_OPERADOR,MARLENE MIRANDA,OPERADOR,ROMERO GALINDO FRANCISCO RAMON,,,NO,,,,NO,CON ROMERO GALINDO FRANCISCO RAMON
M-2026-012515,ASIGNADO_OPERADOR,MARLENE MIRANDA,OPERADOR,ROMERO GALINDO FRANCISCO RAMON,,,NO,,,,NO,CON ROMERO GALINDO FRANCISCO RAMON
M-2026-012516,CANCELADO,MARLENE MIRANDA,OPERADOR,ORNELAS MANJARREZ JESUS EMILIO,,2026-10-03,NO,,,,NO,CANCELADA
M-2026-012517,UTILIZADO,MARLENE MIRANDA,OPERADOR,ORNELAS MANJARREZ JESUS EMILIO,AMPHENOL ONANON,2026-10-02,SI,,,,NO,COMPROBADA / UTILIZADA
M-2026-012518,CANCELADO,MARLENE MIRANDA,OPERADOR,ORNELAS MANJARREZ JESUS EMILIO,,2026-09-29,NO,,,,NO,CANCELADA
M-2026-012519,UTILIZADO,MARLENE MIRANDA,OPERADOR,ORNELAS MANJARREZ JESUS EMILIO,DORMAKABA,2026-09-26,SI,PRO-20261001-DORMAKABA-144753,FACTURADA,FLB 13143,SI,COMPROBADA / UTILIZADA
M-2026-012520,UTILIZADO,MARLENE MIRANDA,OPERADOR,ORTIZ GARCIA CANDELARIO,AMPHENOL AHPSD,2026-09-26,SI,,,,NO,COMPROBADA / UTILIZADA
M-2026-012521,UTILIZADO,MARLENE MIRANDA,OPERADOR,ORTIZ GARCIA CANDELARIO,AMPHENOL AHPSD,2026-09-28,SI,,,,NO,COMPROBADA / UTILIZADA
M-2026-012522,UTILIZADO,MARLENE MIRANDA,OPERADOR,ORTIZ GARCIA CANDELARIO,AMPHENOL OPTIMIZE MEXICO,2026-09-28,SI,,,,NO,COMPROBADA / UTILIZADA
M-2026-012523,UTILIZADO,MARLENE MIRANDA,OPERADOR,ORTIZ GARCIA CANDELARIO,AMPHENOL OPTIMIZE MEXICO,2026-09-28,SI,,,,NO,COMPROBADA / UTILIZADA
M-2026-012524,UTILIZADO,MARLENE MIRANDA,OPERADOR,ORTIZ GARCIA CANDELARIO,PRODUCTOS PARA EL CUIDADO DE LA SALUD,2026-09-28,SI,,,,NO,COMPROBADA / UTILIZADA
M-2026-012525,UTILIZADO,MARLENE MIRANDA,OPERADOR,ORTIZ GARCIA CANDELARIO,ASSA ABLOY MEXICALI,2026-09-28,SI,,,,NO,COMPROBADA / UTILIZADA
M-2026-012526,UTILIZADO,MARLENE MIRANDA,OPERADOR,ORTIZ GARCIA CANDELARIO,ASSA ABLOY MEXICALI,2026-09-28,SI,,,,NO,COMPROBADA / UTILIZADA
M-2026-012527,ASIGNADO_OPERADOR,MARLENE MIRANDA,OPERADOR,ORTIZ GARCIA CANDELARIO,,,NO,,,,NO,CON ORTIZ GARCIA CANDELARIO
M-2026-012528,UTILIZADO,MARLENE MIRANDA,OPERADOR,ORTIZ GARCIA CANDELARIO,AVENT,2026-09-29,SI,,,,NO,COMPROBADA / UTILIZADA
M-2026-012529,UTILIZADO,MARLENE MIRANDA,OPERADOR,ORTIZ GARCIA CANDELARIO,AVENT,2026-09-29,SI,,,,NO,COMPROBADA / UTILIZADA
M-2026-012530,UTILIZADO,MARLENE MIRANDA,OPERADOR,VALENZUELA VERDUZCO RICARDO,ITT ICS,2026-10-02,SI,,,,NO,COMPROBADA / UTILIZADA
M-2026-012531,UTILIZADO,MARLENE MIRANDA,OPERADOR,VALENZUELA VERDUZCO RICARDO,ITT ICS,2026-10-02,SI,,,,NO,COMPROBADA / UTILIZADA
M-2026-012532,UTILIZADO,MARLENE MIRANDA,OPERADOR,VALENZUELA VERDUZCO RICARDO,ITT ICS,2026-10-02,SI,,,,NO,COMPROBADA / UTILIZADA
M-2026-012533,UTILIZADO,MARLENE MIRANDA,OPERADOR,VALENZUELA VERDUZCO RICARDO,ITT ICS,2026-10-02,SI,,,,NO,COMPROBADA / UTILIZADA
M-2026-012534,UTILIZADO,MARLENE MIRANDA,OPERADOR,VALENZUELA VERDUZCO RICARDO,ITT ICS,2026-10-03,SI,,,,NO,COMPROBADA / UTILIZADA
M-2026-012535,UTILIZADO,MARLENE MIRANDA,OPERADOR,VALENZUELA VERDUZCO RICARDO,AMPHENOL SAA,2026-09-30,SI,,,,NO,COMPROBADA / UTILIZADA
M-2026-012536,UTILIZADO,MARLENE MIRANDA,OPERADOR,VALENZUELA VERDUZCO RICARDO,AMPHENOL SAA,2026-09-29,SI,,,,NO,COMPROBADA / UTILIZADA
M-2026-012537,UTILIZADO,MARLENE MIRANDA,OPERADOR,VALENZUELA VERDUZCO RICARDO,AMPHENOL OPTIMIZE MEXICO,2026-09-28,SI,,,,NO,COMPROBADA / UTILIZADA
M-2026-012538,UTILIZADO,MARLENE MIRANDA,OPERADOR,VALENZUELA VERDUZCO RICARDO,DORMAKABA,2026-09-28,SI,,,,NO,COMPROBADA / UTILIZADA
M-2026-012539,UTILIZADO,MARLENE MIRANDA,OPERADOR,VALENZUELA VERDUZCO RICARDO,DORMAKABA,2026-09-28,SI,,,,NO,COMPROBADA / UTILIZADA
M-2026-012540,UTILIZADO,MARLENE MIRANDA,OPERADOR,VIZCARRA AMEZCUA BLADIMID,WEISER LOCK MEXICO,2026-09-28,SI,,,,NO,COMPROBADA / UTILIZADA
M-2026-012541,UTILIZADO,MARLENE MIRANDA,OPERADOR,VIZCARRA AMEZCUA BLADIMID,WEISER LOCK MEXICO,2026-09-28,SI,,,,NO,COMPROBADA / UTILIZADA
M-2026-012542,UTILIZADO,MARLENE MIRANDA,OPERADOR,VIZCARRA AMEZCUA BLADIMID,INTEGRATED CABLE ASSEMBLY HOLDINGS,2026-09-29,SI,,,,NO,COMPROBADA / UTILIZADA
M-2026-012543,UTILIZADO,MARLENE MIRANDA,OPERADOR,VIZCARRA AMEZCUA BLADIMID,ASSA ABLOY MEXICALI,2026-09-29,SI,,,,NO,COMPROBADA / UTILIZADA
M-2026-012544,UTILIZADO,MARLENE MIRANDA,OPERADOR,VIZCARRA AMEZCUA BLADIMID,AVENT,2026-09-30,SI,,,,NO,COMPROBADA / UTILIZADA
M-2026-012545,ASIGNADO_OPERADOR,MARLENE MIRANDA,OPERADOR,VIZCARRA AMEZCUA BLADIMID,,,NO,,,,NO,CON VIZCARRA AMEZCUA BLADIMID
M-2026-012546,ASIGNADO_OPERADOR,MARLENE MIRANDA,OPERADOR,VIZCARRA AMEZCUA BLADIMID,,,NO,,,,NO,CON VIZCARRA AMEZCUA BLADIMID
M-2026-012547,ASIGNADO_OPERADOR,MARLENE MIRANDA,OPERADOR,VIZCARRA AMEZCUA BLADIMID,,,NO,,,,NO,CON VIZCARRA AMEZCUA BLADIMID
M-2026-012548,ASIGNADO_OPERADOR,MARLENE MIRANDA,OPERADOR,VIZCARRA AMEZCUA BLADIMID,,,NO,,,,NO,CON VIZCARRA AMEZCUA BLADIMID
M-2026-012549,ASIGNADO_OPERADOR,MARLENE MIRANDA,OPERADOR,VIZCARRA AMEZCUA BLADIMID,,,NO,,,,NO,CON VIZCARRA AMEZCUA BLADIMID
M-2026-012550,ASIGNADO_OPERADOR,MARLENE MIRANDA,OPERADOR,MOLINA CORONADO IVAN,,,NO,,,,NO,CON MOLINA CORONADO IVAN
M-2026-012551,UTILIZADO,MARLENE MIRANDA,OPERADOR,PEREZ CHAVEZ CARLOS GERALDO,AMPHENOL OPTIMIZE MEXICO,2026-09-28,SI,,,,NO,COMPROBADA / UTILIZADA
M-2026-012552,UTILIZADO,MARLENE MIRANDA,OPERADOR,PEREZ CHAVEZ CARLOS GERALDO,AMPHENOL OPTIMIZE MEXICO,2026-09-28,SI,,,,NO,COMPROBADA / UTILIZADA
M-2026-012553,UTILIZADO,MARLENE MIRANDA,OPERADOR,PEREZ CHAVEZ CARLOS GERALDO,AMPHENOL OPTIMIZE MEXICO,2026-09-28,SI,,,,NO,COMPROBADA / UTILIZADA
M-2026-012554,UTILIZADO,MARLENE MIRANDA,OPERADOR,PEREZ CHAVEZ CARLOS GERALDO,AMPHENOL OPTIMIZE MEXICO,2026-09-29,SI,,,,NO,COMPROBADA / UTILIZADA
M-2026-012555,UTILIZADO,MARLENE MIRANDA,OPERADOR,PEREZ CHAVEZ CARLOS GERALDO,WESTMED DE MEXICO,2026-09-29,NO,PRO-20261002-WESTMED-DE-MEXICO-120917,FACTURADA,FLB 13164,SI,COMPROBADA / UTILIZADA
M-2026-012556,UTILIZADO,MARLENE MIRANDA,OPERADOR,PEREZ CHAVEZ CARLOS GERALDO,AMPHENOL ALDEN PRODUCTS MEXICO,2026-09-30,SI,,,,NO,COMPROBADA / UTILIZADA
M-2026-012557,UTILIZADO,MARLENE MIRANDA,OPERADOR,PEREZ CHAVEZ CARLOS GERALDO,AMPHENOL ALDEN PRODUCTS MEXICO,2026-09-30,SI,,,,NO,COMPROBADA / UTILIZADA
M-2026-012558,UTILIZADO,MARLENE MIRANDA,OPERADOR,PEREZ CHAVEZ CARLOS GERALDO,HUMANSCALE,2026-10-01,SI,,,,NO,COMPROBADA / UTILIZADA
M-2026-012559,UTILIZADO,MARLENE MIRANDA,OPERADOR,PEREZ CHAVEZ CARLOS GERALDO,INTEGRATED CABLE ASSEMBLY HOLDINGS,2026-10-01,SI,,,,NO,COMPROBADA / UTILIZADA
M-2026-012560,UTILIZADO,MARLENE MIRANDA,OPERADOR,PEREZ CHAVEZ CARLOS GERALDO,PRODUCTOS PARA EL CUIDADO DE LA SALUD,2026-10-02,SI,,,,NO,COMPROBADA / UTILIZADA
M-2026-012561,UTILIZADO,MARLENE MIRANDA,OPERADOR,MEDINA ARMENDARIZ LUIS ENRIQUE,DORMAKABA,2026-09-29,SI,,,,NO,COMPROBADA / UTILIZADA
M-2026-012562,UTILIZADO,MARLENE MIRANDA,OPERADOR,MEDINA ARMENDARIZ LUIS ENRIQUE,DORMAKABA,2026-09-29,SI,,,,NO,COMPROBADA / UTILIZADA
M-2026-012563,UTILIZADO,MARLENE MIRANDA,OPERADOR,MEDINA ARMENDARIZ LUIS ENRIQUE,DORMAKABA,2026-09-29,SI,,,,NO,COMPROBADA / UTILIZADA
M-2026-012564,UTILIZADO,MARLENE MIRANDA,OPERADOR,MEDINA ARMENDARIZ LUIS ENRIQUE,DORMAKABA,2026-09-29,SI,,,,NO,COMPROBADA / UTILIZADA
M-2026-012565,UTILIZADO,MARLENE MIRANDA,OPERADOR,MEDINA ARMENDARIZ LUIS ENRIQUE,DORMAKABA,2026-09-29,SI,,,,NO,COMPROBADA / UTILIZADA
M-2026-012566,UTILIZADO,MARLENE MIRANDA,OPERADOR,MEDINA ARMENDARIZ LUIS ENRIQUE,DORMAKABA,2026-09-29,SI,,,,NO,COMPROBADA / UTILIZADA
M-2026-012567,UTILIZADO,MARLENE MIRANDA,OPERADOR,MEDINA ARMENDARIZ LUIS ENRIQUE,DORMAKABA,2026-09-29,SI,,,,NO,COMPROBADA / UTILIZADA
M-2026-012568,UTILIZADO,MARLENE MIRANDA,OPERADOR,MEDINA ARMENDARIZ LUIS ENRIQUE,AMPHENOL OPTIMIZE MEXICO,2026-09-30,SI,,,,NO,COMPROBADA / UTILIZADA
M-2026-012569,UTILIZADO,MARLENE MIRANDA,OPERADOR,MEDINA ARMENDARIZ LUIS ENRIQUE,WESTMED DE MEXICO,2026-10-01,SI,,,,NO,COMPROBADA / UTILIZADA
M-2026-012570,ASIGNADO_OPERADOR,MARLENE MIRANDA,OPERADOR,MEDINA ARMENDARIZ LUIS ENRIQUE,,,NO,,,,NO,CON MEDINA ARMENDARIZ LUIS ENRIQUE
M-2026-012571,UTILIZADO,MARLENE MIRANDA,OPERADOR,LEAL IBAL JOSE LUIS,PRODUCTOS PARA EL CUIDADO DE LA SALUD,2026-09-28,SI,,,,NO,COMPROBADA / UTILIZADA
M-2026-012572,UTILIZADO,MARLENE MIRANDA,OPERADOR,LEAL IBAL JOSE LUIS,MTD CONSUMER PRODUCTS MEXICO,2026-09-28,SI,,,,NO,COMPROBADA / UTILIZADA
M-2026-012573,UTILIZADO,MARLENE MIRANDA,OPERADOR,LEAL IBAL JOSE LUIS,EDWARDS VACCUM,2026-09-29,SI,,,,NO,COMPROBADA / UTILIZADA
M-2026-012574,UTILIZADO,MARLENE MIRANDA,OPERADOR,LEAL IBAL JOSE LUIS,EDWARDS VACCUM,2026-09-29,SI,,,,NO,COMPROBADA / UTILIZADA
M-2026-012575,UTILIZADO,MARLENE MIRANDA,OPERADOR,LEAL IBAL JOSE LUIS,DORMAKABA,2026-09-30,SI,,,,NO,COMPROBADA / UTILIZADA
M-2026-012576,UTILIZADO,MARLENE MIRANDA,OPERADOR,LEAL IBAL JOSE LUIS,DORMAKABA,2026-09-30,SI,,,,NO,COMPROBADA / UTILIZADA
M-2026-012577,UTILIZADO,MARLENE MIRANDA,OPERADOR,LEAL IBAL JOSE LUIS,DORMAKABA,2026-09-30,SI,,,,NO,COMPROBADA / UTILIZADA
M-2026-012578,UTILIZADO,MARLENE MIRANDA,OPERADOR,LEAL IBAL JOSE LUIS,DORMAKABA,2026-09-30,SI,,,,NO,COMPROBADA / UTILIZADA
M-2026-012579,UTILIZADO,MARLENE MIRANDA,OPERADOR,LEAL IBAL JOSE LUIS,DORMAKABA,2026-09-30,SI,,,,NO,COMPROBADA / UTILIZADA
M-2026-012580,UTILIZADO,MARLENE MIRANDA,OPERADOR,LEAL IBAL JOSE LUIS,WESTMED DE MEXICO,2026-10-01,SI,,,,NO,COMPROBADA / UTILIZADA
M-2026-012581,ASIGNADO_OPERADOR,MARLENE MIRANDA,OPERADOR,DE LEON HERNANDEZ ABRAHAM,,,NO,,,,NO,CON DE LEON HERNANDEZ ABRAHAM
M-2026-012582,ASIGNADO_OPERADOR,MARLENE MIRANDA,OPERADOR,DE LEON HERNANDEZ ABRAHAM,,,NO,,,,NO,CON DE LEON HERNANDEZ ABRAHAM
M-2026-012583,ASIGNADO_OPERADOR,MARLENE MIRANDA,OPERADOR,DE LEON HERNANDEZ ABRAHAM,,,NO,,,,NO,CON DE LEON HERNANDEZ ABRAHAM
M-2026-012584,ASIGNADO_OPERADOR,MARLENE MIRANDA,OPERADOR,DE LEON HERNANDEZ ABRAHAM,,,NO,,,,NO,CON DE LEON HERNANDEZ ABRAHAM
M-2026-012585,ASIGNADO_OPERADOR,MARLENE MIRANDA,OPERADOR,DE LEON HERNANDEZ ABRAHAM,,,NO,,,,NO,CON DE LEON HERNANDEZ ABRAHAM
M-2026-012586,ASIGNADO_OPERADOR,MARLENE MIRANDA,OPERADOR,DE LEON HERNANDEZ ABRAHAM,,,NO,,,,NO,CON DE LEON HERNANDEZ ABRAHAM
M-2026-012587,ASIGNADO_OPERADOR,MARLENE MIRANDA,OPERADOR,DE LEON HERNANDEZ ABRAHAM,,,NO,,,,NO,CON DE LEON HERNANDEZ ABRAHAM
M-2026-012588,ASIGNADO_OPERADOR,MARLENE MIRANDA,OPERADOR,DE LEON HERNANDEZ ABRAHAM,,,NO,,,,NO,CON DE LEON HERNANDEZ ABRAHAM
M-2026-012589,ASIGNADO_OPERADOR,MARLENE MIRANDA,OPERADOR,DE LEON HERNANDEZ ABRAHAM,,,NO,,,,NO,CON DE LEON HERNANDEZ ABRAHAM
M-2026-012590,ASIGNADO_OPERADOR,MARLENE MIRANDA,OPERADOR,DE LEON HERNANDEZ ABRAHAM,,,NO,,,,NO,CON DE LEON HERNANDEZ ABRAHAM
M-2026-012591,UTILIZADO,MARLENE MIRANDA,OPERADOR,MARQUEZ ROMERO OMAR HORACIO,BECTON SUR,2026-09-29,SI,,,,NO,COMPROBADA / UTILIZADA
M-2026-012592,UTILIZADO,MARLENE MIRANDA,OPERADOR,MARQUEZ ROMERO OMAR HORACIO,BECTON DICKINSON INFUSION THERAPY SYSTEMS INC,2026-09-28,SI,,,,NO,COMPROBADA / UTILIZADA
M-2026-012593,UTILIZADO,MARLENE MIRANDA,OPERADOR,MARQUEZ ROMERO OMAR HORACIO,WEISER LOCK MEXICO,2026-09-29,SI,,,,NO,COMPROBADA / UTILIZADA
M-2026-012594,UTILIZADO,MARLENE MIRANDA,OPERADOR,MARQUEZ ROMERO OMAR HORACIO,WEISER LOCK MEXICO,2026-09-29,SI,,,,NO,COMPROBADA / UTILIZADA
M-2026-012595,UTILIZADO,MARLENE MIRANDA,OPERADOR,MARQUEZ ROMERO OMAR HORACIO,PRODUCTOS PARA EL CUIDADO DE LA SALUD,2026-09-30,SI,,,,NO,COMPROBADA / UTILIZADA
M-2026-012596,UTILIZADO,MARLENE MIRANDA,OPERADOR,MARQUEZ ROMERO OMAR HORACIO,PRODUCTOS PARA EL CUIDADO DE LA SALUD,2026-09-30,SI,,,,NO,COMPROBADA / UTILIZADA
M-2026-012597,UTILIZADO,MARLENE MIRANDA,OPERADOR,MARQUEZ ROMERO OMAR HORACIO,NORTH AMERICAN INTERCONNECT,2026-09-30,SI,,,,NO,COMPROBADA / UTILIZADA
M-2026-012598,UTILIZADO,MARLENE MIRANDA,OPERADOR,MARQUEZ ROMERO OMAR HORACIO,BECTON SUR,2026-10-01,SI,,,,NO,COMPROBADA / UTILIZADA
M-2026-012599,ASIGNADO_OPERADOR,MARLENE MIRANDA,OPERADOR,MARQUEZ ROMERO OMAR HORACIO,,,NO,,,,NO,CON MARQUEZ ROMERO OMAR HORACIO
M-2026-012600,ASIGNADO_OPERADOR,MARLENE MIRANDA,OPERADOR,MARQUEZ ROMERO OMAR HORACIO,,,NO,,,,NO,CON MARQUEZ ROMERO OMAR HORACIO
M-2026-012601,UTILIZADO,MARLENE MIRANDA,OPERADOR,GAXIOLA WAR JOEL ALFREDO,WEISER LOCK MEXICO,2026-09-28,SI,,,,NO,COMPROBADA / UTILIZADA
M-2026-012602,UTILIZADO,MARLENE MIRANDA,OPERADOR,GAXIOLA WAR JOEL ALFREDO,WEISER LOCK MEXICO,2026-09-28,SI,,,,NO,COMPROBADA / UTILIZADA
M-2026-012603,UTILIZADO,MARLENE MIRANDA,OPERADOR,GAXIOLA WAR JOEL ALFREDO,WESTMED DE MEXICO,2026-09-29,SI,PRO-20261002-WESTMED-DE-MEXICO-121145,FACTURADA,FLB 13165,SI,COMPROBADA / UTILIZADA
M-2026-012604,UTILIZADO,MARLENE MIRANDA,OPERADOR,GAXIOLA WAR JOEL ALFREDO,AMPHENOL OPTIMIZE MEXICO,2026-09-29,SI,,,,NO,COMPROBADA / UTILIZADA
M-2026-012605,UTILIZADO,MARLENE MIRANDA,OPERADOR,GAXIOLA WAR JOEL ALFREDO,WESTMED DE MEXICO,2026-09-29,SI,PRO-20261002-WESTMED-DE-MEXICO-121526,FACTURADA,FLB 13166,SI,COMPROBADA / UTILIZADA
M-2026-012606,UTILIZADO,MARLENE MIRANDA,OPERADOR,PEREZ REYES JOSE GERARDO,ITT ICS,2026-09-28,SI,,,,NO,COMPROBADA / UTILIZADA
M-2026-012607,UTILIZADO,MARLENE MIRANDA,OPERADOR,PEREZ REYES JOSE GERARDO,ITT ICS,2026-09-29,SI,,,,NO,COMPROBADA / UTILIZADA
M-2026-012608,UTILIZADO,MARLENE MIRANDA,OPERADOR,PEREZ REYES JOSE GERARDO,ITT ICS,2026-09-28,SI,,,,NO,COMPROBADA / UTILIZADA
M-2026-012609,UTILIZADO,MARLENE MIRANDA,OPERADOR,PEREZ REYES JOSE GERARDO,INTEGRATED CABLE ASSEMBLY HOLDINGS,2026-09-29,SI,,,,NO,COMPROBADA / UTILIZADA
M-2026-012610,UTILIZADO,MARLENE MIRANDA,OPERADOR,PEREZ REYES JOSE GERARDO,EDWARDS VACCUM,2026-09-29,SI,,,,NO,COMPROBADA / UTILIZADA
M-2026-012611,UTILIZADO,MARLENE MIRANDA,OPERADOR,PEREZ REYES JOSE GERARDO,EDWARDS VACCUM,2026-09-29,SI,,,,NO,COMPROBADA / UTILIZADA
M-2026-012612,UTILIZADO,MARLENE MIRANDA,OPERADOR,PEREZ REYES JOSE GERARDO,AVENT,2026-09-30,SI,,,,NO,COMPROBADA / UTILIZADA
M-2026-012613,UTILIZADO,MARLENE MIRANDA,OPERADOR,PEREZ REYES JOSE GERARDO,BECTON DICKINSON INFUSION THERAPY SYSTEMS INC,2026-09-30,SI,,,,NO,COMPROBADA / UTILIZADA
M-2026-012614,UTILIZADO,MARLENE MIRANDA,OPERADOR,PEREZ REYES JOSE GERARDO,AVENT,2026-09-30,SI,,,,NO,COMPROBADA / UTILIZADA
M-2026-012615,UTILIZADO,MARLENE MIRANDA,OPERADOR,PEREZ REYES JOSE GERARDO,BECTON SUR,2026-10-01,SI,,,,NO,COMPROBADA / UTILIZADA
M-2026-012616,UTILIZADO,MARLENE MIRANDA,OPERADOR,QUIÑONES ARENAS JESUS ALEJANDRO,INTEGRATED CABLE ASSEMBLY HOLDINGS,2026-09-28,SI,,,,NO,COMPROBADA / UTILIZADA
M-2026-012617,UTILIZADO,MARLENE MIRANDA,OPERADOR,QUIÑONES ARENAS JESUS ALEJANDRO,INTEGRATED CABLE ASSEMBLY HOLDINGS,2026-09-29,SI,,,,NO,COMPROBADA / UTILIZADA
M-2026-012618,UTILIZADO,MARLENE MIRANDA,OPERADOR,QUIÑONES ARENAS JESUS ALEJANDRO,INTEGRATED CABLE ASSEMBLY HOLDINGS,2026-09-29,SI,,,,NO,COMPROBADA / UTILIZADA
M-2026-012619,UTILIZADO,MARLENE MIRANDA,OPERADOR,QUIÑONES ARENAS JESUS ALEJANDRO,INTEGRATED CABLE ASSEMBLY HOLDINGS,2026-09-29,SI,,,,NO,COMPROBADA / UTILIZADA
M-2026-012620,UTILIZADO,MARLENE MIRANDA,OPERADOR,QUIÑONES ARENAS JESUS ALEJANDRO,INTEGRATED CABLE ASSEMBLY HOLDINGS,2026-09-29,SI,,,,NO,COMPROBADA / UTILIZADA
M-2026-012621,UTILIZADO,MARLENE MIRANDA,OPERADOR,QUIÑONES ARENAS JESUS ALEJANDRO,ALTEX,2026-09-29,SI,,,,NO,COMPROBADA / UTILIZADA
M-2026-012622,UTILIZADO,MARLENE MIRANDA,OPERADOR,ZEPEDA MORALES LUIS FERNANDO,AMPHENOL OPTIMIZE MEXICO,2026-09-28,SI,,,,NO,COMPROBADA / UTILIZADA
M-2026-012623,UTILIZADO,MARLENE MIRANDA,OPERADOR,ZEPEDA MORALES LUIS FERNANDO,AMPHENOL OPTIMIZE MEXICO,2026-09-29,SI,,,,NO,COMPROBADA / UTILIZADA
M-2026-012624,UTILIZADO,MARLENE MIRANDA,OPERADOR,ZEPEDA MORALES LUIS FERNANDO,AVENT,2026-09-29,SI,,,,NO,COMPROBADA / UTILIZADA
M-2026-012625,UTILIZADO,MARLENE MIRANDA,OPERADOR,ZEPEDA MORALES LUIS FERNANDO,INTEGRATED CABLE ASSEMBLY HOLDINGS,2026-09-30,SI,,,,NO,COMPROBADA / UTILIZADA
M-2026-012626,UTILIZADO,MARLENE MIRANDA,OPERADOR,ZEPEDA MORALES LUIS FERNANDO,INTEGRATED CABLE ASSEMBLY HOLDINGS,2026-09-30,SI,,,,NO,COMPROBADA / UTILIZADA
M-2026-012627,ASIGNADO_OPERADOR,MARLENE MIRANDA,OPERADOR,ZEPEDA MORALES LUIS FERNANDO,,,NO,,,,NO,CON ZEPEDA MORALES LUIS FERNANDO
M-2026-012628,ASIGNADO_OPERADOR,MARLENE MIRANDA,OPERADOR,ZEPEDA MORALES LUIS FERNANDO,,,NO,,,,NO,CON ZEPEDA MORALES LUIS FERNANDO
M-2026-012629,ASIGNADO_OPERADOR,MARLENE MIRANDA,OPERADOR,ZEPEDA MORALES LUIS FERNANDO,,,NO,,,,NO,CON ZEPEDA MORALES LUIS FERNANDO
M-2026-012630,ASIGNADO_OPERADOR,MARLENE MIRANDA,OPERADOR,ZEPEDA MORALES LUIS FERNANDO,,,NO,,,,NO,CON ZEPEDA MORALES LUIS FERNANDO
M-2026-012631,ASIGNADO_OPERADOR,MARLENE MIRANDA,OPERADOR,ZEPEDA MORALES LUIS FERNANDO,,,NO,,,,NO,CON ZEPEDA MORALES LUIS FERNANDO
M-2026-012632,UTILIZADO,MARLENE MIRANDA,OPERADOR,VALENZUELA LEON JUAN ANTONIO,AMPHENOL OPTIMIZE MEXICO,2026-09-29,SI,,,,NO,COMPROBADA / UTILIZADA
M-2026-012633,UTILIZADO,MARLENE MIRANDA,OPERADOR,VALENZUELA LEON JUAN ANTONIO,AMPHENOL OPTIMIZE MEXICO,2026-10-01,SI,,,,NO,COMPROBADA / UTILIZADA
M-2026-012634,ASIGNADO_OPERADOR,MARLENE MIRANDA,OPERADOR,VALENZUELA LEON JUAN ANTONIO,,,NO,,,,NO,CON VALENZUELA LEON JUAN ANTONIO
M-2026-012635,ASIGNADO_OPERADOR,MARLENE MIRANDA,OPERADOR,VALENZUELA LEON JUAN ANTONIO,,,NO,,,,NO,CON VALENZUELA LEON JUAN ANTONIO
M-2026-012636,ASIGNADO_OPERADOR,MARLENE MIRANDA,OPERADOR,VALENZUELA LEON JUAN ANTONIO,,,NO,,,,NO,CON VALENZUELA LEON JUAN ANTONIO
M-2026-012637,ASIGNADO_OPERADOR,MARLENE MIRANDA,OPERADOR,VALENZUELA LEON JUAN ANTONIO,,,NO,,,,NO,CON VALENZUELA LEON JUAN ANTONIO
M-2026-012638,ASIGNADO_OPERADOR,MARLENE MIRANDA,OPERADOR,VALENZUELA LEON JUAN ANTONIO,,,NO,,,,NO,CON VALENZUELA LEON JUAN ANTONIO
M-2026-012639,ASIGNADO_OPERADOR,MARLENE MIRANDA,OPERADOR,VALENZUELA LEON JUAN ANTONIO,,,NO,,,,NO,CON VALENZUELA LEON JUAN ANTONIO
M-2026-012640,ASIGNADO_OPERADOR,MARLENE MIRANDA,OPERADOR,VALENZUELA LEON JUAN ANTONIO,,,NO,,,,NO,CON VALENZUELA LEON JUAN ANTONIO
M-2026-012641,ASIGNADO_OPERADOR,MARLENE MIRANDA,OPERADOR,VALENZUELA LEON JUAN ANTONIO,,,NO,,,,NO,CON VALENZUELA LEON JUAN ANTONIO
M-2026-012642,UTILIZADO,MARLENE MIRANDA,OPERADOR,PADILLA ORTIZ RAUL FRANCISCO,AMPHENOL OPTIMIZE MEXICO,2026-09-28,SI,,,,NO,COMPROBADA / UTILIZADA
M-2026-012643,UTILIZADO,MARLENE MIRANDA,OPERADOR,PADILLA ORTIZ RAUL FRANCISCO,ITT ICS,2026-09-29,SI,,,,NO,COMPROBADA / UTILIZADA
M-2026-012644,UTILIZADO,MARLENE MIRANDA,OPERADOR,PADILLA ORTIZ RAUL FRANCISCO,ITT ICS,2026-09-29,SI,,,,NO,COMPROBADA / UTILIZADA
M-2026-012645,UTILIZADO,MARLENE MIRANDA,OPERADOR,PADILLA ORTIZ RAUL FRANCISCO,AMPHENOL OPTIMIZE MEXICO,2026-09-30,SI,,,,NO,COMPROBADA / UTILIZADA
M-2026-012646,UTILIZADO,MARLENE MIRANDA,OPERADOR,PADILLA ORTIZ RAUL FRANCISCO,AMPHENOL OPTIMIZE MEXICO,2026-09-30,SI,,,,NO,COMPROBADA / UTILIZADA
M-2026-012647,UTILIZADO,MARLENE MIRANDA,OPERADOR,PADILLA ORTIZ RAUL FRANCISCO,AVENT,2026-10-01,SI,,,,NO,COMPROBADA / UTILIZADA
M-2026-012648,UTILIZADO,MARLENE MIRANDA,OPERADOR,PADILLA ORTIZ RAUL FRANCISCO,DORMAKABA,2026-10-02,SI,,,,NO,COMPROBADA / UTILIZADA
M-2026-012649,ASIGNADO_OPERADOR,MARLENE MIRANDA,OPERADOR,PADILLA ORTIZ RAUL FRANCISCO,,,NO,,,,NO,CON PADILLA ORTIZ RAUL FRANCISCO
M-2026-012650,ASIGNADO_OPERADOR,MARLENE MIRANDA,OPERADOR,PADILLA ORTIZ RAUL FRANCISCO,,,NO,,,,NO,CON PADILLA ORTIZ RAUL FRANCISCO
M-2026-012651,ASIGNADO_OPERADOR,MARLENE MIRANDA,OPERADOR,PADILLA ORTIZ RAUL FRANCISCO,,,NO,,,,NO,CON PADILLA ORTIZ RAUL FRANCISCO
M-2026-012652,UTILIZADO,MARLENE MIRANDA,OPERADOR,SOTO CORRAL SERGIO,PRODUCTOS PARA EL CUIDADO DE LA SALUD,2026-09-28,SI,,,,NO,COMPROBADA / UTILIZADA
M-2026-012653,UTILIZADO,MARLENE MIRANDA,OPERADOR,SOTO CORRAL SERGIO,PRODUCTOS PARA EL CUIDADO DE LA SALUD,2026-09-28,SI,,,,NO,COMPROBADA / UTILIZADA
M-2026-012654,UTILIZADO,MARLENE MIRANDA,OPERADOR,SOTO CORRAL SERGIO,PRODUCTOS PARA EL CUIDADO DE LA SALUD,2026-09-28,SI,,,,NO,COMPROBADA / UTILIZADA
M-2026-012655,UTILIZADO,MARLENE MIRANDA,OPERADOR,SOTO CORRAL SERGIO,MTD CONSUMER PRODUCTS MEXICO,2026-09-30,SI,,,,NO,COMPROBADA / UTILIZADA
M-2026-012656,UTILIZADO,MARLENE MIRANDA,OPERADOR,SOTO CORRAL SERGIO,MTD CONSUMER PRODUCTS MEXICO,2026-09-30,NO,,,,NO,COMPROBADA / UTILIZADA
M-2026-012657,UTILIZADO,MARLENE MIRANDA,OPERADOR,SOTO CORRAL SERGIO,MTD CONSUMER PRODUCTS MEXICO,2026-10-01,SI,,,,NO,COMPROBADA / UTILIZADA
M-2026-012658,UTILIZADO,MARLENE MIRANDA,OPERADOR,SOTO CORRAL SERGIO,MTD CONSUMER PRODUCTS MEXICO,2026-10-01,SI,,,,NO,COMPROBADA / UTILIZADA
M-2026-012659,UTILIZADO,MARLENE MIRANDA,OPERADOR,SOTO CORRAL SERGIO,MTD CONSUMER PRODUCTS MEXICO,2026-10-01,SI,,,,NO,COMPROBADA / UTILIZADA
M-2026-012660,UTILIZADO,MARLENE MIRANDA,OPERADOR,SOTO CORRAL SERGIO,WESTMED DE MEXICO,2026-10-01,SI,,,,NO,COMPROBADA / UTILIZADA
M-2026-012661,UTILIZADO,MARLENE MIRANDA,OPERADOR,SOTO CORRAL SERGIO,AMPHENOL AHPS,2026-10-01,SI,,,,NO,COMPROBADA / UTILIZADA
M-2026-012662,UTILIZADO,MARLENE MIRANDA,OPERADOR,LOPEZ VALENCIA ALEJANDRO,PRODUCTOS PARA EL CUIDADO DE LA SALUD,2026-09-28,SI,,,,NO,COMPROBADA / UTILIZADA
M-2026-012663,UTILIZADO,MARLENE MIRANDA,OPERADOR,LOPEZ VALENCIA ALEJANDRO,DORMAKABA,2026-10-01,SI,,,,NO,COMPROBADA / UTILIZADA
M-2026-012664,ASIGNADO_OPERADOR,MARLENE MIRANDA,OPERADOR,LOPEZ VALENCIA ALEJANDRO,,,NO,,,,NO,CON LOPEZ VALENCIA ALEJANDRO
M-2026-012665,ASIGNADO_OPERADOR,MARLENE MIRANDA,OPERADOR,LOPEZ VALENCIA ALEJANDRO,,,NO,,,,NO,CON LOPEZ VALENCIA ALEJANDRO
M-2026-012666,ASIGNADO_OPERADOR,MARLENE MIRANDA,OPERADOR,LOPEZ VALENCIA ALEJANDRO,,,NO,,,,NO,CON LOPEZ VALENCIA ALEJANDRO
M-2026-012667,ASIGNADO_OPERADOR,MARLENE MIRANDA,OPERADOR,LOPEZ VALENCIA ALEJANDRO,,,NO,,,,NO,CON LOPEZ VALENCIA ALEJANDRO
M-2026-012668,ASIGNADO_OPERADOR,MARLENE MIRANDA,OPERADOR,LOPEZ VALENCIA ALEJANDRO,,,NO,,,,NO,CON LOPEZ VALENCIA ALEJANDRO
M-2026-012669,ASIGNADO_OPERADOR,MARLENE MIRANDA,OPERADOR,LOPEZ VALENCIA ALEJANDRO,,,NO,,,,NO,CON LOPEZ VALENCIA ALEJANDRO
M-2026-012670,ASIGNADO_OPERADOR,MARLENE MIRANDA,OPERADOR,LOPEZ VALENCIA ALEJANDRO,,,NO,,,,NO,CON LOPEZ VALENCIA ALEJANDRO
M-2026-012671,ASIGNADO_OPERADOR,MARLENE MIRANDA,OPERADOR,LOPEZ VALENCIA ALEJANDRO,,,NO,,,,NO,CON LOPEZ VALENCIA ALEJANDRO
M-2026-012672,UTILIZADO,MARLENE MIRANDA,OPERADOR,MENDEZ URIBE JOSE SACRAMENTO,DORMAKABA,2026-09-28,SI,,,,NO,COMPROBADA / UTILIZADA
M-2026-012673,UTILIZADO,MARLENE MIRANDA,OPERADOR,MENDEZ URIBE JOSE SACRAMENTO,DORMAKABA,2026-09-28,SI,,,,NO,COMPROBADA / UTILIZADA
M-2026-012674,UTILIZADO,MARLENE MIRANDA,OPERADOR,MENDEZ URIBE JOSE SACRAMENTO,DORMAKABA,2026-09-28,SI,,,,NO,COMPROBADA / UTILIZADA
M-2026-012675,UTILIZADO,MARLENE MIRANDA,OPERADOR,MENDEZ URIBE JOSE SACRAMENTO,DORMAKABA,2026-09-28,SI,,,,NO,COMPROBADA / UTILIZADA
M-2026-012676,UTILIZADO,MARLENE MIRANDA,OPERADOR,MENDEZ URIBE JOSE SACRAMENTO,DORMAKABA,2026-09-28,SI,,,,NO,COMPROBADA / UTILIZADA
M-2026-012677,UTILIZADO,MARLENE MIRANDA,OPERADOR,MENDEZ URIBE JOSE SACRAMENTO,DORMAKABA,2026-10-01,SI,,,,NO,COMPROBADA / UTILIZADA
M-2026-012678,UTILIZADO,MARLENE MIRANDA,OPERADOR,MENDEZ URIBE JOSE SACRAMENTO,DORMAKABA,2026-10-01,SI,,,,NO,COMPROBADA / UTILIZADA
M-2026-012679,UTILIZADO,MARLENE MIRANDA,OPERADOR,MENDEZ URIBE JOSE SACRAMENTO,DORMAKABA,2026-10-01,SI,,,,NO,COMPROBADA / UTILIZADA
M-2026-012680,ASIGNADO_OPERADOR,MARLENE MIRANDA,OPERADOR,MENDEZ URIBE JOSE SACRAMENTO,,,NO,,,,NO,CON MENDEZ URIBE JOSE SACRAMENTO
M-2026-012681,ASIGNADO_OPERADOR,MARLENE MIRANDA,OPERADOR,MENDEZ URIBE JOSE SACRAMENTO,,,NO,,,,NO,CON MENDEZ URIBE JOSE SACRAMENTO
M-2026-012682,UTILIZADO,MARLENE MIRANDA,OPERADOR,ORNELAS MANJARREZ JESUS EMILIO,AVENT,2026-09-28,SI,,,,NO,COMPROBADA / UTILIZADA
M-2026-012683,UTILIZADO,MARLENE MIRANDA,OPERADOR,ORNELAS MANJARREZ JESUS EMILIO,AVENT,2026-09-28,SI,,,,NO,COMPROBADA / UTILIZADA
M-2026-012684,UTILIZADO,MARLENE MIRANDA,OPERADOR,ORNELAS MANJARREZ JESUS EMILIO,AVENT,2026-09-28,SI,,,,NO,COMPROBADA / UTILIZADA
M-2026-012685,UTILIZADO,MARLENE MIRANDA,OPERADOR,ROMERO IRIQUI JACOBO,DORMAKABA,2026-09-28,SI,,,,NO,COMPROBADA / UTILIZADA
M-2026-012686,UTILIZADO,MARLENE MIRANDA,OPERADOR,ROMERO IRIQUI JACOBO,DORMAKABA,2026-09-28,SI,,,,NO,COMPROBADA / UTILIZADA
M-2026-012687,UTILIZADO,MARLENE MIRANDA,OPERADOR,ROMERO IRIQUI JACOBO,DORMAKABA,2026-09-28,SI,,,,NO,COMPROBADA / UTILIZADA
M-2026-012688,UTILIZADO,MARLENE MIRANDA,OPERADOR,ROMERO IRIQUI JACOBO,WESTMED DE MEXICO,2026-09-29,SI,PRO-20261002-WESTMED-DE-MEXICO-121739,FACTURADA,FLB 13167,SI,COMPROBADA / UTILIZADA
M-2026-012689,UTILIZADO,MARLENE MIRANDA,OPERADOR,ROMERO IRIQUI JACOBO,WEISER LOCK MEXICO,2026-09-30,SI,,,,NO,COMPROBADA / UTILIZADA
M-2026-012690,UTILIZADO,MARLENE MIRANDA,OPERADOR,ROMERO IRIQUI JACOBO,EDWARDS VACCUM,2026-09-30,SI,,,,NO,COMPROBADA / UTILIZADA
M-2026-012691,UTILIZADO,MARLENE MIRANDA,OPERADOR,ROMERO IRIQUI JACOBO,EDWARDS VACCUM,2026-09-30,SI,,,,NO,COMPROBADA / UTILIZADA
M-2026-012692,UTILIZADO,MARLENE MIRANDA,OPERADOR,ROMERO IRIQUI JACOBO,WESTMED DE MEXICO,2026-10-02,SI,,,,NO,COMPROBADA / UTILIZADA
M-2026-012693,UTILIZADO,MARLENE MIRANDA,OPERADOR,ROMERO IRIQUI JACOBO,WESTMED DE MEXICO,2026-10-02,SI,,,,NO,COMPROBADA / UTILIZADA
M-2026-012694,ASIGNADO_OPERADOR,MARLENE MIRANDA,OPERADOR,ROMERO IRIQUI JACOBO,,,NO,,,,NO,CON ROMERO IRIQUI JACOBO
M-2026-012695,EN_CUSTODIA,MARLENE MIRANDA,,,,,NO,,,,NO,CUSTODIA: MARLENE MIRANDA
M-2026-012696,UTILIZADO,MARLENE MIRANDA,BENEFICIARIO,MARIA,EDWARDS VACCUM,2026-09-24,SI,,,,NO,COMPROBADA / UTILIZADA
M-2026-012697,UTILIZADO,MARLENE MIRANDA,BENEFICIARIO,MARIA,EDWARDS VACCUM,2026-09-25,SI,,,,NO,COMPROBADA / UTILIZADA
M-2026-012698,UTILIZADO,MARLENE MIRANDA,BENEFICIARIO,MARIA,HUMANSCALE,2026-09-23,SI,PRO-20261001-HUMANSCALE-120536,FACTURADA,FLB 13136,SI,COMPROBADA / UTILIZADA
M-2026-012699,UTILIZADO,MARLENE MIRANDA,BENEFICIARIO,MARIA,HUMANSCALE,2026-09-25,SI,PRO-20261001-HUMANSCALE-120536,FACTURADA,FLB 13136,SI,COMPROBADA / UTILIZADA
M-2026-012700,UTILIZADO,MARLENE MIRANDA,BENEFICIARIO,MARIA,HUMANSCALE,2026-09-25,SI,PRO-20261001-HUMANSCALE-120536,FACTURADA,FLB 13136,SI,COMPROBADA / UTILIZADA
M-2026-012701,UTILIZADO,MARLENE MIRANDA,BENEFICIARIO,MARIA,HUMANSCALE,2026-09-28,SI,,,,NO,COMPROBADA / UTILIZADA
M-2026-012702,UTILIZADO,MARLENE MIRANDA,BENEFICIARIO,MARIA,EDWARDS VACCUM,2026-10-01,SI,,,,NO,COMPROBADA / UTILIZADA
M-2026-012703,UTILIZADO,MARLENE MIRANDA,BENEFICIARIO,MARIA,EDWARDS VACCUM,2026-10-01,SI,,,,NO,COMPROBADA / UTILIZADA
M-2026-012704,UTILIZADO,MARLENE MIRANDA,BENEFICIARIO,MARIA,EDWARDS VACCUM,2026-09-29,SI,,,,NO,COMPROBADA / UTILIZADA
M-2026-012705,UTILIZADO,MARLENE MIRANDA,BENEFICIARIO,MARIA,EDWARDS VACCUM,2026-09-30,SI,,,,NO,COMPROBADA / UTILIZADA
M-2026-012706,UTILIZADO,MARLENE MIRANDA,OPERADOR,HERRERA GONZALEZ FRANCISCO JAVIER,MTD CONSUMER PRODUCTS MEXICO,2026-10-01,SI,,,,NO,COMPROBADA / UTILIZADA
M-2026-012707,UTILIZADO,MARLENE MIRANDA,OPERADOR,HERRERA GONZALEZ FRANCISCO JAVIER,AMPHENOL ONANON,2026-10-01,SI,,,,NO,COMPROBADA / UTILIZADA
M-2026-012708,UTILIZADO,MARLENE MIRANDA,OPERADOR,HERRERA GONZALEZ FRANCISCO JAVIER,AMPHENOL ONANON,2026-10-02,SI,,,,NO,COMPROBADA / UTILIZADA
M-2026-012709,UTILIZADO,MARLENE MIRANDA,OPERADOR,HERRERA GONZALEZ FRANCISCO JAVIER,AMPHENOL OPTIMIZE MEXICO,2026-10-02,SI,,,,NO,COMPROBADA / UTILIZADA
M-2026-012710,UTILIZADO,MARLENE MIRANDA,OPERADOR,HERRERA GONZALEZ FRANCISCO JAVIER,AMPHENOL OPTIMIZE MEXICO,2026-10-02,SI,,,,NO,COMPROBADA / UTILIZADA
M-2026-012711,ASIGNADO_OPERADOR,MARLENE MIRANDA,OPERADOR,HERRERA GONZALEZ FRANCISCO JAVIER,,,NO,,,,NO,CON HERRERA GONZALEZ FRANCISCO JAVIER
M-2026-012712,ASIGNADO_OPERADOR,MARLENE MIRANDA,OPERADOR,HERRERA GONZALEZ FRANCISCO JAVIER,,,NO,,,,NO,CON HERRERA GONZALEZ FRANCISCO JAVIER
M-2026-012713,ASIGNADO_OPERADOR,MARLENE MIRANDA,OPERADOR,HERRERA GONZALEZ FRANCISCO JAVIER,,,NO,,,,NO,CON HERRERA GONZALEZ FRANCISCO JAVIER
M-2026-012714,UTILIZADO,MARLENE MIRANDA,OPERADOR,VALENZUELA CORDERO JOAQUIN,INTEGRATED CABLE ASSEMBLY HOLDINGS,2026-10-02,SI,,,,NO,COMPROBADA / UTILIZADA
M-2026-012715,UTILIZADO,MARLENE MIRANDA,OPERADOR,VALENZUELA CORDERO JOAQUIN,ITT ICS,2026-10-02,SI,,,,NO,COMPROBADA / UTILIZADA
M-2026-012716,UTILIZADO,MARLENE MIRANDA,OPERADOR,ORTIZ GARCIA CANDELARIO,DORMAKABA,2026-09-30,NO,,,,NO,COMPROBADA / UTILIZADA
M-2026-012717,UTILIZADO,MARLENE MIRANDA,OPERADOR,ORTIZ GARCIA CANDELARIO,DORMAKABA,2026-09-30,SI,,,,NO,COMPROBADA / UTILIZADA
M-2026-012718,UTILIZADO,MARLENE MIRANDA,OPERADOR,ARCE BARCELO LUIS RENE,ITT ICS,2026-09-30,NO,,,,NO,COMPROBADA / UTILIZADA
M-2026-012719,UTILIZADO,MARLENE MIRANDA,OPERADOR,ARCE BARCELO LUIS RENE,ITT ICS,2026-09-30,SI,,,,NO,COMPROBADA / UTILIZADA
M-2026-012720,ASIGNADO_OPERADOR,MARLENE MIRANDA,OPERADOR,ESTRADA GARCIA JAIME,,,NO,,,,NO,CON ESTRADA GARCIA JAIME
M-2026-012721,ASIGNADO_OPERADOR,MARLENE MIRANDA,OPERADOR,ESTRADA GARCIA JAIME,,,NO,,,,NO,CON ESTRADA GARCIA JAIME
M-2026-012722,ASIGNADO_OPERADOR,MARLENE MIRANDA,OPERADOR,MEDINA ARMENDARIZ LUIS ENRIQUE,,,NO,,,,NO,CON MEDINA ARMENDARIZ LUIS ENRIQUE
M-2026-012723,ASIGNADO_OPERADOR,MARLENE MIRANDA,OPERADOR,MEDINA ARMENDARIZ LUIS ENRIQUE,,,NO,,,,NO,CON MEDINA ARMENDARIZ LUIS ENRIQUE
M-2026-012724,ASIGNADO_OPERADOR,MARLENE MIRANDA,OPERADOR,MEDINA ARMENDARIZ LUIS ENRIQUE,,,NO,,,,NO,CON MEDINA ARMENDARIZ LUIS ENRIQUE
M-2026-012725,ASIGNADO_OPERADOR,MARLENE MIRANDA,OPERADOR,MEDINA ARMENDARIZ LUIS ENRIQUE,,,NO,,,,NO,CON MEDINA ARMENDARIZ LUIS ENRIQUE
M-2026-012726,ASIGNADO_OPERADOR,MARLENE MIRANDA,OPERADOR,MEDINA ARMENDARIZ LUIS ENRIQUE,,,NO,,,,NO,CON MEDINA ARMENDARIZ LUIS ENRIQUE
M-2026-012727,UTILIZADO,MARLENE MIRANDA,OPERADOR,MENDEZ URIBE JOSE SACRAMENTO,DORMAKABA,2026-10-01,SI,,,,NO,COMPROBADA / UTILIZADA
M-2026-012728,UTILIZADO,MARLENE MIRANDA,OPERADOR,MENDEZ URIBE JOSE SACRAMENTO,DORMAKABA,2026-10-01,SI,,,,NO,COMPROBADA / UTILIZADA
M-2026-012729,ASIGNADO_OPERADOR,MARLENE MIRANDA,OPERADOR,VALENZUELA VERDUZCO RICARDO,,,NO,,,,NO,CON VALENZUELA VERDUZCO RICARDO
M-2026-012730,UTILIZADO,MARLENE MIRANDA,OPERADOR,VALENZUELA VERDUZCO RICARDO,WESTMED DE MEXICO,2026-10-02,SI,,,,NO,COMPROBADA / UTILIZADA
M-2026-012731,UTILIZADO,MARLENE MIRANDA,OPERADOR,QUIÑONES ARENAS JESUS ALEJANDRO,WEISER LOCK MEXICO,2026-10-01,SI,,,,NO,COMPROBADA / UTILIZADA
M-2026-012732,UTILIZADO,MARLENE MIRANDA,OPERADOR,QUIÑONES ARENAS JESUS ALEJANDRO,WEISER LOCK MEXICO,2026-10-01,SI,,,,NO,COMPROBADA / UTILIZADA
M-2026-012733,ASIGNADO_OPERADOR,MARLENE MIRANDA,OPERADOR,QUIÑONES ARENAS JESUS ALEJANDRO,,,NO,,,,NO,CON QUIÑONES ARENAS JESUS ALEJANDRO
M-2026-012734,UTILIZADO,MARLENE MIRANDA,OPERADOR,ARCE BARCELO LUIS RENE,ITT ICS,2026-10-01,SI,,,,NO,COMPROBADA / UTILIZADA
M-2026-012735,UTILIZADO,MARLENE MIRANDA,OPERADOR,ARCE BARCELO LUIS RENE,DORMAKABA,2026-10-02,SI,,,,NO,COMPROBADA / UTILIZADA
M-2026-012736,UTILIZADO,MARLENE MIRANDA,OPERADOR,ARCE BARCELO LUIS RENE,DORMAKABA,2026-10-02,SI,,,,NO,COMPROBADA / UTILIZADA
M-2026-012737,ASIGNADO_OPERADOR,MARLENE MIRANDA,OPERADOR,ARCE BARCELO LUIS RENE,,,NO,,,,NO,CON ARCE BARCELO LUIS RENE
M-2026-012738,UTILIZADO,MARLENE MIRANDA,OPERADOR,CURIEL CARRASCO PLACIDO,WEISER LOCK MEXICO,2026-10-02,SI,,,,NO,COMPROBADA / UTILIZADA
M-2026-012739,UTILIZADO,MARLENE MIRANDA,OPERADOR,CURIEL CARRASCO PLACIDO,WEISER LOCK MEXICO,2026-10-02,SI,,,,NO,COMPROBADA / UTILIZADA
M-2026-012740,EN_CUSTODIA,MARLENE MIRANDA,,,,,NO,,,,NO,CUSTODIA: MARLENE MIRANDA
M-2026-012741,UTILIZADO,MARLENE MIRANDA,BENEFICIARIO,MARIA,HUMANSCALE,2026-10-01,SI,,,,NO,COMPROBADA / UTILIZADA
M-2026-012742,UTILIZADO,MARLENE MIRANDA,BENEFICIARIO,MARIA,EDWARDS VACCUM,2026-10-02,SI,,,,NO,COMPROBADA / UTILIZADA
M-2026-012743,EN_CUSTODIA,MARLENE MIRANDA,,,,,NO,,,,NO,CUSTODIA: MARLENE MIRANDA
M-2026-012744,UTILIZADO,MARLENE MIRANDA,BENEFICIARIO,MARIA,HUMANSCALE,2026-10-02,NO,,,,NO,COMPROBADA / UTILIZADA
M-2026-012745,EN_CUSTODIA,MARLENE MIRANDA,,,,,NO,,,,NO,CUSTODIA: MARLENE MIRANDA
M-2026-012746,EN_CUSTODIA,MARLENE MIRANDA,,,,,NO,,,,NO,CUSTODIA: MARLENE MIRANDA
M-2026-012747,EN_CUSTODIA,MARLENE MIRANDA,,,,,NO,,,,NO,CUSTODIA: MARLENE MIRANDA
M-2026-012748,EN_CUSTODIA,MARLENE MIRANDA,,,,,NO,,,,NO,CUSTODIA: MARLENE MIRANDA
M-2026-012749,EN_CUSTODIA,MARLENE MIRANDA,,,,,NO,,,,NO,CUSTODIA: MARLENE MIRANDA
M-2026-012750,ASIGNADO_OPERADOR,MARLENE MIRANDA,OPERADOR,ARCE BARCELO LUIS RENE,,,NO,,,,NO,CON ARCE BARCELO LUIS RENE
M-2026-012751,UTILIZADO,MARLENE MIRANDA,OPERADOR,GAXIOLA WAR JOEL ALFREDO,WEISER LOCK MEXICO,2026-10-03,SI,,,,NO,COMPROBADA / UTILIZADA
M-2026-012752,UTILIZADO,MARLENE MIRANDA,OPERADOR,GAXIOLA WAR JOEL ALFREDO,WEISER LOCK MEXICO,2026-10-03,SI,,,,NO,COMPROBADA / UTILIZADA
M-2026-012753,ASIGNADO_OPERADOR,MARLENE MIRANDA,OPERADOR,GAXIOLA WAR JOEL ALFREDO,,,NO,,,,NO,CON GAXIOLA WAR JOEL ALFREDO
M-2026-012754,ASIGNADO_OPERADOR,MARLENE MIRANDA,OPERADOR,PEREZ REYES JOSE GERARDO,,,NO,,,,NO,CON PEREZ REYES JOSE GERARDO
M-2026-012755,ASIGNADO_OPERADOR,MARLENE MIRANDA,OPERADOR,PEREZ REYES JOSE GERARDO,,,NO,,,,NO,CON PEREZ REYES JOSE GERARDO
M-2026-012756,ASIGNADO_OPERADOR,MARLENE MIRANDA,OPERADOR,PEREZ REYES JOSE GERARDO,,,NO,,,,NO,CON PEREZ REYES JOSE GERARDO
M-2026-012757,ASIGNADO_OPERADOR,MARLENE MIRANDA,OPERADOR,PEREZ REYES JOSE GERARDO,,,NO,,,,NO,CON PEREZ REYES JOSE GERARDO
M-2026-012758,UTILIZADO,MARLENE MIRANDA,OPERADOR,CASTRO GUZMAN SALVADOR,INTEGRATED CABLE ASSEMBLY HOLDINGS,2026-10-02,SI,,,,NO,COMPROBADA / UTILIZADA
M-2026-012759,UTILIZADO,MARLENE MIRANDA,OPERADOR,CASTRO GUZMAN SALVADOR,INTEGRATED CABLE ASSEMBLY HOLDINGS,2026-10-02,SI,,,,NO,COMPROBADA / UTILIZADA
M-2026-012760,CANCELADO,MARLENE MIRANDA,OPERADOR,CASTRO GUZMAN SALVADOR,,2026-10-03,NO,,,,NO,CANCELADA
M-2026-012761,UTILIZADO,MARLENE MIRANDA,OPERADOR,SOTO CORRAL SERGIO,AMPHENOL OPTIMIZE MEXICO,2026-10-02,SI,,,,NO,COMPROBADA / UTILIZADA
M-2026-012762,UTILIZADO,MARLENE MIRANDA,OPERADOR,SOTO CORRAL SERGIO,AMPHENOL OPTIMIZE MEXICO,2026-10-02,SI,,,,NO,COMPROBADA / UTILIZADA
M-2026-012763,UTILIZADO,MARLENE MIRANDA,OPERADOR,SOTO CORRAL SERGIO,AMPHENOL OPTIMIZE MEXICO,2026-10-02,SI,,,,NO,COMPROBADA / UTILIZADA
M-2026-012764,UTILIZADO,MARLENE MIRANDA,OPERADOR,SOTO CORRAL SERGIO,PRODUCTOS PARA EL CUIDADO DE LA SALUD,2026-10-02,SI,,,,NO,COMPROBADA / UTILIZADA
M-2026-012765,ASIGNADO_OPERADOR,MARLENE MIRANDA,OPERADOR,ARCE BARCELO LUIS RENE,,,NO,,,,NO,CON ARCE BARCELO LUIS RENE
M-2026-012766,ASIGNADO_OPERADOR,MARLENE MIRANDA,OPERADOR,ARCE BARCELO LUIS RENE,,,NO,,,,NO,CON ARCE BARCELO LUIS RENE
M-2026-012767,ASIGNADO_OPERADOR,MARLENE MIRANDA,OPERADOR,ARCE BARCELO LUIS RENE,,,NO,,,,NO,CON ARCE BARCELO LUIS RENE
M-2026-012768,EN_CUSTODIA,MARLENE MIRANDA,,,,,NO,,,,NO,CUSTODIA: MARLENE MIRANDA
M-2026-012769,EN_CUSTODIA,MARLENE MIRANDA,,,,,NO,,,,NO,CUSTODIA: MARLENE MIRANDA
M-2026-012770,EN_CUSTODIA,MARLENE MIRANDA,,,,,NO,,,,NO,CUSTODIA: MARLENE MIRANDA
M-2026-012771,EN_CUSTODIA,MARLENE MIRANDA,,,,,NO,,,,NO,CUSTODIA: MARLENE MIRANDA
M-2026-012772,EN_CUSTODIA,MARLENE MIRANDA,,,,,NO,,,,NO,CUSTODIA: MARLENE MIRANDA
M-2026-012773,EN_CUSTODIA,MARLENE MIRANDA,,,,,NO,,,,NO,CUSTODIA: MARLENE MIRANDA
M-2026-012774,EN_CUSTODIA,MARLENE MIRANDA,,,,,NO,,,,NO,CUSTODIA: MARLENE MIRANDA
M-2026-012775,EN_CUSTODIA,MARLENE MIRANDA,,,,,NO,,,,NO,CUSTODIA: MARLENE MIRANDA
M-2026-012776,EN_CUSTODIA,MARLENE MIRANDA,,,,,NO,,,,NO,CUSTODIA: MARLENE MIRANDA
M-2026-012777,EN_CUSTODIA,MARLENE MIRANDA,,,,,NO,,,,NO,CUSTODIA: MARLENE MIRANDA
M-2026-012778,EN_CUSTODIA,MARLENE MIRANDA,,,,,NO,,,,NO,CUSTODIA: MARLENE MIRANDA
M-2026-012779,EN_CUSTODIA,MARLENE MIRANDA,,,,,NO,,,,NO,CUSTODIA: MARLENE MIRANDA
M-2026-012780,EN_CUSTODIA,MARLENE MIRANDA,,,,,NO,,,,NO,CUSTODIA: MARLENE MIRANDA
M-2026-012781,NUEVO,,,,,,NO,,,,NO,NUEVO
M-2026-012782,NUEVO,,,,,,NO,,,,NO,NUEVO
M-2026-012783,NUEVO,,,,,,NO,,,,NO,NUEVO
M-2026-012784,NUEVO,,,,,,NO,,,,NO,NUEVO
M-2026-012785,NUEVO,,,,,,NO,,,,NO,NUEVO
M-2026-012786,NUEVO,,,,,,NO,,,,NO,NUEVO
M-2026-012787,NUEVO,,,,,,NO,,,,NO,NUEVO
M-2026-012788,NUEVO,,,,,,NO,,,,NO,NUEVO
M-2026-012789,NUEVO,,,,,,NO,,,,NO,NUEVO
M-2026-012790,NUEVO,,,,,,NO,,,,NO,NUEVO
M-2026-012791,NUEVO,,,,,,NO,,,,NO,NUEVO
M-2026-012792,NUEVO,,,,,,NO,,,,NO,NUEVO
M-2026-012793,NUEVO,,,,,,NO,,,,NO,NUEVO
M-2026-012794,NUEVO,,,,,,NO,,,,NO,NUEVO
M-2026-012795,NUEVO,,,,,,NO,,,,NO,NUEVO
M-2026-012796,NUEVO,,,,,,NO,,,,NO,NUEVO
M-2026-012797,NUEVO,,,,,,NO,,,,NO,NUEVO
M-2026-012798,NUEVO,,,,,,NO,,,,NO,NUEVO
M-2026-012799,NUEVO,,,,,,NO,,,,NO,NUEVO
M-2026-012800,NUEVO,,,,,,NO,,,,NO,NUEVO
M-2026-012801,NUEVO,,,,,,NO,,,,NO,NUEVO
M-2026-012802,NUEVO,,,,,,NO,,,,NO,NUEVO
M-2026-012803,NUEVO,,,,,,NO,,,,NO,NUEVO
M-2026-012804,NUEVO,,,,,,NO,,,,NO,NUEVO
M-2026-012805,NUEVO,,,,,,NO,,,,NO,NUEVO
M-2026-012806,NUEVO,,,,,,NO,,,,NO,NUEVO
M-2026-012807,NUEVO,,,,,,NO,,,,NO,NUEVO
M-2026-012808,NUEVO,,,,,,NO,,,,NO,NUEVO
M-2026-012809,NUEVO,,,,,,NO,,,,NO,NUEVO
M-2026-012810,NUEVO,,,,,,NO,,,,NO,NUEVO
M-2026-012811,NUEVO,,,,,,NO,,,,NO,NUEVO
M-2026-012812,NUEVO,,,,,,NO,,,,NO,NUEVO
M-2026-012813,NUEVO,,,,,,NO,,,,NO,NUEVO
M-2026-012814,NUEVO,,,,,,NO,,,,NO,NUEVO
M-2026-012815,NUEVO,,,,,,NO,,,,NO,NUEVO
M-2026-012816,NUEVO,,,,,,NO,,,,NO,NUEVO
M-2026-012817,NUEVO,,,,,,NO,,,,NO,NUEVO
M-2026-012818,NUEVO,,,,,,NO,,,,NO,NUEVO
M-2026-012819,NUEVO,,,,,,NO,,,,NO,NUEVO
M-2026-012820,NUEVO,,,,,,NO,,,,NO,NUEVO
M-2026-012821,NUEVO,,,,,,NO,,,,NO,NUEVO
M-2026-012822,NUEVO,,,,,,NO,,,,NO,NUEVO
M-2026-012823,NUEVO,,,,,,NO,,,,NO,NUEVO
M-2026-012824,NUEVO,,,,,,NO,,,,NO,NUEVO
M-2026-012825,NUEVO,,,,,,NO,,,,NO,NUEVO
M-2026-012826,NUEVO,,,,,,NO,,,,NO,NUEVO
M-2026-012827,NUEVO,,,,,,NO,,,,NO,NUEVO
M-2026-012828,NUEVO,,,,,,NO,,,,NO,NUEVO
M-2026-012829,NUEVO,,,,,,NO,,,,NO,NUEVO
M-2026-012830,NUEVO,,,,,,NO,,,,NO,NUEVO
M-2026-012831,NUEVO,,,,,,NO,,,,NO,NUEVO
M-2026-012832,NUEVO,,,,,,NO,,,,NO,NUEVO
M-2026-012833,NUEVO,,,,,,NO,,,,NO,NUEVO
M-2026-012834,NUEVO,,,,,,NO,,,,NO,NUEVO
M-2026-012835,NUEVO,,,,,,NO,,,,NO,NUEVO
M-2026-012836,NUEVO,,,,,,NO,,,,NO,NUEVO
M-2026-012837,NUEVO,,,,,,NO,,,,NO,NUEVO
M-2026-012838,NUEVO,,,,,,NO,,,,NO,NUEVO
M-2026-012839,NUEVO,,,,,,NO,,,,NO,NUEVO
M-2026-012840,NUEVO,,,,,,NO,,,,NO,NUEVO
M-2026-012841,NUEVO,,,,,,NO,,,,NO,NUEVO
M-2026-012842,NUEVO,,,,,,NO,,,,NO,NUEVO
M-2026-012843,NUEVO,,,,,,NO,,,,NO,NUEVO
M-2026-012844,NUEVO,,,,,,NO,,,,NO,NUEVO
M-2026-012845,NUEVO,,,,,,NO,,,,NO,NUEVO
M-2026-012846,NUEVO,,,,,,NO,,,,NO,NUEVO
M-2026-012847,NUEVO,,,,,,NO,,,,NO,NUEVO
M-2026-012848,NUEVO,,,,,,NO,,,,NO,NUEVO
M-2026-012849,NUEVO,,,,,,NO,,,,NO,NUEVO
M-2026-012850,NUEVO,,,,,,NO,,,,NO,NUEVO
M-2026-012851,NUEVO,,,,,,NO,,,,NO,NUEVO
M-2026-012852,NUEVO,,,,,,NO,,,,NO,NUEVO
M-2026-012853,NUEVO,,,,,,NO,,,,NO,NUEVO
M-2026-012854,NUEVO,,,,,,NO,,,,NO,NUEVO
M-2026-012855,NUEVO,,,,,,NO,,,,NO,NUEVO
M-2026-012856,NUEVO,,,,,,NO,,,,NO,NUEVO
M-2026-012857,NUEVO,,,,,,NO,,,,NO,NUEVO
M-2026-012858,NUEVO,,,,,,NO,,,,NO,NUEVO
M-2026-012859,NUEVO,,,,,,NO,,,,NO,NUEVO
M-2026-012860,NUEVO,,,,,,NO,,,,NO,NUEVO
M-2026-012861,NUEVO,,,,,,NO,,,,NO,NUEVO
M-2026-012862,NUEVO,,,,,,NO,,,,NO,NUEVO
M-2026-012863,NUEVO,,,,,,NO,,,,NO,NUEVO
M-2026-012864,NUEVO,,,,,,NO,,,,NO,NUEVO
M-2026-012865,NUEVO,,,,,,NO,,,,NO,NUEVO
M-2026-012866,NUEVO,,,,,,NO,,,,NO,NUEVO
M-2026-012867,NUEVO,,,,,,NO,,,,NO,NUEVO
M-2026-012868,NUEVO,,,,,,NO,,,,NO,NUEVO
M-2026-012869,NUEVO,,,,,,NO,,,,NO,NUEVO
M-2026-012870,NUEVO,,,,,,NO,,,,NO,NUEVO
M-2026-012871,NUEVO,,,,,,NO,,,,NO,NUEVO
M-2026-012872,NUEVO,,,,,,NO,,,,NO,NUEVO
M-2026-012873,NUEVO,,,,,,NO,,,,NO,NUEVO
M-2026-012874,NUEVO,,,,,,NO,,,,NO,NUEVO
M-2026-012875,NUEVO,,,,,,NO,,,,NO,NUEVO
M-2026-012876,NUEVO,,,,,,NO,,,,NO,NUEVO
M-2026-012877,NUEVO,,,,,,NO,,,,NO,NUEVO
M-2026-012878,NUEVO,,,,,,NO,,,,NO,NUEVO
M-2026-012879,NUEVO,,,,,,NO,,,,NO,NUEVO
M-2026-012880,NUEVO,,,,,,NO,,,,NO,NUEVO
M-2026-012881,NUEVO,,,,,,NO,,,,NO,NUEVO
M-2026-012882,NUEVO,,,,,,NO,,,,NO,NUEVO
M-2026-012883,NUEVO,,,,,,NO,,,,NO,NUEVO
M-2026-012884,NUEVO,,,,,,NO,,,,NO,NUEVO
M-2026-012885,NUEVO,,,,,,NO,,,,NO,NUEVO
M-2026-012886,NUEVO,,,,,,NO,,,,NO,NUEVO
M-2026-012887,NUEVO,,,,,,NO,,,,NO,NUEVO
M-2026-012888,NUEVO,,,,,,NO,,,,NO,NUEVO
M-2026-012889,NUEVO,,,,,,NO,,,,NO,NUEVO
M-2026-012890,NUEVO,,,,,,NO,,,,NO,NUEVO
M-2026-012891,NUEVO,,,,,,NO,,,,NO,NUEVO
M-2026-012892,NUEVO,,,,,,NO,,,,NO,NUEVO
M-2026-012893,NUEVO,,,,,,NO,,,,NO,NUEVO
M-2026-012894,NUEVO,,,,,,NO,,,,NO,NUEVO
M-2026-012895,NUEVO,,,,,,NO,,,,NO,NUEVO
M-2026-012896,NUEVO,,,,,,NO,,,,NO,NUEVO
M-2026-012897,NUEVO,,,,,,NO,,,,NO,NUEVO
M-2026-012898,NUEVO,,,,,,NO,,,,NO,NUEVO
M-2026-012899,NUEVO,,,,,,NO,,,,NO,NUEVO
M-2026-012900,NUEVO,,,,,,NO,,,,NO,NUEVO
M-2026-012901,NUEVO,,,,,,NO,,,,NO,NUEVO
M-2026-012902,NUEVO,,,,,,NO,,,,NO,NUEVO
M-2026-012903,NUEVO,,,,,,NO,,,,NO,NUEVO
M-2026-012904,NUEVO,,,,,,NO,,,,NO,NUEVO
M-2026-012905,NUEVO,,,,,,NO,,,,NO,NUEVO
M-2026-012906,NUEVO,,,,,,NO,,,,NO,NUEVO
M-2026-012907,NUEVO,,,,,,NO,,,,NO,NUEVO
M-2026-012908,NUEVO,,,,,,NO,,,,NO,NUEVO
M-2026-012909,NUEVO,,,,,,NO,,,,NO,NUEVO
M-2026-012910,NUEVO,,,,,,NO,,,,NO,NUEVO
M-2026-012911,NUEVO,,,,,,NO,,,,NO,NUEVO
M-2026-012912,NUEVO,,,,,,NO,,,,NO,NUEVO
M-2026-012913,NUEVO,,,,,,NO,,,,NO,NUEVO
M-2026-012914,NUEVO,,,,,,NO,,,,NO,NUEVO
M-2026-012915,NUEVO,,,,,,NO,,,,NO,NUEVO
M-2026-012916,NUEVO,,,,,,NO,,,,NO,NUEVO
M-2026-012917,NUEVO,,,,,,NO,,,,NO,NUEVO
M-2026-012918,NUEVO,,,,,,NO,,,,NO,NUEVO
M-2026-012919,NUEVO,,,,,,NO,,,,NO,NUEVO
M-2026-012920,NUEVO,,,,,,NO,,,,NO,NUEVO
M-2026-012921,NUEVO,,,,,,NO,,,,NO,NUEVO
M-2026-012922,NUEVO,,,,,,NO,,,,NO,NUEVO
M-2026-012923,NUEVO,,,,,,NO,,,,NO,NUEVO
M-2026-012924,NUEVO,,,,,,NO,,,,NO,NUEVO
M-2026-012925,NUEVO,,,,,,NO,,,,NO,NUEVO
M-2026-012926,NUEVO,,,,,,NO,,,,NO,NUEVO
M-2026-012927,NUEVO,,,,,,NO,,,,NO,NUEVO
M-2026-012928,NUEVO,,,,,,NO,,,,NO,NUEVO
M-2026-012929,NUEVO,,,,,,NO,,,,NO,NUEVO
M-2026-012930,NUEVO,,,,,,NO,,,,NO,NUEVO
M-2026-012931,NUEVO,,,,,,NO,,,,NO,NUEVO
M-2026-012932,NUEVO,,,,,,NO,,,,NO,NUEVO
M-2026-012933,NUEVO,,,,,,NO,,,,NO,NUEVO
M-2026-012934,NUEVO,,,,,,NO,,,,NO,NUEVO
M-2026-012935,NUEVO,,,,,,NO,,,,NO,NUEVO
M-2026-012936,NUEVO,,,,,,NO,,,,NO,NUEVO
M-2026-012937,NUEVO,,,,,,NO,,,,NO,NUEVO
M-2026-012938,NUEVO,,,,,,NO,,,,NO,NUEVO
M-2026-012939,NUEVO,,,,,,NO,,,,NO,NUEVO
M-2026-012940,NUEVO,,,,,,NO,,,,NO,NUEVO
M-2026-012941,NUEVO,,,,,,NO,,,,NO,NUEVO
M-2026-012942,NUEVO,,,,,,NO,,,,NO,NUEVO
M-2026-012943,NUEVO,,,,,,NO,,,,NO,NUEVO
M-2026-012944,NUEVO,,,,,,NO,,,,NO,NUEVO
M-2026-012945,NUEVO,,,,,,NO,,,,NO,NUEVO
M-2026-012946,NUEVO,,,,,,NO,,,,NO,NUEVO
M-2026-012947,NUEVO,,,,,,NO,,,,NO,NUEVO
M-2026-012948,NUEVO,,,,,,NO,,,,NO,NUEVO
M-2026-012949,NUEVO,,,,,,NO,,,,NO,NUEVO
M-2026-012950,NUEVO,,,,,,NO,,,,NO,NUEVO
M-2026-012951,NUEVO,,,,,,NO,,,,NO,NUEVO
M-2026-012952,NUEVO,,,,,,NO,,,,NO,NUEVO
M-2026-012953,NUEVO,,,,,,NO,,,,NO,NUEVO
M-2026-012954,NUEVO,,,,,,NO,,,,NO,NUEVO
M-2026-012955,NUEVO,,,,,,NO,,,,NO,NUEVO
M-2026-012956,NUEVO,,,,,,NO,,,,NO,NUEVO
M-2026-012957,NUEVO,,,,,,NO,,,,NO,NUEVO
M-2026-012958,NUEVO,,,,,,NO,,,,NO,NUEVO
M-2026-012959,NUEVO,,,,,,NO,,,,NO,NUEVO
M-2026-012960,NUEVO,,,,,,NO,,,,NO,NUEVO
M-2026-012961,NUEVO,,,,,,NO,,,,NO,NUEVO
M-2026-012962,NUEVO,,,,,,NO,,,,NO,NUEVO
M-2026-012963,NUEVO,,,,,,NO,,,,NO,NUEVO
M-2026-012964,NUEVO,,,,,,NO,,,,NO,NUEVO
M-2026-012965,NUEVO,,,,,,NO,,,,NO,NUEVO
M-2026-012966,NUEVO,,,,,,NO,,,,NO,NUEVO
M-2026-012967,NUEVO,,,,,,NO,,,,NO,NUEVO
M-2026-012968,NUEVO,,,,,,NO,,,,NO,NUEVO
M-2026-012969,NUEVO,,,,,,NO,,,,NO,NUEVO
M-2026-012970,NUEVO,,,,,,NO,,,,NO,NUEVO
M-2026-012971,NUEVO,,,,,,NO,,,,NO,NUEVO
M-2026-012972,NUEVO,,,,,,NO,,,,NO,NUEVO
M-2026-012973,NUEVO,,,,,,NO,,,,NO,NUEVO
M-2026-012974,NUEVO,,,,,,NO,,,,NO,NUEVO
M-2026-012975,NUEVO,,,,,,NO,,,,NO,NUEVO
M-2026-012976,NUEVO,,,,,,NO,,,,NO,NUEVO
M-2026-012977,NUEVO,,,,,,NO,,,,NO,NUEVO
M-2026-012978,NUEVO,,,,,,NO,,,,NO,NUEVO
M-2026-012979,NUEVO,,,,,,NO,,,,NO,NUEVO
M-2026-012980,NUEVO,,,,,,NO,,,,NO,NUEVO
M-2026-012981,NUEVO,,,,,,NO,,,,NO,NUEVO
M-2026-012982,NUEVO,,,,,,NO,,,,NO,NUEVO
M-2026-012983,NUEVO,,,,,,NO,,,,NO,NUEVO
M-2026-012984,NUEVO,,,,,,NO,,,,NO,NUEVO
M-2026-012985,NUEVO,,,,,,NO,,,,NO,NUEVO
M-2026-012986,NUEVO,,,,,,NO,,,,NO,NUEVO
M-2026-012987,NUEVO,,,,,,NO,,,,NO,NUEVO
M-2026-012988,NUEVO,,,,,,NO,,,,NO,NUEVO
M-2026-012989,NUEVO,,,,,,NO,,,,NO,NUEVO
M-2026-012990,NUEVO,,,,,,NO,,,,NO,NUEVO
M-2026-012991,NUEVO,,,,,,NO,,,,NO,NUEVO
M-2026-012992,NUEVO,,,,,,NO,,,,NO,NUEVO
M-2026-012993,NUEVO,,,,,,NO,,,,NO,NUEVO
M-2026-012994,NUEVO,,,,,,NO,,,,NO,NUEVO
M-2026-012995,NUEVO,,,,,,NO,,,,NO,NUEVO
M-2026-012996,NUEVO,,,,,,NO,,,,NO,NUEVO
M-2026-012997,NUEVO,,,,,,NO,,,,NO,NUEVO
M-2026-012998,NUEVO,,,,,,NO,,,,NO,NUEVO
M-2026-012999,NUEVO,,,,,,NO,,,,NO,NUEVO
M-2026-013000,NUEVO,,,,,,NO,,,,NO,NUEVO
M-2026-013001,ASIGNADO_OPERADOR,MARLENE MIRANDA,OPERADOR,ARCE BARCELO LUIS RENE,,,NO,,,,NO,CON ARCE BARCELO LUIS RENE
M-2026-013002,ASIGNADO_OPERADOR,MARLENE MIRANDA,OPERADOR,INZUNZA MONTOYA NOEL,,,NO,,,,NO,CON INZUNZA MONTOYA NOEL
M-2026-013003,ASIGNADO_OPERADOR,MARLENE MIRANDA,OPERADOR,INZUNZA MONTOYA NOEL,,,NO,,,,NO,CON INZUNZA MONTOYA NOEL
M-2026-013004,UTILIZADO,MARLENE MIRANDA,OPERADOR,CURIEL CARRASCO PLACIDO,WEISER LOCK MEXICO,2026-10-02,SI,,,,NO,COMPROBADA / UTILIZADA
M-2026-013005,UTILIZADO,MARLENE MIRANDA,OPERADOR,LEAL IBAL JOSE LUIS,EDWARDS VACCUM,2026-10-02,SI,,,,NO,COMPROBADA / UTILIZADA
M-2026-013006,UTILIZADO,MARLENE MIRANDA,OPERADOR,LEAL IBAL JOSE LUIS,EDWARDS VACCUM,2026-10-02,SI,,,,NO,COMPROBADA / UTILIZADA
M-2026-013007,ASIGNADO_OPERADOR,MARLENE MIRANDA,OPERADOR,LEAL IBAL JOSE LUIS,,,NO,,,,NO,CON LEAL IBAL JOSE LUIS
M-2026-013008,UTILIZADO,MARLENE MIRANDA,OPERADOR,ORTIZ GARCIA CANDELARIO,PRODUCTOS PARA EL CUIDADO DE LA SALUD,2026-10-02,SI,,,,NO,COMPROBADA / UTILIZADA
M-2026-013009,ASIGNADO_OPERADOR,MARLENE MIRANDA,OPERADOR,ORTIZ GARCIA CANDELARIO,,,NO,,,,NO,CON ORTIZ GARCIA CANDELARIO
M-2026-013010,ASIGNADO_OPERADOR,MARLENE MIRANDA,OPERADOR,ORTIZ GARCIA CANDELARIO,,,NO,,,,NO,CON ORTIZ GARCIA CANDELARIO
M-2026-013011,UTILIZADO,MARLENE MIRANDA,OPERADOR,PEREZ REYES JOSE GERARDO,EDWARDS VACCUM,2026-10-01,SI,,,,NO,COMPROBADA / UTILIZADA
M-2026-013012,UTILIZADO,MARLENE MIRANDA,OPERADOR,PEREZ REYES JOSE GERARDO,EDWARDS VACCUM,2026-10-01,SI,,,,NO,COMPROBADA / UTILIZADA
M-2026-013013,UTILIZADO,MARLENE MIRANDA,OPERADOR,PEREZ REYES JOSE GERARDO,EDWARDS VACCUM,2026-10-01,SI,,,,NO,COMPROBADA / UTILIZADA
M-2026-013014,ASIGNADO_OPERADOR,MARLENE MIRANDA,OPERADOR,MARQUEZ ROMERO OMAR HORACIO,,,NO,,,,NO,CON MARQUEZ ROMERO OMAR HORACIO
M-2026-013015,ASIGNADO_OPERADOR,MARLENE MIRANDA,OPERADOR,MARQUEZ ROMERO OMAR HORACIO,,,NO,,,,NO,CON MARQUEZ ROMERO OMAR HORACIO
M-2026-013016,UTILIZADO,MARLENE MIRANDA,OPERADOR,GAXIOLA WAR JOEL ALFREDO,WEISER LOCK MEXICO,2026-10-02,SI,,,,NO,COMPROBADA / UTILIZADA
M-2026-013017,UTILIZADO,MARLENE MIRANDA,OPERADOR,GAXIOLA WAR JOEL ALFREDO,WEISER LOCK MEXICO,2026-10-02,SI,,,,NO,COMPROBADA / UTILIZADA
M-2026-013018,UTILIZADO,MARLENE MIRANDA,OPERADOR,GAXIOLA WAR JOEL ALFREDO,WEISER LOCK MEXICO,2026-10-02,SI,,,,NO,COMPROBADA / UTILIZADA
M-2026-013019,UTILIZADO,MARLENE MIRANDA,OPERADOR,HERNANDEZ ARIAS HUGO,WESTMED DE MEXICO,2026-10-02,SI,,,,NO,COMPROBADA / UTILIZADA
M-2026-013020,ASIGNADO_OPERADOR,MARLENE MIRANDA,OPERADOR,HERNANDEZ ARIAS HUGO,,,NO,,,,NO,CON HERNANDEZ ARIAS HUGO
M-2026-013021,NUEVO,,,,,,NO,,,,NO,NUEVO
M-2026-013022,NUEVO,,,,,,NO,,,,NO,NUEVO
M-2026-013023,NUEVO,,,,,,NO,,,,NO,NUEVO
M-2026-013024,NUEVO,,,,,,NO,,,,NO,NUEVO
M-2026-013025,NUEVO,,,,,,NO,,,,NO,NUEVO
M-2026-013026,NUEVO,,,,,,NO,,,,NO,NUEVO
M-2026-013027,NUEVO,,,,,,NO,,,,NO,NUEVO
M-2026-013028,NUEVO,,,,,,NO,,,,NO,NUEVO
M-2026-013029,NUEVO,,,,,,NO,,,,NO,NUEVO
M-2026-013030,NUEVO,,,,,,NO,,,,NO,NUEVO
M-2026-013031,NUEVO,,,,,,NO,,,,NO,NUEVO
M-2026-013032,NUEVO,,,,,,NO,,,,NO,NUEVO
M-2026-013033,NUEVO,,,,,,NO,,,,NO,NUEVO
M-2026-013034,NUEVO,,,,,,NO,,,,NO,NUEVO
M-2026-013035,NUEVO,,,,,,NO,,,,NO,NUEVO
M-2026-013036,NUEVO,,,,,,NO,,,,NO,NUEVO
M-2026-013037,NUEVO,,,,,,NO,,,,NO,NUEVO
M-2026-013038,NUEVO,,,,,,NO,,,,NO,NUEVO
M-2026-013039,NUEVO,,,,,,NO,,,,NO,NUEVO
M-2026-013040,NUEVO,,,,,,NO,,,,NO,NUEVO
M-2026-013041,NUEVO,,,,,,NO,,,,NO,NUEVO
M-2026-013042,NUEVO,,,,,,NO,,,,NO,NUEVO
M-2026-013043,NUEVO,,,,,,NO,,,,NO,NUEVO
M-2026-013044,NUEVO,,,,,,NO,,,,NO,NUEVO
M-2026-013045,NUEVO,,,,,,NO,,,,NO,NUEVO
M-2026-013046,NUEVO,,,,,,NO,,,,NO,NUEVO
M-2026-013047,NUEVO,,,,,,NO,,,,NO,NUEVO
M-2026-013048,NUEVO,,,,,,NO,,,,NO,NUEVO
M-2026-013049,NUEVO,,,,,,NO,,,,NO,NUEVO
M-2026-013050,NUEVO,,,,,,NO,,,,NO,NUEVO
M-2026-013051,NUEVO,,,,,,NO,,,,NO,NUEVO
M-2026-013052,NUEVO,,,,,,NO,,,,NO,NUEVO
M-2026-013053,NUEVO,,,,,,NO,,,,NO,NUEVO
M-2026-013054,NUEVO,,,,,,NO,,,,NO,NUEVO
M-2026-013055,NUEVO,,,,,,NO,,,,NO,NUEVO
M-2026-013056,NUEVO,,,,,,NO,,,,NO,NUEVO
M-2026-013057,NUEVO,,,,,,NO,,,,NO,NUEVO
M-2026-013058,NUEVO,,,,,,NO,,,,NO,NUEVO
M-2026-013059,NUEVO,,,,,,NO,,,,NO,NUEVO
M-2026-013060,NUEVO,,,,,,NO,,,,NO,NUEVO
M-2026-013061,NUEVO,,,,,,NO,,,,NO,NUEVO
M-2026-013062,NUEVO,,,,,,NO,,,,NO,NUEVO
M-2026-013063,NUEVO,,,,,,NO,,,,NO,NUEVO
M-2026-013064,NUEVO,,,,,,NO,,,,NO,NUEVO
M-2026-013065,NUEVO,,,,,,NO,,,,NO,NUEVO
M-2026-013066,NUEVO,,,,,,NO,,,,NO,NUEVO
M-2026-013067,NUEVO,,,,,,NO,,,,NO,NUEVO
M-2026-013068,NUEVO,,,,,,NO,,,,NO,NUEVO
M-2026-013069,NUEVO,,,,,,NO,,,,NO,NUEVO
M-2026-013070,NUEVO,,,,,,NO,,,,NO,NUEVO
M-2026-013071,NUEVO,,,,,,NO,,,,NO,NUEVO
M-2026-013072,NUEVO,,,,,,NO,,,,NO,NUEVO
M-2026-013073,NUEVO,,,,,,NO,,,,NO,NUEVO
M-2026-013074,NUEVO,,,,,,NO,,,,NO,NUEVO
M-2026-013075,NUEVO,,,,,,NO,,,,NO,NUEVO
M-2026-013076,NUEVO,,,,,,NO,,,,NO,NUEVO
M-2026-013077,NUEVO,,,,,,NO,,,,NO,NUEVO
M-2026-013078,NUEVO,,,,,,NO,,,,NO,NUEVO
M-2026-013079,NUEVO,,,,,,NO,,,,NO,NUEVO
M-2026-013080,NUEVO,,,,,,NO,,,,NO,NUEVO
M-2026-013081,NUEVO,,,,,,NO,,,,NO,NUEVO
M-2026-013082,NUEVO,,,,,,NO,,,,NO,NUEVO
M-2026-013083,NUEVO,,,,,,NO,,,,NO,NUEVO
M-2026-013084,NUEVO,,,,,,NO,,,,NO,NUEVO
M-2026-013085,NUEVO,,,,,,NO,,,,NO,NUEVO
M-2026-013086,NUEVO,,,,,,NO,,,,NO,NUEVO
M-2026-013087,NUEVO,,,,,,NO,,,,NO,NUEVO
M-2026-013088,NUEVO,,,,,,NO,,,,NO,NUEVO
M-2026-013089,NUEVO,,,,,,NO,,,,NO,NUEVO
M-2026-013090,NUEVO,,,,,,NO,,,,NO,NUEVO
M-2026-013091,NUEVO,,,,,,NO,,,,NO,NUEVO
M-2026-013092,NUEVO,,,,,,NO,,,,NO,NUEVO
M-2026-013093,NUEVO,,,,,,NO,,,,NO,NUEVO
M-2026-013094,NUEVO,,,,,,NO,,,,NO,NUEVO
M-2026-013095,NUEVO,,,,,,NO,,,,NO,NUEVO
M-2026-013096,NUEVO,,,,,,NO,,,,NO,NUEVO
M-2026-013097,NUEVO,,,,,,NO,,,,NO,NUEVO
M-2026-013098,NUEVO,,,,,,NO,,,,NO,NUEVO
M-2026-013099,NUEVO,,,,,,NO,,,,NO,NUEVO
M-2026-013100,NUEVO,,,,,,NO,,,,NO,NUEVO
M-2026-013101,NUEVO,,,,,,NO,,,,NO,NUEVO
M-2026-013102,NUEVO,,,,,,NO,,,,NO,NUEVO
M-2026-013103,NUEVO,,,,,,NO,,,,NO,NUEVO
M-2026-013104,NUEVO,,,,,,NO,,,,NO,NUEVO
M-2026-013105,NUEVO,,,,,,NO,,,,NO,NUEVO
M-2026-013106,NUEVO,,,,,,NO,,,,NO,NUEVO
M-2026-013107,NUEVO,,,,,,NO,,,,NO,NUEVO
M-2026-013108,NUEVO,,,,,,NO,,,,NO,NUEVO
M-2026-013109,NUEVO,,,,,,NO,,,,NO,NUEVO
M-2026-013110,NUEVO,,,,,,NO,,,,NO,NUEVO
M-2026-013111,NUEVO,,,,,,NO,,,,NO,NUEVO
M-2026-013112,NUEVO,,,,,,NO,,,,NO,NUEVO
M-2026-013113,NUEVO,,,,,,NO,,,,NO,NUEVO
M-2026-013114,NUEVO,,,,,,NO,,,,NO,NUEVO
M-2026-013115,NUEVO,,,,,,NO,,,,NO,NUEVO
M-2026-013116,NUEVO,,,,,,NO,,,,NO,NUEVO
M-2026-013117,NUEVO,,,,,,NO,,,,NO,NUEVO
M-2026-013118,NUEVO,,,,,,NO,,,,NO,NUEVO
M-2026-013119,NUEVO,,,,,,NO,,,,NO,NUEVO
M-2026-013120,NUEVO,,,,,,NO,,,,NO,NUEVO
M-2026-013121,NUEVO,,,,,,NO,,,,NO,NUEVO
M-2026-013122,NUEVO,,,,,,NO,,,,NO,NUEVO
M-2026-013123,NUEVO,,,,,,NO,,,,NO,NUEVO
M-2026-013124,NUEVO,,,,,,NO,,,,NO,NUEVO
M-2026-013125,NUEVO,,,,,,NO,,,,NO,NUEVO
M-2026-013126,NUEVO,,,,,,NO,,,,NO,NUEVO
M-2026-013127,NUEVO,,,,,,NO,,,,NO,NUEVO
M-2026-013128,NUEVO,,,,,,NO,,,,NO,NUEVO
M-2026-013129,NUEVO,,,,,,NO,,,,NO,NUEVO
M-2026-013130,NUEVO,,,,,,NO,,,,NO,NUEVO
M-2026-013131,NUEVO,,,,,,NO,,,,NO,NUEVO
M-2026-013132,NUEVO,,,,,,NO,,,,NO,NUEVO
M-2026-013133,NUEVO,,,,,,NO,,,,NO,NUEVO
M-2026-013134,NUEVO,,,,,,NO,,,,NO,NUEVO
M-2026-013135,NUEVO,,,,,,NO,,,,NO,NUEVO
M-2026-013136,NUEVO,,,,,,NO,,,,NO,NUEVO
M-2026-013137,NUEVO,,,,,,NO,,,,NO,NUEVO
M-2026-013138,NUEVO,,,,,,NO,,,,NO,NUEVO
M-2026-013139,NUEVO,,,,,,NO,,,,NO,NUEVO
M-2026-013140,NUEVO,,,,,,NO,,,,NO,NUEVO
M-2026-013141,NUEVO,,,,,,NO,,,,NO,NUEVO
M-2026-013142,NUEVO,,,,,,NO,,,,NO,NUEVO
M-2026-013143,NUEVO,,,,,,NO,,,,NO,NUEVO
M-2026-013144,NUEVO,,,,,,NO,,,,NO,NUEVO
M-2026-013145,NUEVO,,,,,,NO,,,,NO,NUEVO
M-2026-013146,NUEVO,,,,,,NO,,,,NO,NUEVO
M-2026-013147,NUEVO,,,,,,NO,,,,NO,NUEVO
M-2026-013148,NUEVO,,,,,,NO,,,,NO,NUEVO
M-2026-013149,NUEVO,,,,,,NO,,,,NO,NUEVO
M-2026-013150,NUEVO,,,,,,NO,,,,NO,NUEVO
M-2026-013151,NUEVO,,,,,,NO,,,,NO,NUEVO
M-2026-013152,NUEVO,,,,,,NO,,,,NO,NUEVO
M-2026-013153,NUEVO,,,,,,NO,,,,NO,NUEVO
M-2026-013154,NUEVO,,,,,,NO,,,,NO,NUEVO
M-2026-013155,NUEVO,,,,,,NO,,,,NO,NUEVO
M-2026-013156,NUEVO,,,,,,NO,,,,NO,NUEVO
M-2026-013157,NUEVO,,,,,,NO,,,,NO,NUEVO
M-2026-013158,NUEVO,,,,,,NO,,,,NO,NUEVO
M-2026-013159,NUEVO,,,,,,NO,,,,NO,NUEVO
M-2026-013160,NUEVO,,,,,,NO,,,,NO,NUEVO
M-2026-013161,NUEVO,,,,,,NO,,,,NO,NUEVO
M-2026-013162,NUEVO,,,,,,NO,,,,NO,NUEVO
M-2026-013163,NUEVO,,,,,,NO,,,,NO,NUEVO
M-2026-013164,NUEVO,,,,,,NO,,,,NO,NUEVO
M-2026-013165,NUEVO,,,,,,NO,,,,NO,NUEVO
M-2026-013166,NUEVO,,,,,,NO,,,,NO,NUEVO
M-2026-013167,NUEVO,,,,,,NO,,,,NO,NUEVO
M-2026-013168,NUEVO,,,,,,NO,,,,NO,NUEVO
M-2026-013169,NUEVO,,,,,,NO,,,,NO,NUEVO
M-2026-013170,NUEVO,,,,,,NO,,,,NO,NUEVO
M-2026-013171,NUEVO,,,,,,NO,,,,NO,NUEVO
M-2026-013172,NUEVO,,,,,,NO,,,,NO,NUEVO
M-2026-013173,NUEVO,,,,,,NO,,,,NO,NUEVO
M-2026-013174,NUEVO,,,,,,NO,,,,NO,NUEVO
M-2026-013175,NUEVO,,,,,,NO,,,,NO,NUEVO
M-2026-013176,NUEVO,,,,,,NO,,,,NO,NUEVO
M-2026-013177,NUEVO,,,,,,NO,,,,NO,NUEVO
M-2026-013178,NUEVO,,,,,,NO,,,,NO,NUEVO
M-2026-013179,NUEVO,,,,,,NO,,,,NO,NUEVO
M-2026-013180,NUEVO,,,,,,NO,,,,NO,NUEVO
M-2026-013181,NUEVO,,,,,,NO,,,,NO,NUEVO
M-2026-013182,NUEVO,,,,,,NO,,,,NO,NUEVO
M-2026-013183,NUEVO,,,,,,NO,,,,NO,NUEVO
M-2026-013184,NUEVO,,,,,,NO,,,,NO,NUEVO
M-2026-013185,NUEVO,,,,,,NO,,,,NO,NUEVO
M-2026-013186,NUEVO,,,,,,NO,,,,NO,NUEVO
M-2026-013187,NUEVO,,,,,,NO,,,,NO,NUEVO
M-2026-013188,NUEVO,,,,,,NO,,,,NO,NUEVO
M-2026-013189,NUEVO,,,,,,NO,,,,NO,NUEVO
M-2026-013190,NUEVO,,,,,,NO,,,,NO,NUEVO
M-2026-013191,NUEVO,,,,,,NO,,,,NO,NUEVO
M-2026-013192,NUEVO,,,,,,NO,,,,NO,NUEVO
M-2026-013193,NUEVO,,,,,,NO,,,,NO,NUEVO
M-2026-013194,NUEVO,,,,,,NO,,,,NO,NUEVO
M-2026-013195,NUEVO,,,,,,NO,,,,NO,NUEVO
M-2026-013196,NUEVO,,,,,,NO,,,,NO,NUEVO
M-2026-013197,NUEVO,,,,,,NO,,,,NO,NUEVO
M-2026-013198,NUEVO,,,,,,NO,,,,NO,NUEVO
M-2026-013199,NUEVO,,,,,,NO,,,,NO,NUEVO
M-2026-013200,NUEVO,,,,,,NO,,,,NO,NUEVO
M-2026-11572,UTILIZADO,MARLENE MIRANDA,OPERADOR,LUNA ANDRADE DANIEL,ABB ELECTRICAL,2026-09-25,SI,,,,NO,COMPROBADA / UTILIZADA
M-2026-11617,UTILIZADO,MARLENE MIRANDA,OPERADOR,GAXIOLA WAR JOEL ALFREDO,EDWARDS VACCUM,2026-10-02,SI,,,,NO,COMPROBADA / UTILIZADA
M-2026-11634,UTILIZADO,MARLENE MIRANDA,OPERADOR,GAXIOLA WAR JOEL ALFREDO,EDWARDS VACCUM,2026-09-30,SI,,,,NO,COMPROBADA / UTILIZADA
M-2026-11676-1,UTILIZADO,MARLENE MIRANDA,OPERADOR,VALLES PARRA FRANCISCO,WEISER LOCK MEXICO,2026-09-25,SI,PRO-20261001-WEISER-LOCK-MEXICO-160852,PENDIENTE_FACTURAR,,NO,COMPROBADA / UTILIZADA
M-2026-11753-1,UTILIZADO,MARLENE MIRANDA,OPERADOR,SOTO CORRAL SERGIO,WEISER LOCK MEXICO,2026-09-23,SI,PRO-20261001-WEISER-LOCK-MEXICO-160852,PENDIENTE_FACTURAR,,NO,COMPROBADA / UTILIZADA
M-2026-12150-1,UTILIZADO,MARLENE MIRANDA,OPERADOR,ARCE BARCELO LUIS RENE,WEISER LOCK MEXICO,2026-09-24,SI,PRO-20261001-WEISER-LOCK-MEXICO-160852,PENDIENTE_FACTURAR,,NO,COMPROBADA / UTILIZADA
M-2026-12150-2,UTILIZADO,MARLENE MIRANDA,OPERADOR,ARCE BARCELO LUIS RENE,WEISER LOCK MEXICO,2026-09-24,SI,PRO-20261001-WEISER-LOCK-MEXICO-160852,PENDIENTE_FACTURAR,,NO,COMPROBADA / UTILIZADA
M-2026-12150-3,UTILIZADO,MARLENE MIRANDA,OPERADOR,ARCE BARCELO LUIS RENE,WEISER LOCK MEXICO,2026-09-24,SI,PRO-20261001-WEISER-LOCK-MEXICO-160852,PENDIENTE_FACTURAR,,NO,COMPROBADA / UTILIZADA
M-2026-12519-1,UTILIZADO,MARLENE MIRANDA,OPERADOR,ORNELAS MANJARREZ JESUS EMILIO,DORMAKABA,2026-09-26,SI,PRO-20261001-DORMAKABA-144753,FACTURADA,FLB 13143,SI,COMPROBADA / UTILIZADA
M-2026-12731-1,UTILIZADO,MARLENE MIRANDA,OPERADOR,QUIÑONES ARENAS JESUS ALEJANDRO,WEISER LOCK MEXICO,2026-10-01,SI,,,,NO,COMPROBADA / UTILIZADA
M-2026-12732-1,UTILIZADO,MARLENE MIRANDA,OPERADOR,QUIÑONES ARENAS JESUS ALEJANDRO,WEISER LOCK MEXICO,2026-10-01,SI,,,,NO,COMPROBADA / UTILIZADA
SPF-2026-000603,UTILIZADO,MARLENE MIRANDA,OPERADOR,CAMPOY ISLAS ALFONSO,WEISER LOCK MEXICO,2026-09-23,SI,,,,NO,COMPROBADA / UTILIZADA
SPF-2026-000647,UTILIZADO,MARLENE MIRANDA,OPERADOR,VIZCARRA AMEZCUA BLADIMID,NORTH AMERICAN INTERCONNECT,2026-09-24,SI,,,,NO,COMPROBADA / UTILIZADA
SPF-2026-000972,UTILIZADO,MARLENE MIRANDA,OPERADOR,CAMPOY ISLAS ALFONSO,WEISER LOCK MEXICO,2026-09-24,SI,,,,NO,COMPROBADA / UTILIZADA
SPF-2026-001036,UTILIZADO,MARLENE MIRANDA,OPERADOR,JOSE LUIS ARIAS,NORTH AMERICAN INTERCONNECT,2026-09-24,NO,,,,NO,COMPROBADA / UTILIZADA
SPF-2026-001207,UTILIZADO,MARLENE MIRANDA,OPERADOR,HERNANDEZ ARIAS HUGO,WESTMED DE MEXICO,2026-09-24,SI,,,,NO,COMPROBADA / UTILIZADA
SPF-2026-001261,UTILIZADO,MARLENE MIRANDA,OPERADOR,CAMPOY ISLAS ALFONSO,WEISER LOCK MEXICO,2026-09-29,SI,,,,NO,COMPROBADA / UTILIZADA
SPF-2026-001326,UTILIZADO,MARLENE MIRANDA,OPERADOR,ORNELAS MANJARREZ JESUS EMILIO,AMPHENOL OPTIMIZE MEXICO,2026-09-23,NO,,,,NO,COMPROBADA / UTILIZADA
SPF-2026-001330,UTILIZADO,MARLENE MIRANDA,OPERADOR,ORNELAS MANJARREZ JESUS EMILIO,AMPHENOL OPTIMIZE MEXICO,2026-09-24,NO,,,,NO,COMPROBADA / UTILIZADA
SPF-2026-001331,UTILIZADO,MARLENE MIRANDA,OPERADOR,VERDUGO GALVEZ MARTIN,WEISER LOCK MEXICO,2026-09-24,SI,,,,NO,COMPROBADA / UTILIZADA
SPF-2026-001357,UTILIZADO,MARLENE MIRANDA,OPERADOR,ORNELAS MANJARREZ JESUS EMILIO,AMPHENOL ONANON,2026-10-02,SI,,,,NO,COMPROBADA / UTILIZADA
SPF-2026-001360,UTILIZADO,MARLENE MIRANDA,OPERADOR,YRISSONT GUILLERMARD AGUSTIN,WEISER LOCK MEXICO,2026-09-25,SI,,,,NO,COMPROBADA / UTILIZADA
SPF-2026-001365,UTILIZADO,MARLENE MIRANDA,OPERADOR,YRISSONT GUILLERMARD AGUSTIN,WEISER LOCK MEXICO,2026-09-25,SI,,,,NO,COMPROBADA / UTILIZADA
SPF-2026-001401,UTILIZADO,MARLENE MIRANDA,OPERADOR,CASTELLANOS ROSAS CESAR ANDREI,AMPHENOL OPTIMIZE MEXICO,2026-09-25,NO,,,,NO,COMPROBADA / UTILIZADA
SPF-2026-001407,UTILIZADO,MARLENE MIRANDA,OPERADOR,VERDUGO GALVEZ MARTIN,WEISER LOCK MEXICO,2026-09-25,SI,,,,NO,COMPROBADA / UTILIZADA
SPF-2026-001481,UTILIZADO,MARLENE MIRANDA,OPERADOR,ORNELAS MANJARREZ JESUS EMILIO,WESTMED DE MEXICO,2026-10-01,SI,,,,NO,COMPROBADA / UTILIZADA
SPF-2026-001501,UTILIZADO,MARLENE MIRANDA,OPERADOR,YRISSONT GUILLERMARD AGUSTIN,AMPHENOL ALDEN PRODUCTS MEXICO,2026-09-19,NO,PRO-20260923-AMPHENOL-ALDEN-PRODUCTS-MEXICO-234521,PENDIENTE_FACTURAR,,NO,COMPROBADA / UTILIZADA
SPF-2026-001503,UTILIZADO,MARLENE MIRANDA,OPERADOR,CIENFUEGOS GOCHAR RENATO ALONSO,AVENT,2026-09-21,SI,,,,NO,COMPROBADA / UTILIZADA
SPF-2026-001504,UTILIZADO,MARLENE MIRANDA,OPERADOR,LUNA ANDRADE DANIEL,DORMAKABA,2026-09-21,SI,,,,NO,COMPROBADA / UTILIZADA
SPF-2026-001507,UTILIZADO,MARLENE MIRANDA,OPERADOR,ORNELAS MANJARREZ JESUS EMILIO,WESTMED DE MEXICO,2026-09-30,SI,,,,NO,COMPROBADA / UTILIZADA
SPF-2026-001508,UTILIZADO,MARLENE MIRANDA,OPERADOR,PEREZ REYES JOSE GERARDO,WESTMED DE MEXICO,2026-09-21,NO,,,,NO,COMPROBADA / UTILIZADA
SPF-2026-001509,ASIGNADO_OPERADOR,MARLENE MIRANDA,OPERADOR,ISIS,,,NO,,,,NO,CON ISIS
SPF-2026-001510,UTILIZADO,MARLENE MIRANDA,OPERADOR,ISIS,ITT ICS,2026-09-30,SI,,,,NO,COMPROBADA / UTILIZADA
SPF-2026-001511,EN_CUSTODIA,MARLENE MIRANDA,,,,,NO,,,,NO,CUSTODIA: MARLENE MIRANDA
SPF-2026-001512,UTILIZADO,MARLENE MIRANDA,OPERADOR,CAMPOY ISLAS ALFONSO,WEISER LOCK MEXICO,2026-09-21,NO,,,,NO,COMPROBADA / UTILIZADA
SPF-2026-001513,UTILIZADO,MARLENE MIRANDA,OPERADOR,CAMPOY ISLAS ALFONSO,WEISER LOCK MEXICO,2026-09-22,NO,,,,NO,COMPROBADA / UTILIZADA
SPF-2026-001514,EN_CUSTODIA,MARLENE MIRANDA,,,,,NO,,,,NO,CUSTODIA: MARLENE MIRANDA
SPF-2026-001515,UTILIZADO,MARLENE MIRANDA,OPERADOR,RUIZ MOROYOQUI MIGUEL ANGEL,WESTMED DE MEXICO,2026-09-21,SI,,,,NO,COMPROBADA / UTILIZADA
SPF-2026-001516,UTILIZADO,MARLENE MIRANDA,OPERADOR,JOSE LUIS ARIAS,AMPHENOL ALDEN PRODUCTS MEXICO,2026-09-23,SI,,,,NO,COMPROBADA / UTILIZADA
SPF-2026-001517,EN_CUSTODIA,MARLENE MIRANDA,,,,,NO,,,,NO,CUSTODIA: MARLENE MIRANDA
SPF-2026-001518,UTILIZADO,MARLENE MIRANDA,OPERADOR,LOPEZ VALENCIA ALEJANDRO,ITT CT,2026-09-24,SI,,,,NO,COMPROBADA / UTILIZADA
SPF-2026-001519,EN_CUSTODIA,MARLENE MIRANDA,,,,,NO,,,,NO,CUSTODIA: MARLENE MIRANDA
SPF-2026-001520,UTILIZADO,MARLENE MIRANDA,OPERADOR,RUIZ MOROYOQUI MIGUEL ANGEL,WEISER LOCK MEXICO,2026-09-28,SI,,,,NO,COMPROBADA / UTILIZADA
SPF-2026-001521,UTILIZADO,MARLENE MIRANDA,OPERADOR,RUIZ MOROYOQUI MIGUEL ANGEL,AVENT,2026-09-28,SI,,,,NO,COMPROBADA / UTILIZADA
SPF-2026-001522,EN_CUSTODIA,MARLENE MIRANDA,,,,,NO,,,,NO,CUSTODIA: MARLENE MIRANDA
SPF-2026-001523,UTILIZADO,MARLENE MIRANDA,OPERADOR,MARQUEZ ROMERO OMAR HORACIO,AMPHENOL ALDEN PRODUCTS MEXICO,2026-09-25,SI,,,,NO,COMPROBADA / UTILIZADA
SPF-2026-001524,EN_CUSTODIA,MARLENE MIRANDA,,,,,NO,,,,NO,CUSTODIA: MARLENE MIRANDA
SPF-2026-001525,UTILIZADO,MARLENE MIRANDA,OPERADOR,ORNELAS MANJARREZ JESUS EMILIO,AMPHENOL OPTIMIZE MEXICO,2026-09-23,SI,,,,NO,COMPROBADA / UTILIZADA
SPF-2026-001526,EN_CUSTODIA,MARLENE MIRANDA,,,,,NO,,,,NO,CUSTODIA: MARLENE MIRANDA
SPF-2026-001527,UTILIZADO,MARLENE MIRANDA,OPERADOR,DE LA CRUZ TAUTIMES MARTIN,DORMAKABA,2026-09-22,SI,,,,NO,COMPROBADA / UTILIZADA
SPF-2026-001528,EN_CUSTODIA,MARLENE MIRANDA,,,,,NO,,,,NO,CUSTODIA: MARLENE MIRANDA
SPF-2026-001529,EN_CUSTODIA,MARLENE MIRANDA,,,,,NO,,,,NO,CUSTODIA: MARLENE MIRANDA
SPF-2026-001530,UTILIZADO,MARLENE MIRANDA,OPERADOR,YRISSONT GUILLERMARD AGUSTIN,WEISER LOCK MEXICO,2026-09-22,SI,,,,NO,COMPROBADA / UTILIZADA
SPF-2026-001531,UTILIZADO,MARLENE MIRANDA,OPERADOR,YRISSONT GUILLERMARD AGUSTIN,WEISER LOCK MEXICO,2026-09-23,SI,,,,NO,COMPROBADA / UTILIZADA
SPF-2026-001532,UTILIZADO,MARLENE MIRANDA,OPERADOR,PADILLA ORTIZ RAUL FRANCISCO,WEISER LOCK MEXICO,2026-09-23,NO,,,,NO,COMPROBADA / UTILIZADA
SPF-2026-001533,EN_CUSTODIA,MARLENE MIRANDA,,,,,NO,,,,NO,CUSTODIA: MARLENE MIRANDA
SPF-2026-001534,EN_CUSTODIA,MARLENE MIRANDA,,,,,NO,,,,NO,CUSTODIA: MARLENE MIRANDA
SPF-2026-001535,EN_CUSTODIA,MARLENE MIRANDA,,,,,NO,,,,NO,CUSTODIA: MARLENE MIRANDA
SPF-2026-001536,EN_CUSTODIA,MARLENE MIRANDA,,,,,NO,,,,NO,CUSTODIA: MARLENE MIRANDA
SPF-2026-001537,EN_CUSTODIA,MARLENE MIRANDA,,,,,NO,,,,NO,CUSTODIA: MARLENE MIRANDA
SPF-2026-001538,UTILIZADO,MARLENE MIRANDA,OPERADOR,ANTUNA SIRAYTARE CESAR ULISES,AMPHENOL ALDEN PRODUCTS MEXICO,2026-09-24,SI,,,,NO,COMPROBADA / UTILIZADA
SPF-2026-001539,UTILIZADO,MARLENE MIRANDA,OPERADOR,CIENFUEGOS GOCHAR RENATO ALONSO,AVENT,2026-09-24,SI,,,,NO,COMPROBADA / UTILIZADA
SPF-2026-001540,UTILIZADO,MARLENE MIRANDA,OPERADOR,CIENFUEGOS GOCHAR RENATO ALONSO,AVENT,2026-09-25,SI,,,,NO,COMPROBADA / UTILIZADA
SPF-2026-001541,UTILIZADO,MARLENE MIRANDA,OPERADOR,VIZCARRA AMEZCUA BLADIMID,NORTH AMERICAN INTERCONNECT,2026-09-25,SI,,,,NO,COMPROBADA / UTILIZADA
SPF-2026-001542,UTILIZADO,MARLENE MIRANDA,OPERADOR,CAMPOY ISLAS ALFONSO,WESTMED DE MEXICO,2026-09-25,SI,,,,NO,COMPROBADA / UTILIZADA
SPF-2026-001543,UTILIZADO,MARLENE MIRANDA,OPERADOR,CAMPOY ISLAS ALFONSO,AMPHENOL ALDEN PRODUCTS MEXICO,2026-09-26,SI,,,,NO,COMPROBADA / UTILIZADA
SPF-2026-001546,ASIGNADO_OPERADOR,MARLENE MIRANDA,OPERADOR,CAMPOY ISLAS ALFONSO,,,NO,,,,NO,CON CAMPOY ISLAS ALFONSO
SPF-2026-001549,UTILIZADO,MARLENE MIRANDA,OPERADOR,ANTUNA SIRAYTARE CESAR ULISES,AMPHENOL AHPS,2026-09-28,SI,,,,NO,COMPROBADA / UTILIZADA
SPF-2026-001550,ASIGNADO_OPERADOR,MARLENE MIRANDA,OPERADOR,ANTUNA SIRAYTARE CESAR ULISES,,,NO,,,,NO,CON ANTUNA SIRAYTARE CESAR ULISES
SPF-2026-001551,UTILIZADO,MARLENE MIRANDA,OPERADOR,YRISSONT GUILLERMARD AGUSTIN,AMPHENOL OPTIMIZE MEXICO,2026-09-28,SI,,,,NO,COMPROBADA / UTILIZADA
SPF-2026-001552,UTILIZADO,MARLENE MIRANDA,OPERADOR,YRISSONT GUILLERMARD AGUSTIN,AMPHENOL SAA,2026-09-28,SI,,,,NO,COMPROBADA / UTILIZADA
SPF-2026-001553,UTILIZADO,MARLENE MIRANDA,OPERADOR,MOLINA CORONADO IVAN,WESTMED DE MEXICO,2026-09-28,SI,,,,NO,COMPROBADA / UTILIZADA
SPF-2026-001554,EN_CUSTODIA,MARLENE MIRANDA,,,,,NO,,,,NO,CUSTODIA: MARLENE MIRANDA
SPF-2026-001555,UTILIZADO,MARLENE MIRANDA,OPERADOR,LUNA ANDRADE DANIEL,AMPHENOL OPTIMIZE MEXICO,2026-09-29,SI,,,,NO,COMPROBADA / UTILIZADA
SPF-2026-001556,UTILIZADO,MARLENE MIRANDA,OPERADOR,RUIZ MOROYOQUI MIGUEL ANGEL,WESTMED DE MEXICO,2026-09-28,SI,,,,NO,COMPROBADA / UTILIZADA
SPF-2026-001557,UTILIZADO,MARLENE MIRANDA,OPERADOR,DE LA CRUZ TAUTIMES MARTIN,AMPHENOL SAA,2026-09-28,NO,,,,NO,COMPROBADA / UTILIZADA
SPF-2026-001558,EN_CUSTODIA,MARLENE MIRANDA,,,,,NO,,,,NO,CUSTODIA: MARLENE MIRANDA
SPF-2026-001559,UTILIZADO,MARLENE MIRANDA,OPERADOR,RUIZ MOROYOQUI MIGUEL ANGEL,AVENT,2026-09-30,SI,,,,NO,COMPROBADA / UTILIZADA
SPF-2026-001560,UTILIZADO,MARLENE MIRANDA,OPERADOR,VERDUGO GALVEZ MARTIN,WEISER LOCK MEXICO,2026-09-29,SI,,,,NO,COMPROBADA / UTILIZADA
SPF-2026-001561,UTILIZADO,MARLENE MIRANDA,OPERADOR,TORRES GARCIA CRISTOBAL IVAN,WEISER LOCK MEXICO,2026-09-28,SI,,,,NO,COMPROBADA / UTILIZADA
SPF-2026-001562,UTILIZADO,MARLENE MIRANDA,OPERADOR,TORRES GARCIA CRISTOBAL IVAN,WEISER LOCK MEXICO,2026-09-29,SI,,,,NO,COMPROBADA / UTILIZADA
SPF-2026-001563,UTILIZADO,MARLENE MIRANDA,OPERADOR,RUIZ MOROYOQUI MIGUEL ANGEL,ITT ICS,2026-10-01,SI,,,,NO,COMPROBADA / UTILIZADA
SPF-2026-001564,EN_CUSTODIA,MARLENE MIRANDA,,,,,NO,,,,NO,CUSTODIA: MARLENE MIRANDA
SPF-2026-001565,EN_CUSTODIA,MARLENE MIRANDA,,,,,NO,,,,NO,CUSTODIA: MARLENE MIRANDA
SPF-2026-001566,EN_CUSTODIA,MARLENE MIRANDA,,,,,NO,,,,NO,CUSTODIA: MARLENE MIRANDA
SPF-2026-001567,UTILIZADO,MARLENE MIRANDA,OPERADOR,LOPEZ VALENCIA ALEJANDRO,AMPHENOL ONANON,2026-09-30,SI,,,,NO,COMPROBADA / UTILIZADA
SPF-2026-001568,EN_CUSTODIA,MARLENE MIRANDA,,,,,NO,,,,NO,CUSTODIA: MARLENE MIRANDA
SPF-2026-001569,UTILIZADO,MARLENE MIRANDA,OPERADOR,CAMPOY ISLAS ALFONSO,WEISER LOCK MEXICO,2026-09-29,SI,,,,NO,COMPROBADA / UTILIZADA
SPF-2026-001570,UTILIZADO,MARLENE MIRANDA,OPERADOR,CAMPOY ISLAS ALFONSO,WEISER LOCK MEXICO,2026-09-30,SI,,,,NO,COMPROBADA / UTILIZADA
SPF-2026-001571,UTILIZADO,MARLENE MIRANDA,OPERADOR,YRISSONT GUILLERMARD AGUSTIN,NORTH AMERICAN INTERCONNECT,2026-09-29,SI,,,,NO,COMPROBADA / UTILIZADA
SPF-2026-001572,UTILIZADO,MARLENE MIRANDA,OPERADOR,MOLINA CORONADO IVAN,WEISER LOCK MEXICO,2026-09-30,SI,,,,NO,COMPROBADA / UTILIZADA
SPF-2026-001573,UTILIZADO,MARLENE MIRANDA,OPERADOR,ANTUNA SIRAYTARE CESAR ULISES,NORTH AMERICAN INTERCONNECT,2026-09-28,SI,,,,NO,COMPROBADA / UTILIZADA
SPF-2026-001574,UTILIZADO,MARLENE MIRANDA,OPERADOR,ANTUNA SIRAYTARE CESAR ULISES,NORTH AMERICAN INTERCONNECT,2026-09-30,SI,,,,NO,COMPROBADA / UTILIZADA
SPF-2026-001575,UTILIZADO,MARLENE MIRANDA,OPERADOR,TORRES GARCIA CRISTOBAL IVAN,WEISER LOCK MEXICO,2026-09-30,SI,,,,NO,COMPROBADA / UTILIZADA
SPF-2026-001576,UTILIZADO,MARLENE MIRANDA,OPERADOR,TORRES GARCIA CRISTOBAL IVAN,WEISER LOCK MEXICO,2026-10-01,SI,,,,NO,COMPROBADA / UTILIZADA
SPF-2026-001577,UTILIZADO,MARLENE MIRANDA,OPERADOR,YRISSONT GUILLERMARD AGUSTIN,DORMAKABA,2026-09-30,SI,,,,NO,COMPROBADA / UTILIZADA
SPF-2026-001578,UTILIZADO,MARLENE MIRANDA,OPERADOR,YRISSONT GUILLERMARD AGUSTIN,DORMAKABA,2026-10-01,SI,,,,NO,COMPROBADA / UTILIZADA
SPF-2026-001579,EN_CUSTODIA,MARLENE MIRANDA,,,,,NO,,,,NO,CUSTODIA: MARLENE MIRANDA
SPF-2026-001580,EN_CUSTODIA,MARLENE MIRANDA,,,,,NO,,,,NO,CUSTODIA: MARLENE MIRANDA
SPF-2026-001581,EN_CUSTODIA,MARLENE MIRANDA,,,,,NO,,,,NO,CUSTODIA: MARLENE MIRANDA
SPF-2026-001582,EN_CUSTODIA,MARLENE MIRANDA,,,,,NO,,,,NO,CUSTODIA: MARLENE MIRANDA
SPF-2026-001583,UTILIZADO,MARLENE MIRANDA,OPERADOR,VERDUGO GALVEZ MARTIN,MTD CONSUMER PRODUCTS MEXICO,2026-10-01,SI,,,,NO,COMPROBADA / UTILIZADA
SPF-2026-001584,UTILIZADO,MARLENE MIRANDA,OPERADOR,MOLINA CORONADO IVAN,ITT ICS,2026-10-01,NO,,,,NO,COMPROBADA / UTILIZADA
SPF-2026-001585,UTILIZADO,MARLENE MIRANDA,OPERADOR,MOLINA CORONADO IVAN,ITT ICS,2026-10-02,SI,,,,NO,COMPROBADA / UTILIZADA
SPF-2026-001586,EN_CUSTODIA,MARLENE MIRANDA,,,,,NO,,,,NO,CUSTODIA: MARLENE MIRANDA
SPF-2026-001587,EN_CUSTODIA,MARLENE MIRANDA,,,,,NO,,,,NO,CUSTODIA: MARLENE MIRANDA
SPF-2026-001588,EN_CUSTODIA,MARLENE MIRANDA,,,,,NO,,,,NO,CUSTODIA: MARLENE MIRANDA
SPF-2026-001589,EN_CUSTODIA,MARLENE MIRANDA,,,,,NO,,,,NO,CUSTODIA: MARLENE MIRANDA
SPF-2026-001590,EN_CUSTODIA,MARLENE MIRANDA,,,,,NO,,,,NO,CUSTODIA: MARLENE MIRANDA
SPF-2026-001591,EN_CUSTODIA,MARLENE MIRANDA,,,,,NO,,,,NO,CUSTODIA: MARLENE MIRANDA
SPF-2026-001592,EN_CUSTODIA,MARLENE MIRANDA,,,,,NO,,,,NO,CUSTODIA: MARLENE MIRANDA
SPF-2026-001593,EN_CUSTODIA,MARLENE MIRANDA,,,,,NO,,,,NO,CUSTODIA: MARLENE MIRANDA
SPF-2026-001594,EN_CUSTODIA,MARLENE MIRANDA,,,,,NO,,,,NO,CUSTODIA: MARLENE MIRANDA
SPF-2026-001595,EN_CUSTODIA,MARLENE MIRANDA,,,,,NO,,,,NO,CUSTODIA: MARLENE MIRANDA
SPF-2026-001596,EN_CUSTODIA,MARLENE MIRANDA,,,,,NO,,,,NO,CUSTODIA: MARLENE MIRANDA
SPF-2026-001597,UTILIZADO,MARLENE MIRANDA,OPERADOR,MOLINA CORONADO IVAN,DORMAKABA,2026-10-03,SI,,,,NO,COMPROBADA / UTILIZADA
SPF-2026-001598,EN_CUSTODIA,MARLENE MIRANDA,,,,,NO,,,,NO,CUSTODIA: MARLENE MIRANDA
SPF-2026-001599,NUEVO,,,,,,NO,,,,NO,NUEVO
SPF-2026-001600,NUEVO,,,,,,NO,,,,NO,NUEVO
SPF-2026-001601,NUEVO,,,,,,NO,,,,NO,NUEVO
SPF-2026-001602,NUEVO,,,,,,NO,,,,NO,NUEVO
SPF-2026-001603,NUEVO,,,,,,NO,,,,NO,NUEVO
SPF-2026-001604,NUEVO,,,,,,NO,,,,NO,NUEVO
SPF-2026-001605,NUEVO,,,,,,NO,,,,NO,NUEVO
SPF-2026-001606,NUEVO,,,,,,NO,,,,NO,NUEVO
SPF-2026-001607,NUEVO,,,,,,NO,,,,NO,NUEVO
SPF-2026-001608,NUEVO,,,,,,NO,,,,NO,NUEVO
SPF-2026-001609,NUEVO,,,,,,NO,,,,NO,NUEVO
SPF-2026-001610,NUEVO,,,,,,NO,,,,NO,NUEVO
SPF-2026-001611,NUEVO,,,,,,NO,,,,NO,NUEVO
SPF-2026-001612,NUEVO,,,,,,NO,,,,NO,NUEVO
SPF-2026-001613,NUEVO,,,,,,NO,,,,NO,NUEVO
SPF-2026-001614,NUEVO,,,,,,NO,,,,NO,NUEVO
SPF-2026-001615,NUEVO,,,,,,NO,,,,NO,NUEVO
SPF-2026-001616,NUEVO,,,,,,NO,,,,NO,NUEVO
SPF-2026-001617,NUEVO,,,,,,NO,,,,NO,NUEVO
SPF-2026-001618,NUEVO,,,,,,NO,,,,NO,NUEVO
SPF-2026-001619,NUEVO,,,,,,NO,,,,NO,NUEVO
SPF-2026-001620,NUEVO,,,,,,NO,,,,NO,NUEVO
SPF-2026-001621,NUEVO,,,,,,NO,,,,NO,NUEVO
SPF-2026-001622,NUEVO,,,,,,NO,,,,NO,NUEVO
SPF-2026-001623,NUEVO,,,,,,NO,,,,NO,NUEVO
SPF-2026-001624,NUEVO,,,,,,NO,,,,NO,NUEVO
SPF-2026-001625,NUEVO,,,,,,NO,,,,NO,NUEVO
SPF-2026-001626,NUEVO,,,,,,NO,,,,NO,NUEVO
SPF-2026-001627,NUEVO,,,,,,NO,,,,NO,NUEVO
SPF-2026-001628,NUEVO,,,,,,NO,,,,NO,NUEVO
SPF-2026-001629,NUEVO,,,,,,NO,,,,NO,NUEVO
SPF-2026-001630,NUEVO,,,,,,NO,,,,NO,NUEVO
SPF-2026-001631,NUEVO,,,,,,NO,,,,NO,NUEVO
SPF-2026-001632,NUEVO,,,,,,NO,,,,NO,NUEVO
SPF-2026-001633,NUEVO,,,,,,NO,,,,NO,NUEVO
SPF-2026-001634,NUEVO,,,,,,NO,,,,NO,NUEVO
SPF-2026-001635,NUEVO,,,,,,NO,,,,NO,NUEVO
SPF-2026-001636,NUEVO,,,,,,NO,,,,NO,NUEVO
SPF-2026-001637,NUEVO,,,,,,NO,,,,NO,NUEVO
SPF-2026-001638,NUEVO,,,,,,NO,,,,NO,NUEVO
SPF-2026-001639,NUEVO,,,,,,NO,,,,NO,NUEVO
SPF-2026-001640,NUEVO,,,,,,NO,,,,NO,NUEVO
SPF-2026-001641,NUEVO,,,,,,NO,,,,NO,NUEVO
SPF-2026-001642,NUEVO,,,,,,NO,,,,NO,NUEVO
SPF-2026-001643,NUEVO,,,,,,NO,,,,NO,NUEVO
SPF-2026-001644,NUEVO,,,,,,NO,,,,NO,NUEVO
SPF-2026-001645,NUEVO,,,,,,NO,,,,NO,NUEVO
SPF-2026-001646,NUEVO,,,,,,NO,,,,NO,NUEVO
SPF-2026-001647,NUEVO,,,,,,NO,,,,NO,NUEVO
SPF-2026-001648,NUEVO,,,,,,NO,,,,NO,NUEVO
SPF-2026-001649,NUEVO,,,,,,NO,,,,NO,NUEVO
SPF-2026-001650,NUEVO,,,,,,NO,,,,NO,NUEVO
SPF-2026-001651,NUEVO,,,,,,NO,,,,NO,NUEVO
SPF-2026-001652,NUEVO,,,,,,NO,,,,NO,NUEVO
SPF-2026-001653,NUEVO,,,,,,NO,,,,NO,NUEVO
SPF-2026-001654,NUEVO,,,,,,NO,,,,NO,NUEVO
SPF-2026-001655,NUEVO,,,,,,NO,,,,NO,NUEVO
SPF-2026-001656,NUEVO,,,,,,NO,,,,NO,NUEVO
SPF-2026-001657,NUEVO,,,,,,NO,,,,NO,NUEVO
SPF-2026-001658,NUEVO,,,,,,NO,,,,NO,NUEVO
SPF-2026-001659,NUEVO,,,,,,NO,,,,NO,NUEVO
SPF-2026-001660,NUEVO,,,,,,NO,,,,NO,NUEVO
SPF-2026-001661,NUEVO,,,,,,NO,,,,NO,NUEVO
SPF-2026-001662,NUEVO,,,,,,NO,,,,NO,NUEVO
SPF-2026-001663,NUEVO,,,,,,NO,,,,NO,NUEVO
SPF-2026-001664,NUEVO,,,,,,NO,,,,NO,NUEVO
SPF-2026-001665,NUEVO,,,,,,NO,,,,NO,NUEVO
SPF-2026-001666,NUEVO,,,,,,NO,,,,NO,NUEVO
SPF-2026-001667,NUEVO,,,,,,NO,,,,NO,NUEVO
SPF-2026-001668,NUEVO,,,,,,NO,,,,NO,NUEVO
SPF-2026-001669,NUEVO,,,,,,NO,,,,NO,NUEVO
SPF-2026-001670,NUEVO,,,,,,NO,,,,NO,NUEVO
SPF-2026-001671,NUEVO,,,,,,NO,,,,NO,NUEVO
SPF-2026-001672,NUEVO,,,,,,NO,,,,NO,NUEVO
SPF-2026-001673,NUEVO,,,,,,NO,,,,NO,NUEVO
SPF-2026-001674,NUEVO,,,,,,NO,,,,NO,NUEVO
SPF-2026-001675,NUEVO,,,,,,NO,,,,NO,NUEVO
SPF-2026-001676,NUEVO,,,,,,NO,,,,NO,NUEVO
SPF-2026-001677,NUEVO,,,,,,NO,,,,NO,NUEVO
SPF-2026-001678,NUEVO,,,,,,NO,,,,NO,NUEVO
